GEOID20,PWSID,Tract_Km,Tract_I_Km,Area_Weight,Pop20_AW,Tract_Buildings,Tract_O_Buildings,Bldg_Weight,Pop20_BW
34001000200,NJ0102001,0.523371,0.4876649236641818,0.9317767389942924,2699,597.0,596,0.998324958123953,2892.0
34001000200,NJ0122001,0.523371,3.377513900748454e-06,6.4533837387789035e-06,0,597.0,0,0.0,0.0
34001000300,NJ0102001,0.365553,0.3419088268975738,0.935319439035034,3767,404.0,403,0.9975247524752476,4017.0
34001000400,NJ0102001,0.676905,0.5977911946914423,0.8831242119521089,2864,276.0,270,0.9782608695652174,3172.0
34001000500,NJ0102001,0.273704,0.2706057119487178,0.9886801506325,2978,394.0,394,1.0,3012.0
34001001100,NJ0102001,0.2894,0.2432783155002605,0.8406299775406378,1699,179.0,176,0.9832402234636872,1987.0
34001001200,NJ0102001,1.191458,0.8525268729184364,0.7155324593216349,2028,705.0,690,0.9787234042553192,2774.0
34001001300,NJ0103001,16.929573,0.0033164909107498,0.00019589926519410027,0,682.0,4,0.0058651026392961,11.0
34001001400,NJ0102001,1.962732,0.6413205052659919,0.3267488914767742,1270,537.0,485,0.9031657355679702,3511.0
34001001500,NJ0102001,0.300087,0.2670054300519813,0.8897600697530428,1701,142.0,140,0.9859154929577464,1885.0
34001001900,NJ0102001,0.279486,0.2027471706897471,0.7254287180386394,960,48.0,47,0.9791666666666666,1296.0
34001002300,NJ0102001,0.709086,0.57921574317019,0.8168483698312898,2253,366.0,357,0.9754098360655736,2690.0
34001002400,NJ0102001,1.577406,1.0802246676528675,0.6848108018182176,1657,311.0,242,0.7781350482315113,1883.0
34001002500,NJ0102001,1.086303,0.715553769233777,0.6587055077945813,2587,500.0,479,0.958,3762.0
34001010101,NJ0103001,10.855267,2.4390390482581763,0.2246871540108757,669,2373.0,2370,0.9987357774968394,2973.0
34001010102,NJ0103001,2.000187,1.6348864766025235,0.8173668145041058,1096,1833.0,1756,0.9579923622476814,1285.0
34001010104,NJ0103001,1.451785,1.062871855148877,0.7321138151646951,877,924.0,916,0.9913419913419912,1188.0
34001010105,NJ0103001,2.586555,1.4920754678436503,0.5768582024521615,1269,958.0,955,0.9968684759916492,2193.0
34001010200,NJ0119002,8.771365,5.225592775356175,0.5957559371153948,3936,2588.0,2508,0.9690880989180836,6402.0
34001010300,NJ0119002,5.391293,2.9746552575323935,0.55175173331006,1396,786.0,705,0.8969465648854962,2270.0
34001010401,NJ0107001,90.609728,0.1596594067766367,0.00176205591056,10,3308.0,121,0.0365779927448609,211.0
34001010401,NJ0111004,90.609728,0.0085286676724255,9.412529825081804e-05,1,3308.0,17,0.0051390568319226,30.0
34001010401,NJ0119002,90.609728,4.343767187725013,0.0479393028055995,277,3308.0,816,0.2466747279322853,1426.0
34001010403,NJ0119002,9.228183,5.674566884468921,0.6149170301964018,4497,2315.0,2235,0.9654427645788336,7060.0
34001010501,NJ0119002,99.731441,7.583591121375227,0.0760401238098547,573,3517.0,2056,0.5845891384702872,4408.0
34001010503,NJ0111007,9.025223,0.2177440477098822,0.0241261681522863,182,1146.0,47,0.0410122164048865,310.0
34001010503,NJ0119002,9.025223,5.475977611681355,0.6067415300077743,4580,1146.0,1040,0.9075043630017452,6851.0
34001010505,NJ0119002,22.052606,3.514982941475612,0.1593908194557873,476,1353.0,933,0.6895787139689579,2059.0
34001010506,NJ0119002,11.068848,9.9215040071523,0.8963447693158583,4708,2212.0,2117,0.9570524412296564,5027.0
34001010600,NJ0107001,28.103807,3.163582662214452,0.1125677621617047,495,1933.0,1646,0.851526125193999,3743.0
34001010700,NJ0107001,146.011642,8.341398782795295e-05,5.712831297928487e-07,0,3423.0,0,0.0,0.0
34001010700,NJ0113001,146.011642,0.0006656289006788284,4.558738546881272e-06,0,3423.0,0,0.0,0.0
34001010700,NJ0117001,146.011642,0.0696838662820784,0.0004772486996761424,3,3423.0,82,0.0239555945077417,139.0
34001010800,NJ0113001,19.035779,5.500908282089946,0.2889773138304424,893,1454.0,1180,0.811554332874828,2509.0
34001010900,NJ0113001,57.606268,9.756179670623547,0.1693596896543193,994,2483.0,2150,0.8658880386629078,5081.0
34001011000,NJ0113001,17.112186,7.910021274774713,0.4622449332174576,1223,1301.0,1028,0.7901614142966948,2090.0
34001011100,NJ0113001,11.786268,5.781978275139337,0.4905690482465982,1524,1542.0,1375,0.8916990920881972,2771.0
34001011202,NJ0104003,106.39594,1.5739223970297114,0.0147930682038216,104,4244.0,392,0.0923656927426955,650.0
34001011202,NJ0105001,106.39594,0.0379148046560713,0.0003563557468083025,3,4244.0,16,0.003770028275212,27.0
34001011202,NJ0105002,106.39594,0.0780020751670412,0.000733130184920978,5,4244.0,34,0.0080113100848256,56.0
34001011202,NJ0614003,106.39594,3.45981912240386e-05,3.2518337846386433e-07,0,4244.0,0,0.0,0.0
34001011300,NJ0104003,19.613394,8.041511619115324,0.4100010237450655,1845,2317.0,1951,0.8420371169615882,3790.0
34001011300,NJ0614003,19.613394,0.0002666386795498256,1.3594724072224603e-05,0,2317.0,0,0.0,0.0
34001011401,NJ0112001,116.281135,5.95530174103519,0.0512146853488761,242,2449.0,1153,0.4708044099632503,2226.0
34001011403,NJ0112001,28.312462,12.61068365829471,0.4454110581515203,2817,936.0,551,0.5886752136752137,3723.0
34001011404,NJ0112001,35.97547,18.65560115559083,0.5185644872906686,5173,2933.0,2332,0.79509035117627,7932.0
34001011404,NJ0119002,35.97547,6.36493709757924e-05,1.7692436256091275e-06,0,2933.0,0,0.0,0.0
34001011500,NJ0112001,106.64781,4.809127281759192,0.0450935399588532,291,2391.0,897,0.3751568381430364,2421.0
34001011500,NJ0123001,106.64781,0.0001908356042057276,1.7894001218189814e-06,0,2391.0,0,0.0,0.0
34001011600,NJ0123001,188.826607,0.3022155934857402,0.0016004926333593,8,2549.0,113,0.0443311102393095,211.0
34001011600,NJ0123002,188.826607,0.6300250924045118,0.0033365271050202,16,2549.0,565,0.2216555511965476,1054.0
34001011702,NJ0108003,30.562626,0.2673931082161417,0.0087490226859479,32,1528.0,170,0.1112565445026178,407.0
34001011702,NJ0119001,30.562626,0.0600803320577577,0.0019658105313907,7,1528.0,48,0.031413612565445,115.0
34001011702,NJ0119002,30.562626,7.264549530764401,0.2376938922317866,870,1528.0,1122,0.7342931937172775,2688.0
34001011703,NJ0108006,7.858424,0.0647570141646247,0.008240458158611,44,1910.0,83,0.0434554973821989,234.0
34001011703,NJ0108013,7.858424,0.022521750588715,0.0028659373162755,15,1910.0,42,0.0219895287958115,119.0
34001011703,NJ0119002,7.858424,4.395885099837761,0.5593850751547335,3016,1910.0,1529,0.8005235602094241,4316.0
34001011704,NJ0108014,4.83806,0.032236857206501,0.0066631784654388,32,1606.0,54,0.0336239103362391,159.0
34001011704,NJ0112002,4.83806,0.0185897126623671,0.0038423898551004,18,1606.0,22,0.0136986301369863,65.0
34001011704,NJ0119002,4.83806,3.23780950234409,0.6692371533929075,3170,1606.0,1408,0.8767123287671232,4153.0
34001011803,NJ0119002,7.19628,6.316451088909996,0.8777383716183912,4995,1428.0,1392,0.9747899159663864,5548.0
34001011804,NJ0108004,30.84629,0.03749299754107,0.0012154783457287,9,3368.0,65,0.0192992874109263,141.0
34001011804,NJ0108019,30.84629,0.1676520521843228,0.0054350799458969,40,3368.0,149,0.0442399049881235,322.0
34001011804,NJ0108303,30.84629,0.0398683987323827,0.0012924860244905,9,3368.0,57,0.0169239904988123,123.0
34001011804,NJ0119002,30.84629,11.462446776470822,0.3715988787134797,2709,3368.0,2276,0.6757719714964371,4926.0
34001011805,NJ0108009,38.665307,0.1574224227002989,0.0040714127189084,9,1227.0,68,0.0554197229013854,126.0
34001011805,NJ0119002,38.665307,0.2869615875825695,0.0074216813429819,17,1227.0,43,0.0350448247758761,79.0
34001011806,NJ0119002,11.175752,10.68730210837368,0.9562937785639554,7600,3099.0,3044,0.9822523394643432,7806.0
34001011807,NJ0119002,18.375138,9.587524549746286,0.5217661249535261,3019,2361.0,1946,0.8242270224481152,4770.0
34001011808,NJ0108002,7.629162,0.0742268055716679,0.009729352394361,40,1402.0,82,0.0584878744650499,242.0
34001011808,NJ0119002,7.629162,3.027775553593923,0.3968686932580436,1641,1402.0,984,0.7018544935805991,2902.0
34001011901,NJ0119002,1.604718,1.570954065992133,0.978959584171258,3322,1079.0,1077,0.9981464318813716,3387.0
34001011902,NJ0119002,2.967538,2.561405847297525,0.8631417179148255,4149,1009.0,985,0.9762140733399404,4693.0
34001012000,NJ0119002,6.458575,2.203679337409679,0.3412020975849439,1516,1395.0,1345,0.96415770609319,4285.0
34001012100,NJ0119002,1.822932,0.8848873764523434,0.4854198491508972,1478,834.0,802,0.9616306954436452,2927.0
34001012200,NJ0119002,2.969338,2.685626490217791,0.9044529421095848,5182,1686.0,1677,0.994661921708185,5698.0
34001012302,NJ0119002,4.135043,4.173224352041957,1.009233604594186,3353,1384.0,1375,0.9934971098265896,3300.0
34001012401,NJ0119002,3.250705,1.783023570142033,0.5485036538664791,1639,1238.0,1211,0.9781906300484652,2924.0
34001012402,NJ0119002,1.892796,1.4489224411153092,0.7654931863313897,1625,1020.0,993,0.973529411764706,2067.0
34001012501,NJ0119002,1.707894,1.6746049503415674,0.980508714441041,2245,930.0,928,0.9978494623655914,2285.0
34001012502,NJ0119002,2.050564,2.0708810892730583,1.009908049333285,1692,679.0,679,1.0,1675.0
34001012602,NJ0119002,2.863331,1.1772322836904492,0.4111408299251637,606,639.0,631,0.9874804381846636,1456.0
34001012701,NJ0119002,2.685272,1.8073946230804836,0.6730769259428779,2239,1198.0,1184,0.988313856427379,3287.0
34001012702,NJ0119002,2.572487,1.3775486778210573,0.5354929598559904,921,690.0,648,0.9391304347826088,1614.0
34001012801,NJ0119002,2.538377,1.9162576565205545,0.7549145207825924,2798,1246.0,1229,0.9863563402889246,3655.0
34001012802,NJ0119002,2.590925,1.5382212929245285,0.5936958008913915,1020,992.0,964,0.9717741935483872,1670.0
34001013000,NJ0116001,2.040565,2.015600532230033,0.987765904163814,3113,2855.0,2835,0.9929947460595446,3130.0
34001013101,NJ0116001,0.829999,0.7988874680134717,0.9625161813610276,956,1206.0,1205,0.9991708126036484,992.0
34001013102,NJ0116001,0.797128,0.7585500878312567,0.9516038676740206,1115,956.0,945,0.9884937238493724,1159.0
34001013201,NJ0102001,1.360584,8.776740952767432e-05,6.450715981348768e-05,0,703.0,0,0.0,0.0
34001013201,NJ0122001,1.360584,0.6124702415642446,0.4501524650916405,1001,703.0,702,0.9985775248933144,2221.0
34001013202,NJ0122001,0.761907,0.7107736198223696,0.9328876356594304,2134,928.0,926,0.9978448275862069,2282.0
34001013301,NJ0116001,2.029887,0.0031453223138451,0.0015495061123329,3,1612.0,0,0.0,0.0
34001013301,NJ0122001,2.029887,1.0136915623687257,0.4993832476235009,1091,1612.0,1606,0.9962779156327544,2177.0
34001013302,NJ0122001,0.911754,0.8626003047598171,0.9460888625219273,2378,1388.0,1386,0.9985590778097982,2510.0
34001013500,NJ0108005,19.77125,0.1112168368841097,0.0056251798386095,14,2059.0,97,0.0471102476930548,121.0
34001013500,NJ0115001,19.77125,0.8578905722107977,0.0433908110114837,112,2059.0,1170,0.5682370082564352,1462.0
34001013500,NJ0116001,19.77125,0.0007327515206038952,3.706146655390505e-05,0,2059.0,0,0.0,0.0
34001013500,NJ0119002,19.77125,1.2852689134834856,0.0650069628113288,167,2059.0,687,0.3336571151044196,858.0
34001983400,NJ0119002,7.259826,0.2421569117911635,0.0333557459629422,83,127.0,16,0.1259842519685039,314.0
34003001001,NJ0201001,3.956704,3.9213380584098063,0.9910617671703028,3333,1175.0,1158,0.985531914893617,3314.0
34003001001,NJ0248001,3.956704,0.1093959061593349,0.0276482411015165,93,1175.0,30,0.025531914893617,86.0
34003001001,NJ0258001,3.956704,0.0039617749453689,0.0010012816084723,3,1175.0,0,0.0,0.0
34003001002,NJ0201001,4.064748,4.077719159486845,1.0031911349699527,3496,1151.0,1151,1.0,3485.0
34003001002,NJ0233001,4.064748,0.00043101334329758535,0.00010603691626088146,0,1151.0,0,0.0,0.0
34003001002,NJ0248001,4.064748,4.058418583881576e-05,9.984428515326351e-06,0,1151.0,0,0.0,0.0
34003001002,NJ0251001,4.064748,0.0006144640099704265,0.00015116902941349046,1,1151.0,0,0.0,0.0
34003001002,NJ0264001,4.064748,0.0032779784778307,0.000806440762829766,3,1151.0,0,0.0,0.0
34003002100,NJ0238001,16.578454,5.722582987989759,0.3451819444677869,608,464.0,395,0.8512931034482759,1500.0
34003002200,NJ0238001,5.873397,5.388241035753369,0.9173977232857524,4741,1422.0,1422,1.0,5168.0
34003002300,NJ0238001,7.213199,6.853136176562139,0.9500827824883438,5359,1193.0,1184,0.9924559932942164,5598.0
34003003100,NJ0238001,1.24326,1.2432587067902172,0.9999989598235424,5337,1635.0,1635,1.0,5337.0
34003003200,NJ0238001,1.241016,1.1131389723559506,0.8969577929341368,4331,1259.0,1223,0.971405877680699,4691.0
34003003300,NJ0238001,1.789832,1.7780878651198244,0.9934384149572834,6999,2238.0,2233,0.9977658623771224,7029.0
34003003401,NJ0238001,0.755382,0.755382816021982,1.00000108027724,2983,911.0,911,1.0,2983.0
34003003402,NJ0238001,1.052665,0.9720506235100588,0.923418773788488,3599,1124.0,1108,0.9857651245551602,3842.0
34003003500,NJ0238001,1.418062,1.424797356857482,1.0047496913798424,4190,804.0,804,1.0,4170.0
34003004001,NJ0238001,0.844191,0.7965387216428156,0.9435527287578468,3329,1022.0,1011,0.9892367906066536,3490.0
34003004002,NJ0238001,1.110295,0.9287147276398272,0.8364576330072883,4391,1527.0,1511,0.9895219384413884,5195.0
34003005000,NJ0238001,10.221592,2.976593090430375,0.2912064080067347,1856,2330.0,2069,0.8879828326180258,5658.0
34003006101,NJ0238001,0.362657,0.3626578374613578,1.0000023092380894,4153,545.0,545,1.0,4153.0
34003006102,NJ0238001,0.407835,0.4078346817817985,0.9999992197378806,3278,727.0,727,1.0,3278.0
34003006201,NJ0238001,0.637239,0.6323375359204206,0.9923082798140423,4732,901.0,901,1.0,4769.0
34003006202,NJ0238001,0.331141,0.3074524682772587,0.9284639119808744,4373,386.0,385,0.9974093264248703,4698.0
34003006301,NJ0238001,0.317666,0.3176666806881199,1.000002142779271,4597,561.0,561,1.0,4597.0
34003006302,NJ0238001,0.418903,0.4189018487865465,0.9999972518376484,4186,526.0,526,1.0,4186.0
34003007001,NJ0238001,3.529447,3.4358713135394257,0.9734871535227546,3816,1427.0,1423,0.9971969166082691,3909.0
34003007002,NJ0238001,4.655526,4.504146888031571,0.9674839938669813,4522,1687.0,1662,0.9851807943094252,4605.0
34003008001,NJ0238001,3.689599,3.621874516588182,0.981644486728282,4682,1620.0,1608,0.9925925925925926,4735.0
34003008002,NJ0238001,1.65795,1.654199525530457,0.9977378844539684,4375,1303.0,1298,0.9961627014581734,4368.0
34003009100,NJ0238001,5.36761,5.347918556371863,0.9963314317493006,4963,1755.0,1755,1.0,4981.0
34003009200,NJ0238001,5.017372,4.972454303164571,0.9910475649731714,3313,1308.0,1302,0.9954128440366972,3328.0
34003010100,NJ0238001,1.768883,1.764074139525114,0.9972814140477996,6318,2088.0,2086,0.9990421455938696,6329.0
34003010200,NJ0238001,1.013291,0.9911356312769436,0.978135235857166,4041,1147.0,1144,0.997384481255449,4120.0
34003010300,NJ0238001,2.288205,2.2885237532699603,1.0001393027591323,7458,2529.0,2523,0.9976275207591934,7439.0
34003011100,NJ0211001,1.294769,1.2684701894707218,0.9796884150537444,4734,1329.0,1328,0.999247554552295,4828.0
34003011100,NJ0217001,1.294769,0.00023407123775221405,0.0001807822381847372,1,1329.0,0,0.0,0.0
34003011200,NJ0211001,1.142139,1.107740062157858,0.9698820039923844,4872,1285.0,1285,1.0,5023.0
34003011300,NJ0211001,2.100025,1.848774205363633,0.8803581887661494,4383,1603.0,1589,0.9912663755458516,4936.0
34003011300,NJ0221001,2.100025,0.00011077445752173662,5.274911371137802e-05,0,1603.0,0,0.0,0.0
34003011400,NJ0211001,2.30818,1.9797086000198112,0.8576924676670846,5650,1821.0,1791,0.9835255354200988,6479.0
34003011400,NJ0221001,2.30818,0.0020378071393712,0.0008828631819750697,6,1821.0,0,0.0,0.0
34003011400,NJ0257001,2.30818,0.0011919710439452,0.0005164116507141081,3,1821.0,0,0.0,0.0
34003012001,NJ0238001,8.675776,1.914207268309672,0.2206381617401915,1396,1409.0,1236,0.8772178850248403,5549.0
34003012002,NJ0238001,0.936988,0.9102618212238762,0.971476498337093,3591,931.0,923,0.99140708915145,3664.0
34003012002,NJ0265001,0.936988,0.0018838101236902,0.0020104954638589,7,931.0,0,0.0,0.0
34003013002,NJ0238001,1.175279,1.1378608785860669,0.9681623500343892,6345,813.0,813,1.0,6554.0
34003013003,NJ0238001,0.790925,0.6833819747516345,0.8640287950837747,3656,87.0,75,0.8620689655172413,3647.0
34003013004,NJ0238001,0.548833,0.4789154363974374,0.8726068519885601,3099,133.0,128,0.962406015037594,3418.0
34003014000,NJ0238001,5.778027,5.783429246672356,1.0009349639024456,7297,2655.0,2654,0.9996233521657252,7287.0
34003015100,NJ0238001,2.846369,2.846369502440745,1.0000001765198907,2506,825.0,825,1.0,2506.0
34003015200,NJ0238001,2.026199,2.0202467019098505,0.9970623329247772,6237,1693.0,1692,0.9994093325457768,6251.0
34003015300,NJ0238001,1.603857,1.6024235596417378,0.999106254261906,6251,1585.0,1585,1.0,6257.0
34003015401,NJ0238001,1.17072,0.96967874243752,0.8282755419208009,3991,788.0,748,0.949238578680203,4574.0
34003015402,NJ0238001,1.404774,0.9394861154623236,0.6687809679438285,2195,387.0,296,0.7648578811369509,2510.0
34003015500,NJ0238001,3.70499,3.638007173417454,0.981920915688694,6077,1445.0,1445,1.0,6189.0
34003016000,NJ0238001,5.506668,4.3059426371808485,0.7819506527687611,4177,2149.0,2119,0.9860400186133084,5267.0
34003017101,NJ0217001,2.081577,2.0618775000328786,0.9905362617058504,5324,1589.0,1584,0.9968533668974198,5358.0
34003017101,NJ0238001,2.081577,1.3371369768632576e-05,6.423672902147063e-06,0,1589.0,0,0.0,0.0
34003017102,NJ0217001,0.630836,0.6308351517419275,0.9999986553429536,2190,589.0,589,1.0,2190.0
34003017200,NJ0217001,3.192005,2.5058281842190686,0.7850326626114522,5261,2044.0,1975,0.9662426614481407,6475.0
34003017200,NJ0251001,3.192005,0.0008261378356451168,0.0002588147060061362,2,2044.0,0,0.0,0.0
34003017200,NJ1604001,3.192005,0.0023460334127098,0.0007349717223844649,5,2044.0,0,0.0,0.0
34003017301,NJ0211001,1.043019,9.586654138565064e-05,9.191255517459476e-05,0,1166.0,0,0.0,0.0
34003017301,NJ0217001,1.043019,1.0429217180150452,0.999906730380794,3280,1166.0,1166,1.0,3280.0
34003017302,NJ0211001,1.072123,0.0005653274251222611,0.0005272971712408568,2,1161.0,0,0.0,0.0
34003017302,NJ0217001,1.072123,1.0607496244992132,0.989391725109165,3027,1161.0,1160,0.9991386735572784,3056.0
34003017400,NJ0217001,2.429904,2.350489783555845,0.9673179613498496,5669,1928.0,1923,0.9974066390041494,5846.0
34003017400,NJ0238001,2.429904,0.0015696737009061,0.0006459817757845995,4,1928.0,0,0.0,0.0
34003017501,NJ0211001,1.715292,0.0101568142723329,0.005921332503348,27,1709.0,0,0.0,0.0
34003017501,NJ0217001,1.715292,1.6404280317376954,0.9563549714787308,4375,1709.0,1693,0.9906377998829724,4532.0
34003017501,NJ0257001,1.715292,0.0013483359019011,0.0007860678542785287,4,1709.0,0,0.0,0.0
34003017502,NJ0217001,1.134937,1.1040360470292003,0.9727729794950736,3780,1125.0,1122,0.9973333333333332,3876.0
34003017502,NJ0238001,1.134937,0.00030739105379208923,0.0002708441559241519,1,1125.0,0,0.0,0.0
34003017502,NJ0257001,1.134937,0.0033254905990363,0.002930110304833,11,1125.0,0,0.0,0.0
34003018101,NJ0238001,0.324385,0.3232907418383169,0.9966266684289254,5006,662.0,661,0.9984894259818732,5015.0
34003018102,NJ0238001,0.265978,0.2659766442861225,0.999994902909724,2959,428.0,428,1.0,2959.0
34003018200,NJ0238001,1.594712,1.540712107327103,0.9661381536773432,6805,1254.0,1249,0.996012759170654,7015.0
34003019102,NJ0238001,0.827541,0.4267705252089568,0.5157092219104031,1558,211.0,204,0.966824644549763,2922.0
34003019103,NJ0238001,0.826501,0.702861293928764,0.8504058602817951,3505,366.0,366,1.0,4121.0
34003019104,NJ0238001,0.582913,0.5056822022812804,0.8675088774504606,3556,427.0,425,0.9953161592505856,4080.0
34003019202,NJ0238001,0.755171,0.5780894505182326,0.7655080114546673,3031,274.0,250,0.9124087591240876,3612.0
34003019203,NJ0238001,0.27574,0.2373729305727518,0.8608578029040106,2814,164.0,163,0.9939024390243902,3249.0
34003019204,NJ0238001,0.43887,0.4347178434009141,0.9905389828443824,3811,416.0,416,1.0,3847.0
34003019303,NJ0238001,0.888917,0.8022086762223893,0.9024562205722124,5202,637.0,630,0.989010989010989,5701.0
34003019304,NJ0238001,0.57036,0.551199593387682,0.9664064685245844,2690,841.0,840,0.9988109393579072,2780.0
34003019305,NJ0238001,0.784234,0.7763645261959288,0.9899654008828088,6925,661.0,659,0.9969742813918304,6974.0
34003019306,NJ0238001,0.570427,0.5639867395714351,0.9887097552735672,2306,471.0,471,1.0,2332.0
34003020100,NJ0233001,9.868894,2.396881789537838e-05,2.428723815999886e-06,0,1400.0,0,0.0,0.0
34003020100,NJ0242001,9.868894,0.0821149418365547,0.0083205820061047,36,1400.0,35,0.025,108.0
34003020100,NJ0251001,9.868894,0.0003196945787314326,3.239416481030525e-05,0,1400.0,1,0.0007142857142857143,3.0
34003020200,NJ0242001,14.514246,0.0018773602900756,0.00012934604319615696,1,1944.0,0,0.0,0.0
34003020200,NJ1603001,14.514246,0.0007387037888690829,5.0895085343674266e-05,0,1944.0,0,0.0,0.0
34003020200,NJ1614001,14.514246,0.0031476354926661,0.0002168652434763872,1,1944.0,0,0.0,0.0
34003021101,NJ0211001,0.620061,0.0013610770144173,0.0021950695406055,10,1132.0,0,0.0,0.0
34003021101,NJ0221001,0.620061,0.617591983172544,0.996018106561361,4419,1132.0,1132,1.0,4437.0
34003021102,NJ0221001,0.445601,0.3633451150087655,0.8154046220918838,2172,666.0,656,0.984984984984985,2624.0
34003021200,NJ0211001,1.138213,0.0035615142647512,0.0031290402277528,19,1446.0,3,0.0020746887966804,12.0
34003021200,NJ0221001,1.138213,1.0300003282993724,0.904927573573112,5371,1446.0,1433,0.9910096818810512,5882.0
34003021300,NJ0221001,0.822951,0.8229488347960523,0.9999973689758592,4841,1265.0,1265,1.0,4841.0
34003021400,NJ0221001,1.005082,0.9980562439051038,0.9930097682627924,4849,1103.0,1100,0.99728014505893,4870.0
34003021400,NJ0231001,1.005082,0.0190840318659158,0.018987537201856,93,1103.0,3,0.0027198549410698,13.0
34003021400,NJ0257001,1.005082,0.0015405533411888,0.0015327638353774,7,1103.0,0,0.0,0.0
34003021500,NJ0221001,0.905376,0.6436515995840074,0.7109218706747334,3734,1081.0,1059,0.9796484736355228,5146.0
34003021500,NJ0231001,0.905376,0.00015642655871948228,0.00017277524334583896,1,1081.0,0,0.0,0.0
34003021600,NJ0221001,0.530281,0.4716189293510948,0.8893754996899659,4128,868.0,859,0.98963133640553,4594.0
34003022100,NJ0251001,2.164566,2.1607476559681764,0.9982359770818612,4213,1531.0,1525,0.9960809928151536,4203.0
34003022100,NJ1604001,2.164566,6.053910534083843e-05,2.796824182807936e-05,0,1531.0,0,0.0,0.0
34003022200,NJ0217001,4.837408,0.0088138413961073,0.0018220173688279,14,2903.0,0,0.0,0.0
34003022200,NJ0251001,4.837408,4.637852365188948,0.958747404640863,7587,2903.0,2888,0.994832931450224,7872.0
34003022200,NJ1604001,4.837408,0.0022747662273086,0.0004702448557799261,4,2903.0,0,0.0,0.0
34003023100,NJ0238001,2.567429,1.5623448336956147,0.6085250395222671,2450,471.0,371,0.7876857749469215,3171.0
34003023201,NJ0238001,0.583283,0.5832820151791622,0.9999983115900212,3927,578.0,578,1.0,3927.0
34003023202,NJ0238001,0.726104,0.7027402514450286,0.9678231375189073,3152,697.0,691,0.9913916786226684,3229.0
34003023301,NJ0238001,1.087398,1.087398704046135,1.000000647459472,2932,1066.0,1066,1.0,2932.0
34003023303,NJ0238001,0.154872,0.1548723393565527,1.0000021912066273,2817,92.0,92,1.0,2817.0
34003023304,NJ0238001,0.430425,0.4093269984752158,0.9509833268867186,2099,273.0,272,0.9963369963369964,2199.0
34003023401,NJ0238001,0.434091,0.4298010468189137,0.9901173874116572,3599,230.0,230,1.0,3635.0
34003023402,NJ0231001,1.523459,9.383409633301199e-12,6.159279398593071e-12,0,1007.0,0,0.0,0.0
34003023402,NJ0238001,1.523459,1.2596381737546358,0.8268277477468287,5043,1007.0,975,0.968222442899702,5905.0
34003023501,NJ0238001,0.645911,0.6114083866997658,0.946583022583244,3539,609.0,607,0.9967159277504104,3727.0
34003023502,NJ0238001,0.602144,0.5247701642554458,0.871502770525731,4052,298.0,294,0.9865771812080536,4587.0
34003023601,NJ0238001,1.003461,0.7232476786363019,0.7207531519773085,2454,718.0,681,0.9484679665738162,3230.0
34003023602,NJ0238001,1.096822,1.0142131745043628,0.9246834714332524,4935,929.0,920,0.9903121636167922,5285.0
34003024100,NJ0238001,8.586631,8.580366340648707,0.999270417076116,5884,1910.0,1910,1.0,5888.0
34003024200,NJ0238001,4.779991,4.483403702753581,0.9379523314486536,4447,1083.0,1073,0.9907663896583564,4697.0
34003025100,NJ0231001,2.32814,0.0006463606885578483,0.0002776296479412099,2,1920.0,0,0.0,0.0
34003025100,NJ0238001,2.32814,1.7218416456000312,0.7395782236463577,4605,1920.0,1866,0.971875,6052.0
34003025200,NJ0231001,1.617443,0.00023377676834515296,0.00014453478010981096,1,2129.0,0,0.0,0.0
34003025200,NJ0238001,1.617443,1.6172051703338906,0.9998529594760932,5897,2129.0,2129,1.0,5898.0
34003026100,NJ0238001,3.14367,3.130988340522209,0.9959659698766756,4544,1117.0,1115,0.9982094897045658,4554.0
34003026100,NJ0247001,3.14367,0.0007833936182225306,0.0002491971543522477,1,1117.0,0,0.0,0.0
34003026200,NJ0228001,4.371597,4.764030025689863e-06,1.089768802039589e-06,0,839.0,0,0.0,0.0
34003026200,NJ0238001,4.371597,4.210213652184504,0.9630836630605484,5375,839.0,830,0.9892729439809296,5521.0
34003026200,NJ0247001,4.371597,0.0014354760314278,0.00032836421825429077,2,839.0,0,0.0,0.0
34003026200,NJ0258001,4.371597,1.2685950213111938e-05,2.9019029460199413e-06,0,839.0,0,0.0,0.0
34003027000,NJ0228001,4.505069,4.388105143863798,0.9740372775342172,4147,1349.0,1329,0.9851742031134172,4195.0
34003027000,NJ0238001,4.505069,0.000944918975195164,0.00020974572757823776,1,1349.0,0,0.0,0.0
34003027000,NJ0251001,4.505069,0.0051597100561502,0.001145312104243,5,1349.0,0,0.0,0.0
34003027000,NJ0258001,4.505069,0.0070513589537646,0.0015652055393079,7,1349.0,0,0.0,0.0
34003027000,NJ0264001,4.505069,5.2947812248021363e-08,1.1752941463942366e-08,0,1349.0,0,0.0,0.0
34003028001,NJ0238001,2.458444,1.565580602927196,0.6368176793643442,3407,1229.0,1204,0.9796582587469488,5241.0
34003028002,NJ0238001,1.486435,1.4676233672653285,0.9873444632730852,3904,1226.0,1226,1.0,3954.0
34003029100,NJ0238001,1.049094,0.9936527311786192,0.9471531923532296,4009,761.0,756,0.9934296977660972,4205.0
34003029200,NJ0238001,2.77651,2.657891078432653,0.9572776897733676,6465,1984.0,1981,0.9984879032258064,6744.0
34003030100,NJ0231001,2.177565,1.5968973134252753,0.7333408249238371,4136,1491.0,1438,0.9644533869885984,5440.0
34003030100,NJ0238001,2.177565,0.001647349351745,0.0007565098409209823,4,1491.0,0,0.0,0.0
34003030100,NJ0257001,2.177565,0.0006507020666748285,0.0002988209613374703,2,1491.0,0,0.0,0.0
34003030201,NJ0221001,0.693517,4.706592154270038e-05,6.786556283796992e-05,0,867.0,0,0.0,0.0
34003030201,NJ0231001,0.693517,0.6132659355848402,0.8842839261111698,4138,867.0,865,0.9976931949250288,4668.0
34003030202,NJ0231001,0.721022,0.7150863170630968,0.9917676812400964,3419,731.0,731,1.0,3447.0
34003030202,NJ0257001,0.721022,0.0067919276225641,0.0094198618385626,32,731.0,0,0.0,0.0
34003030300,NJ0221001,1.072978,2.9268276333808895e-05,2.727761084925217e-05,0,1101.0,0,0.0,0.0
34003030300,NJ0231001,1.072978,0.8238980513083163,0.767861085043977,3577,1101.0,1083,0.983651226158038,4582.0
34003030300,NJ0238001,1.072978,0.0015430812334269,0.0014381294243003,7,1101.0,0,0.0,0.0
34003030401,NJ0231001,0.513101,0.511226233318772,0.9963462034156472,3482,588.0,588,1.0,3495.0
34003030401,NJ0238001,0.513101,0.0018750663255378,0.0036543805713453,13,588.0,0,0.0,0.0
34003030402,NJ0231001,0.706844,0.7052857912030345,0.997795540745956,4278,1013.0,1013,1.0,4287.0
34003030402,NJ0238001,0.706844,0.0015607600446305,0.0022080686044311,9,1013.0,0,0.0,0.0
34003031100,NJ0232001,8.186424,1.9723632843665448,0.240930995556368,1603,1468.0,1412,0.9618528610354224,6398.0
34003031100,NJ0238001,8.186424,0.0044435678567271,0.0005427971794188965,4,1468.0,0,0.0,0.0
34003031100,NJ0239001,8.186424,0.0008764372395835817,0.00010705983950789524,1,1468.0,0,0.0,0.0
34003031200,NJ0232001,1.073707,1.0234435816696077,0.9531870255755132,4510,1484.0,1482,0.9986522911051212,4725.0
34003031300,NJ0232001,1.374763,1.2041971745117046,0.8759307418891145,4743,1730.0,1716,0.991907514450867,5371.0
34003031300,NJ0239001,1.374763,0.0002565215911231935,0.0001865933190835027,1,1730.0,0,0.0,0.0
34003031400,NJ0232001,1.238706,1.1946595244470632,0.964441541775904,5518,1825.0,1821,0.9978082191780822,5708.0
34003031400,NJ0239001,1.238706,0.0013441596401846,0.0010851320976766,6,1825.0,0,0.0,0.0
34003032102,NJ0201001,15.242978,0.0137418984246234,0.0009015232079074974,5,2167.0,3,0.0013844023996308,8.0
34003032102,NJ0233001,15.242978,6.89299113957454,0.4522076420745696,2662,2167.0,1399,0.6455929856945085,3800.0
34003032102,NJ0233005,15.242978,0.060094921771869,0.0039424659519858,23,2167.0,112,0.0516843562528841,304.0
34003032102,NJ0242001,15.242978,5.4997534073889255e-05,3.608057039371785e-06,0,2167.0,0,0.0,0.0
34003032102,NJ0248001,15.242978,0.4907564421596079,0.032195575048367,190,2167.0,97,0.04476234425473,263.0
34003032102,NJ0251001,15.242978,0.0052056048120216,0.00034150838582996246,2,2167.0,0,0.0,0.0
34003032103,NJ0233001,4.725612,4.143541786106192,0.8768264906442154,4142,523.0,513,0.9808795411089866,4634.0
34003032103,NJ0248001,4.725612,0.0008465520629406092,0.00017914125470745571,1,523.0,0,0.0,0.0
34003032104,NJ0233001,36.245095,0.6123365242697544,0.0168943280261716,72,919.0,395,0.4298150163220892,1835.0
34003032104,NJ0242001,36.245095,0.142389291121073,0.0039285120130344,17,919.0,2,0.0021762785636561,9.0
34003032201,NJ0233001,5.647674,5.158705839799543,0.9134213199627924,5058,1438.0,1399,0.9728789986091794,5387.0
34003032201,NJ0238001,5.647674,0.000753546838707989,0.0001334260509207842,1,1438.0,0,0.0,0.0
34003032202,NJ0233001,3.903394,3.7452972172705894,0.9594976108664892,4866,1550.0,1533,0.989032258064516,5015.0
34003033100,NJ0238001,1.233991,1.1739264966130556,0.9513250069190582,3664,1448.0,1439,0.9937845303867404,3827.0
34003033200,NJ0231001,1.241287,0.0004522342372275889,0.0003643268939637561,1,971.0,0,0.0,0.0
34003033200,NJ0238001,1.241287,1.176164010745265,0.9475359129236552,2490,971.0,962,0.9907312049433572,2604.0
34003033300,NJ0231001,0.85724,0.0004835662700235844,0.0005640967173995431,2,866.0,0,0.0,0.0
34003033300,NJ0238001,0.85724,0.8434277756731361,0.9838875643613644,3543,866.0,864,0.9976905311778292,3593.0
34003034001,NJ0251001,1.70716,1.671727521182663,0.9792447814983148,2749,1088.0,1076,0.9889705882352942,2776.0
34003034002,NJ0251001,2.361105,2.357727232426433,0.998569412383792,4201,1560.0,1559,0.9993589743589744,4204.0
34003034002,NJ0264001,2.361105,0.0022935129518564,0.0009713727055156292,4,1560.0,0,0.0,0.0
34003035100,NJ0236001,10.419968,9.39272715263578,0.9014161226441172,7604,2503.0,2464,0.9844186975629244,8305.0
34003035100,NJ0238001,10.419968,0.0020323533146706,0.00019504410327081777,2,2503.0,0,0.0,0.0
34003035100,NJ0247001,10.419968,0.0068907175941927,0.0006612993047764406,6,2503.0,0,0.0,0.0
34003035200,NJ0236001,8.744046,0.00030788485704975394,3.521080024621942e-05,0,1712.0,0,0.0,0.0
34003035200,NJ0238001,8.744046,0.0143194596690079,0.0016376240094125,10,1712.0,0,0.0,0.0
34003035200,NJ0247001,8.744046,8.448965484516004,0.9662535495028276,5921,1712.0,1704,0.9953271028037384,6099.0
34003035200,NJ0258001,8.744046,0.00027793062332412226,3.178512822600913e-05,0,1712.0,0,0.0,0.0
34003036100,NJ0238001,4.228812,1.5304728617918777,0.3619155596871835,968,909.0,812,0.8932893289328933,2390.0
34003036200,NJ0238001,4.775003,2.0739340999615297,0.4343314758046288,1361,1204.0,1119,0.9294019933554816,2912.0
34003037100,NJ0238001,2.135435,2.082413996100516,0.9751708649996446,5364,1957.0,1952,0.9974450689831376,5487.0
34003037201,NJ0238001,1.520761,1.5207630054036627,1.0000013186843053,4180,1472.0,1470,0.998641304347826,4174.0
34003037203,NJ0238001,1.793567,1.775202688434529,0.9897610116792566,3888,1173.0,1171,0.998294970161978,3921.0
34003037204,NJ0238001,0.462956,0.4606660127399228,0.9950535531236724,3298,239.0,239,1.0,3314.0
34003038100,NJ0232001,4.479721,0.0004217705146222142,9.415106758260486e-05,1,1647.0,0,0.0,0.0
34003038100,NJ0239001,4.479721,3.5879084940611934,0.8009223105771975,4675,1647.0,1621,0.98421372191864,5745.0
34003038100,NJ0907001,4.479721,0.0047840275735937,0.0010679298049127,6,1647.0,0,0.0,0.0
34003038200,NJ0239001,0.615308,0.611775772537562,0.9942594156707892,4449,997.0,997,1.0,4475.0
34003038200,NJ0907001,0.615308,0.0035304134834967,0.0057376362463949,26,997.0,0,0.0,0.0
34003038300,NJ0232001,1.339355,0.0013176995960734,0.0009838314681869095,6,1999.0,0,0.0,0.0
34003038300,NJ0239001,1.339355,1.2932184287161237,0.965553142158818,5933,1999.0,1992,0.9964982491245624,6123.0
34003039100,NJ0242001,11.255869,5.605709283629159,0.4980254553095064,2047,1726.0,1650,0.9559675550405562,3929.0
34003039100,NJ1609001,11.255869,0.0003625000231862069,3.220542307183984e-05,0,1726.0,0,0.0,0.0
34003039100,NJ1614001,11.255869,8.794297121465206e-05,7.813077001398297e-06,0,1726.0,0,0.0,0.0
34003039200,NJ0242001,4.960538,4.954342870287853,0.9987511173763518,5735,2093.0,2093,1.0,5742.0
34003039300,NJ0242001,5.804676,4.46215559725125,0.7687174266490069,2226,1005.0,991,0.9860696517412936,2856.0
34003039300,NJ1614001,5.804676,0.000940141322365962,0.00016196275595157456,0,1005.0,0,0.0,0.0
34003040001,NJ0238001,3.523214,2.8968134434453905,0.8222076329866397,2939,1331.0,1330,0.9992486851990984,3572.0
34003040002,NJ0238001,2.722499,2.543976194167963,0.934426860824545,4363,1681.0,1660,0.9875074360499704,4611.0
34003041100,NJ0238001,1.205651,0.7370218585173468,0.6113061396020464,3465,744.0,724,0.9731182795698924,5516.0
34003041200,NJ0238001,0.533657,0.5336574912837849,1.0000009205984084,4597,728.0,728,1.0,4597.0
34003041301,NJ0238001,0.728003,0.6908568688935766,0.9489753049006344,5105,691.0,688,0.9956584659913168,5357.0
34003041302,NJ0238001,0.741545,0.6787884867436419,0.9153705934820434,4254,688.0,688,1.0,4647.0
34003042101,NJ0238001,2.087486,2.0874834117253585,0.9999987600996406,3155,1125.0,1125,1.0,3155.0
34003042102,NJ0238001,2.446401,2.4464047696169646,1.0000015408826946,4698,1576.0,1576,1.0,4698.0
34003042301,NJ0238001,3.376981,3.317151117630449,0.9822830266532292,4332,1584.0,1584,1.0,4410.0
34003042301,NJ0251001,3.376981,0.0087302134872941,0.0025852124981734,11,1584.0,0,0.0,0.0
34003042302,NJ0238001,5.840889,4.355890175046795,0.745758081526082,3809,1780.0,1708,0.9595505617977528,4901.0
34003042400,NJ0217001,6.813389,0.0037503636196944,0.000550440261035216,3,1785.0,0,0.0,0.0
34003042400,NJ0238001,6.813389,6.485910375258619,0.9519360152867566,4342,1785.0,1760,0.9859943977591036,4497.0
34003042400,NJ0251001,6.813389,0.001765595924662,0.00025913622789805083,1,1785.0,0,0.0,0.0
34003042500,NJ0217001,6.486871,0.0014950071565273,0.00023046660809616224,1,1496.0,0,0.0,0.0
34003042500,NJ0238001,6.486871,5.364650224918804,0.8270012190652171,3941,1496.0,1446,0.9665775401069518,4607.0
34003043001,NJ0236001,3.587504,0.0028974482848481,0.0008076501893372451,3,718.0,0,0.0,0.0
34003043001,NJ0247001,3.587504,3.3916330661527447,0.9454018911624196,3931,718.0,715,0.9958217270194986,4141.0
34003043002,NJ0236001,3.164794,0.0033335266284523,0.0010533155170454,5,1365.0,0,0.0,0.0
34003043002,NJ0238001,3.164794,0.0019079077787155,0.0006028537019204351,3,1365.0,0,0.0,0.0
34003043002,NJ0247001,3.164794,3.1508878173007977,0.9956059753970709,4704,1365.0,1361,0.9970695970695972,4711.0
34003044100,NJ0201001,6.93825,0.0006672235198344569,9.61659668986354e-05,1,2234.0,0,0.0,0.0
34003044100,NJ0233001,6.93825,0.3986581797251856,0.0574580304435824,346,2234.0,59,0.0264100268576544,159.0
34003044100,NJ0248001,6.93825,6.594220934289231,0.9504155852396832,5731,2234.0,2175,0.9735899731423456,5871.0
34003044201,NJ0201001,2.641548,0.0140826671415482,0.0053312175820951,20,1257.0,2,0.0015910898965791,6.0
34003044201,NJ0238001,2.641548,0.0004112996273636818,0.0001557040142233576,1,1257.0,0,0.0,0.0
34003044201,NJ0248001,2.641548,2.474810423136588,0.936878838899232,3505,1257.0,1163,0.9252187748607796,3461.0
34003044202,NJ0233001,4.671747,4.906926668590313e-05,1.0503408400733844e-05,0,1342.0,0,0.0,0.0
34003044202,NJ0238001,4.671747,0.0054961097513971,0.0011764570622932,6,1342.0,0,0.0,0.0
34003044202,NJ0248001,4.671747,2.330823909898652,0.4989191216687573,2508,1342.0,967,0.7205663189269746,3622.0
34003045101,NJ0238001,0.855145,0.8487498122612678,0.9925215165396134,4482,1110.0,1110,1.0,4516.0
34003045102,NJ0238001,0.946032,0.9460372117720772,1.000005509086455,3996,987.0,987,1.0,3996.0
34003045200,NJ0238001,4.785921,1.5840887931713017,0.330989331660782,989,971.0,881,0.9073120494335736,2712.0
34003046100,NJ0238001,2.412543,1.3108801626538384,0.5433603308433625,2290,1014.0,994,0.980276134122288,4132.0
34003046200,NJ0238001,1.057583,0.7912251957177177,0.7481447751313303,3284,1399.0,1359,0.9714081486776268,4264.0
34003046300,NJ0238001,0.945076,0.7895944877631484,0.8354825302548667,3859,1124.0,1109,0.9866548042704626,4557.0
34003047100,NJ0228001,3.856834,0.0032145211618235,0.0008334611139145661,5,2215.0,0,0.0,0.0
34003047100,NJ0238001,3.856834,0.0028324271728846,0.000734391776489393,5,2215.0,0,0.0,0.0
34003047100,NJ0251001,3.856834,3.75218842463281,0.9728674930351708,5969,2215.0,2210,0.9977426636568848,6121.0
34003047200,NJ0228001,2.43955,0.0032512920413585,0.0013327425309415,6,1412.0,0,0.0,0.0
34003047200,NJ0251001,2.43955,2.4448184360906065,1.0021595934047698,4491,1412.0,1412,1.0,4481.0
34003047200,NJ0264001,2.43955,0.0001312913180887699,5.38178426713e-05,0,1412.0,0,0.0,0.0
34003047300,NJ0251001,2.604514,2.607717194698422,1.0012298627300225,3291,1237.0,1237,1.0,3287.0
34003047300,NJ1604001,2.604514,0.0073917418930903,0.0028380503591419,9,1237.0,0,0.0,0.0
34003047400,NJ0251001,2.33689,2.30950311673539,0.9882806279865078,5098,1558.0,1550,0.9948652118100128,5132.0
34003047500,NJ0217001,3.632853,2.216774403350428e-07,6.102020652502119e-08,0,2495.0,0,0.0,0.0
34003047500,NJ0238001,3.632853,0.0015581262282604,0.0004288987823785879,3,2495.0,0,0.0,0.0
34003047500,NJ0251001,3.632853,3.641897728088766,1.0024897038467468,6935,2495.0,2495,1.0,6918.0
34003048100,NJ0238001,1.625029,1.2554347101764056,0.7725614190124641,3365,989.0,946,0.9565217391304348,4166.0
34003048200,NJ0238001,3.121311,2.95982469350869,0.9482633077923632,7296,2588.0,2581,0.9972952086553324,7673.0
34003049001,NJ0236001,5.783372,0.0054335501632311,0.0009395124787461612,4,1621.0,0,0.0,0.0
34003049001,NJ0238001,5.783372,5.797113921665285,1.0023761088972465,4635,1621.0,1621,1.0,4624.0
34003049001,NJ0247001,5.783372,0.0041975009558731,0.0007257878199557506,3,1621.0,0,0.0,0.0
34003049002,NJ0238001,4.758162,4.766825748914302,1.0018208183988486,5295,790.0,786,0.9949367088607596,5258.0
34003050000,NJ0231001,2.565737,0.0006783698175553,0.0002643956950986403,2,2146.0,0,0.0,0.0
34003050000,NJ0238001,2.565737,2.357941293768469,0.9190112991972555,5343,2146.0,2115,0.9855545200372786,5730.0
34003050000,NJ0257001,2.565737,0.0038472873643512,0.0014994862545737,9,2146.0,0,0.0,0.0
34003051100,NJ0238001,1.557252,1.4359214581602056,0.9220867644801262,5916,1744.0,1734,0.9942660550458716,6379.0
34003051200,NJ0238001,0.855753,0.8367700016219778,0.9778171991473916,2606,1061.0,1061,1.0,2665.0
34003051300,NJ0238001,1.091572,1.0473477311917363,0.959485706111678,4571,1209.0,1200,0.9925558312655088,4729.0
34003051400,NJ0232001,3.698367,0.0006223834749013186,0.00016828602323709857,1,1745.0,0,0.0,0.0
34003051400,NJ0238001,3.698367,1.5182825245242682,0.4105278152558326,2048,1745.0,1697,0.9724928366762178,4852.0
34003052100,NJ0211001,3.888303,0.0088967913057655,0.0022880910530289,18,2921.0,0,0.0,0.0
34003052100,NJ0217001,3.888303,0.0008605360992569477,0.00022131405378051752,2,2921.0,0,0.0,0.0
34003052100,NJ0238001,3.888303,0.001866598613891,0.0004800548244031078,4,2921.0,0,0.0,0.0
34003052100,NJ0257001,3.888303,3.6431745522672663,0.9369574727759812,7377,2921.0,2908,0.9955494693598084,7838.0
34003052200,NJ0211001,3.083911,0.001721306133762,0.0005581568773424402,4,2149.0,0,0.0,0.0
34003052200,NJ0221001,3.083911,0.0032278229082282,0.0010466653895745,7,2149.0,0,0.0,0.0
34003052200,NJ0231001,3.083911,0.0015717678022654,0.0005096670436551087,3,2149.0,0,0.0,0.0
34003052200,NJ0257001,3.083911,2.9997213554784716,0.9727003650489496,6246,2149.0,2142,0.996742671009772,6400.0
34003053100,NJ0201001,12.731515,0.0048856349211367,0.0003837434053321043,1,1392.0,0,0.0,0.0
34003053100,NJ0228001,12.731515,0.0006958190642265254,5.465328079388238e-05,0,1392.0,0,0.0,0.0
34003053100,NJ0238001,12.731515,4.472242245776352,0.3512733752248929,1184,1392.0,469,0.3369252873563218,1136.0
34003053100,NJ0247001,12.731515,0.0049066724501132,0.0003853958032577605,1,1392.0,1,0.0007183908045977011,2.0
34003053100,NJ0258001,12.731515,8.109343395479737,0.6369503861464827,2148,1392.0,915,0.6573275862068966,2217.0
34003053100,NJ0264001,12.731515,0.0095375433807075,0.0007491287078330881,3,1392.0,0,0.0,0.0
34003053201,NJ0236001,7.246994,0.0086060766091998,0.0011875374271318,6,1613.0,0,0.0,0.0
34003053201,NJ0238001,7.246994,4.295126877881639,0.592677029659696,2827,1613.0,938,0.5815251084934904,2774.0
34003053201,NJ0247001,7.246994,0.0019737532181773,0.00027235474710994936,1,1613.0,0,0.0,0.0
34003053201,NJ0258001,7.246994,0.0023409122652471,0.00032301838048261075,2,1613.0,0,0.0,0.0
34003053202,NJ0233001,6.357857,9.87500658435747e-05,1.553197340606665e-05,0,1319.0,0,0.0,0.0
34003053202,NJ0238001,6.357857,1.7404638799053342,0.273750082756711,981,1319.0,281,0.2130401819560272,763.0
34003054101,NJ0238001,1.559286,1.557279038523979,0.99871289713624,4242,1423.0,1423,1.0,4247.0
34003054102,NJ0238001,1.477672,1.5129255748477914,1.0238575102240492,4129,1242.0,1242,1.0,4033.0
34003054200,NJ0238001,1.395449,1.3247586943866496,0.9493422506925367,4681,1077.0,1075,0.9981429897864438,4922.0
34003054300,NJ0238001,3.214289,3.0737582362173805,0.9562793626265031,6901,2318.0,2312,0.997411561691113,7197.0
34003054400,NJ0238001,2.163889,2.1233377330599668,0.981260005970716,7082,2032.0,2028,0.998031496062992,7203.0
34003054500,NJ0238001,1.785541,1.745213725792525,0.9774145347502662,4769,1680.0,1669,0.993452380952381,4847.0
34003054601,NJ0238001,1.62906,1.1394172290239974,0.6994323284740878,2391,879.0,877,0.9977246871444824,3411.0
34003054602,NJ0238001,2.419832,2.2137853922862205,0.914850862492198,4852,1640.0,1639,0.999390243902439,5301.0
34003055100,NJ0238001,8.267038,7.04844567431215,0.8525962593025641,6203,2238.0,2220,0.9919571045576407,7216.0
34003055201,NJ0238001,1.853659,1.853659379604079,1.00000020478636,4078,1292.0,1292,1.0,4078.0
34003055202,NJ0238001,1.757876,1.6472645175569367,0.9370766297264066,3801,1253.0,1245,0.9936153232242618,4030.0
34003056100,NJ0228001,1.860965,0.0018312951023015,0.0009840567137487874,5,876.0,0,0.0,0.0
34003056100,NJ0258001,1.860965,0.0025468357297386,0.0013685564907124,7,876.0,0,0.0,0.0
34003056100,NJ0264001,1.860965,1.8026476880106868,0.9686628647022844,4605,876.0,875,0.9988584474885844,4749.0
34003056200,NJ0201001,3.438856,0.0012040761971959,0.0003501385917863121,2,1008.0,0,0.0,0.0
34003056200,NJ0228001,3.438856,7.57524406433222e-05,2.20283840449621e-05,0,1008.0,0,0.0,0.0
34003056200,NJ0251001,3.438856,0.0076862255353158,0.002235111192593,12,1008.0,0,0.0,0.0
34003056200,NJ0264001,3.438856,3.38921552452878,0.9855648286897678,5227,1008.0,1008,1.0,5304.0
34003057101,NJ0221001,1.028489,0.0011876017740606,0.0011547053726978,5,687.0,0,0.0,0.0
34003057101,NJ0238001,1.028489,0.0040911656807251,0.0039778409693493,16,687.0,0,0.0,0.0
34003057101,NJ0265001,1.028489,1.0111127978642758,0.9831051162086089,4039,687.0,686,0.9985443959243084,4102.0
34003057102,NJ0238001,1.045614,0.0041677358541206,0.0039859220076631,17,1363.0,0,0.0,0.0
34003057102,NJ0265001,1.045614,1.039830866218509,0.9944691503925052,4247,1363.0,1362,0.9992663242846662,4268.0
34003057200,NJ0265001,0.500533,0.4714050803528464,0.9418061953015012,3286,891.0,885,0.9932659932659932,3466.0
34003058100,NJ0228001,3.862911,0.0034318710247861,0.0008884157633417301,3,1346.0,0,0.0,0.0
34003058100,NJ0238001,3.862911,3.700263046276669,0.9578949777193076,3618,1346.0,1345,0.99925705794948,3774.0
34003058100,NJ0251001,3.862911,0.0024126550152316,0.0006245691436410728,2,1346.0,1,0.0007429420505200594,3.0
34003058200,NJ0238001,3.786292,3.8978680458328423,1.029468420774954,5670,1913.0,1913,1.0,5508.0
34003059100,NJ0238001,2.973565,2.7760592549141485,0.9335794761218096,4875,744.0,687,0.9233870967741936,4822.0
34003059200,NJ0238001,2.876073,2.864715629186637,0.9960510839560182,6036,1990.0,1990,1.0,6060.0
34003060001,NJ0238001,1.219689,1.138060795264673,0.9330745749651534,3629,1287.0,1280,0.9945609945609946,3868.0
34003060002,NJ0221001,1.865532,0.0017703158575119,0.0009489603274089874,6,1688.0,0,0.0,0.0
34003060002,NJ0231001,1.865532,0.000908417878717184,0.00048694843010850736,3,1688.0,0,0.0,0.0
34003060002,NJ0238001,1.865532,1.8625823760275424,0.998418883207333,6325,1688.0,1688,1.0,6335.0
34003060002,NJ0265001,1.865532,0.00020147456781053916,0.0001079984518145704,1,1688.0,0,0.0,0.0
34003061100,NJ0201001,4.953559,3.072971871811023e-05,6.203563683830197e-06,0,1109.0,0,0.0,0.0
34003061100,NJ0251001,4.953559,4.961501647826563,1.001603422473935,4463,1109.0,1102,0.993688007213706,4428.0
34003061100,NJ0264001,4.953559,0.00041850448473628056,8.448561624809163e-05,0,1109.0,0,0.0,0.0
34003061200,NJ0251001,3.710408,3.7036886433402976,0.9981890518078598,3400,688.0,687,0.998546511627907,3401.0
34003061300,NJ0251001,4.051686,3.964052375913108,0.978371072169242,3563,1172.0,1168,0.9965870307167236,3630.0
34003061300,NJ1604001,4.051686,0.0054754070868263,0.0013513897885538,5,1172.0,0,0.0,0.0
34003061400,NJ0251001,4.355118,4.34291920014585,0.997198973746716,5067,1945.0,1944,0.9994858611825193,5078.0
34003061400,NJ1604001,4.355118,0.0096536626759394,0.0022166248253065,11,1945.0,1,0.0005141388174807198,3.0
34005700102,NJ0327001,1.398482,1.1353442618654908,0.8118404540533884,2086,1168.0,1143,0.978595890410959,2514.0
34005700103,NJ0327001,0.91329,0.91106764019583,0.9975666438872977,2978,610.0,610,1.0,2985.0
34005700104,NJ0327001,2.478052,0.8358989951992201,0.3373210066613695,636,729.0,705,0.9670781893004116,1822.0
34005700200,NJ0327001,1.714007,1.5569725762823106,0.9083816905545372,2511,1062.0,1059,0.9971751412429378,2756.0
34005700303,NJ0327001,8.162289,6.354645120290766,0.7785371383310205,3166,1228.0,1131,0.9210097719869706,3746.0
34005700304,NJ0327001,1.918848,1.842215192699011,0.9600631174011754,2440,1000.0,999,0.999,2538.0
34005700304,NJ0424001,1.918848,3.339418641407974e-06,1.7403247372423318e-06,0,1000.0,0,0.0,0.0
34005700305,NJ0319001,4.966681,0.00020347824985338957,4.096865690657192e-05,0,1766.0,0,0.0,0.0
34005700305,NJ0322001,4.966681,0.0005595898814350366,0.00011266877849312984,1,1766.0,0,0.0,0.0
34005700305,NJ0327001,4.966681,4.587322183215715,0.9236192506053268,4634,1766.0,1754,0.9932049830124576,4983.0
34005700305,NJ0424001,4.966681,0.0041104687677312,0.0008276087728870094,4,1766.0,0,0.0,0.0
34005700306,NJ0327001,2.152005,2.1334862070819396,0.9913946329501742,2571,958.0,956,0.9979123173277662,2588.0
34005700307,NJ0322001,2.027903,0.0060888904233742,0.0030025550647019,9,961.0,0,0.0,0.0
34005700307,NJ0327001,2.027903,2.0289754041484547,1.0005288241836294,2848,961.0,961,1.0,2846.0
34005700401,NJ0319001,1.732988,1.483467939464261,0.8560174331641425,1751,866.0,852,0.9838337182448036,2013.0
34005700401,NJ0322001,1.732988,0.0049766435117325,0.0028717126210525,6,866.0,0,0.0,0.0
34005700401,NJ0327001,1.732988,0.0022217720879688,0.0012820470124252,3,866.0,0,0.0,0.0
34005700402,NJ0319001,1.78871,1.7712796912575104,0.9902553746876298,3319,1388.0,1388,1.0,3352.0
34005700402,NJ0327001,1.78871,0.0013008004290607,0.0007272282421749509,2,1388.0,0,0.0,0.0
34005700402,NJ0424001,1.78871,0.0125226498696735,0.0070009391514966,23,1388.0,0,0.0,0.0
34005700403,NJ0319001,2.10416,2.070681685575992,0.9840894635274848,4303,1668.0,1665,0.9982014388489208,4365.0
34005700403,NJ0327001,2.10416,0.00011232554987142794,5.338260867587443e-05,0,1668.0,0,0.0,0.0
34005700403,NJ0424001,2.10416,0.0030422853875036,0.001445843180891,6,1668.0,0,0.0,0.0
34005700405,NJ0319001,0.970696,0.9626485262713697,0.9917095839185178,1669,727.0,727,1.0,1683.0
34005700405,NJ0327001,0.970696,0.0019890917350762,0.0020491397255951,3,727.0,0,0.0,0.0
34005700407,NJ0319001,2.094595,1.7995270060056137,0.8591288559390305,5272,354.0,341,0.963276836158192,5911.0
34005700407,NJ0322001,2.094595,0.0016311801934394,0.0007787568448504247,5,354.0,0,0.0,0.0
34005700407,NJ0327001,2.094595,0.0028908640285806,0.0013801541723248,8,354.0,1,0.0028248587570621,17.0
34005700408,NJ0319001,1.221255,0.8168102926591845,0.6688286170039709,1599,205.0,136,0.6634146341463415,1586.0
34005700408,NJ0322001,1.221255,0.0002795059678852558,0.00022886781866625385,1,205.0,0,0.0,0.0
34005700408,NJ0327001,1.221255,0.2800979992270266,0.2293525915775384,548,205.0,58,0.2829268292682926,676.0
34005700501,NJ0319001,5.513413,0.0070712962621758,0.0012825624095593,7,1965.0,0,0.0,0.0
34005700501,NJ0322001,5.513413,4.6166442716724925,0.8373478046488614,4548,1965.0,1929,0.981679389312977,5332.0
34005700501,NJ0324001,5.513413,0.0045277051033079,0.0008212163868928286,4,1965.0,2,0.0010178117048346,6.0
34005700502,NJ0319001,6.043189,0.0019188651272036,0.00031752525482881016,1,911.0,0,0.0,0.0
34005700502,NJ0322001,6.043189,4.869430161627715,0.805771615222975,1792,911.0,858,0.9418221734357848,2095.0
34005700502,NJ0327001,6.043189,0.0281858998558446,0.0046640771711499,10,911.0,0,0.0,0.0
34005700503,NJ0322001,4.508714,4.032485167957148,0.8943759058474651,3430,1386.0,1366,0.9855699855699857,3780.0
34005700504,NJ0322001,3.555744,3.3605079195666745,0.9450927624617168,3017,1119.0,1105,0.9874888293118856,3152.0
34005700504,NJ0324001,3.555744,0.0023093294384479,0.0006494644829458899,2,1119.0,0,0.0,0.0
34005700505,NJ0322001,18.526269,14.432941462409325,0.7790527851241567,5198,2088.0,1957,0.9372605363984674,6253.0
34005700505,NJ0324001,18.526269,0.002707097395882,0.00014612210347814773,1,2088.0,0,0.0,0.0
34005700505,NJ0327001,18.526269,0.074747219411719,0.0040346612376037,27,2088.0,1,0.0004789272030651341,3.0
34005700602,NJ0322001,8.165264,0.0035420083920508,0.0004337898189269637,3,1841.0,0,0.0,0.0
34005700602,NJ0327001,8.165264,7.726225393871951,0.9462309355670496,6166,1841.0,1837,0.997827267789245,6502.0
34005700603,NJ0327001,6.459163,5.843437852026751,0.9046741585599792,5755,1741.0,1714,0.9844916714531878,6262.0
34005700605,NJ0322001,2.547198,0.0034370132027268,0.0013493309914371,7,1401.0,0,0.0,0.0
34005700605,NJ0327001,2.547198,2.547196098195906,0.9999992533740628,5005,1401.0,1401,1.0,5005.0
34005700701,NJ0327001,1.446641,1.2225323448040255,0.8450834345245474,2610,1157.0,1137,0.982713915298185,3036.0
34005700702,NJ0327001,0.8843,0.8502656048221992,0.9615126142962788,2363,763.0,757,0.9921363040629096,2439.0
34005700703,NJ0327001,1.513136,1.3647165262778282,0.901912667650382,2215,770.0,769,0.9987012987012988,2453.0
34005700800,NJ0327001,6.106175,5.3414336374392475,0.8747593440147469,4220,1811.0,1795,0.9911651021535064,4781.0
34005700900,NJ0327001,1.401843,1.1875661767127583,0.847146347139272,2117,1033.0,1019,0.9864472410454984,2465.0
34005701001,NJ0327001,5.07416,4.595021110439205,0.9055727668105076,4540,1120.0,1095,0.9776785714285714,4901.0
34005701002,NJ0327001,2.487094,2.2323277166686935,0.89756467454334,3516,1309.0,1264,0.9656226126814362,3782.0
34005701102,NJ0305001,10.75092,0.0106855143924355,0.000993916278089274,6,1490.0,0,0.0,0.0
34005701102,NJ0306001,10.75092,10.226266190610914,0.9511991709184808,5436,1490.0,1481,0.9939597315436242,5680.0
34005701103,NJ0305001,9.630124,0.0060241265334784,0.0006255502559965456,4,2177.0,0,0.0,0.0
34005701103,NJ0306001,9.630124,7.670182208393821,0.7964780316841009,5125,2177.0,2143,0.9843821773082224,6334.0
34005701103,NJ0315001,9.630124,7.726487636566161e-05,8.023248336746403e-06,0,2177.0,0,0.0,0.0
34005701104,NJ0305001,5.153251,9.77348714787513e-06,1.8965672636312747e-06,0,1408.0,0,0.0,0.0
34005701104,NJ0306001,5.153251,4.56324298266898,0.8855076111505106,4807,1408.0,1212,0.8607954545454546,4672.0
34005701104,NJ0327001,5.153251,0.3075372579538643,0.0596782997672467,324,1408.0,171,0.1214488636363636,659.0
34005701104,NJ0338001,5.153251,0.001903571804881,0.0003693924097392287,2,1408.0,0,0.0,0.0
34005701105,NJ0306001,9.368635,7.771380320171688,0.829510416423704,5314,1849.0,1815,0.981611681990265,6288.0
34005701105,NJ0338001,9.368635,0.0395307183173727,0.0042194746958732,27,1849.0,1,0.0005408328826392645,3.0
34005701201,NJ0305001,2.391991,2.1110539453536816,0.8825509566522958,2602,1255.0,1244,0.9912350597609562,2922.0
34005701201,NJ0306001,2.391991,0.0094936199198302,0.0039689195819843,12,1255.0,0,0.0,0.0
34005701203,NJ0305001,2.865917,1.1048530529970606,0.3855146722661754,826,673.0,634,0.9420505200594352,2018.0
34005701204,NJ0305001,0.788843,0.6559413769341157,0.8315233537397375,2055,454.0,442,0.973568281938326,2406.0
34005701205,NJ0305001,1.814432,1.107704868858405,0.6104967664031526,1332,829.0,771,0.9300361881785284,2029.0
34005701301,NJ0306001,3.234628,0.0046444375759959,0.001435849060849,7,1487.0,0,0.0,0.0
34005701301,NJ0315001,3.234628,2.8565566622772764,0.8831175214823085,4154,1487.0,1473,0.9905850706119704,4660.0
34005701302,NJ0315001,1.875454,1.1190110445239465,0.5966614187945674,1558,594.0,591,0.9949494949494948,2598.0
34005701303,NJ0306001,20.167514,0.0040175971873998,0.00019921132507456576,1,2017.0,0,0.0,0.0
34005701303,NJ0315001,20.167514,5.688771157539528,0.2820759741403689,1551,2017.0,1544,0.7654933068914229,4208.0
34005701401,NJ0303001,51.150918,0.0070285947969419,0.00013740896687214726,1,3125.0,0,0.0,0.0
34005701401,NJ0315001,51.150918,0.0055306181128145,0.00010812353578511684,1,3125.0,0,0.0,0.0
34005701401,NJ0318002,51.150918,0.0275141804613652,0.0005379019876312921,4,3125.0,2,0.00064,4.0
34005701402,NJ0318002,5.15839,1.6070447852446894,0.311539993146057,740,1346.0,1255,0.9323922734026746,2214.0
34005701502,NJ0303001,6.884797,6.769541247867181,0.9832593826466026,3932,1559.0,1558,0.9993585631815266,3996.0
34005701502,NJ1111001,6.884797,0.0003705458874050528,5.38208878787643e-05,0,1559.0,0,0.0,0.0
34005701700,NJ0303001,2.420431,2.3446585405549656,0.9686946418034496,3868,1281.0,1275,0.9953161592505856,3974.0
34005702101,NJ0326006,1.933996,1.7743136751593591,0.9174339942581884,3101,455.0,454,0.9978021978021978,3373.0
34005702101,NJ0326009,1.933996,2.8533592482679525e-05,1.4753697775320904e-05,0,455.0,0,0.0,0.0
34005702203,NJ0328001,37.062776,0.0346234516434571,0.0009341839813471384,3,1408.0,6,0.0042613636363636,14.0
34005702203,NJ0329001,37.062776,0.3279424568167867,0.0088482971922229,29,1408.0,45,0.0319602272727272,104.0
34005702203,NJ0329003,37.062776,1.128398026072419,0.030445588481349,99,1408.0,563,0.3998579545454545,1296.0
34005702204,NJ0325001,25.121644,0.0246280047757599,0.0009803500430051468,2,970.0,1,0.0010309278350515,2.0
34005702204,NJ0328001,25.121644,0.0378914195984308,0.0015083176721408,3,970.0,9,0.0092783505154639,19.0
34005702204,NJ0329001,25.121644,1.5112025253499728,0.060155399278406,126,970.0,20,0.0206185567010309,43.0
34005702204,NJ0329006,25.121644,0.7932636577592751,0.0315769006900692,66,970.0,267,0.2752577319587629,576.0
34005702204,NJ0329009,25.121644,0.5189596150324829,0.020657868371691,43,970.0,189,0.1948453608247422,408.0
34005702206,NJ0329004,15.968585,5.3382730186861505,0.3342984377567675,583,898.0,680,0.7572383073496659,1321.0
34005702207,NJ0325001,11.870306,0.0132138401914238,0.0011131844614135,4,1500.0,0,0.0,0.0
34005702207,NJ0329001,11.870306,0.4010779878718559,0.0337883444514282,114,1500.0,27,0.018,61.0
34005702207,NJ0329004,11.870306,2.1195434985126056,0.1785584548968329,602,1500.0,1163,0.7753333333333333,2613.0
34005702207,NJ0329005,11.870306,0.1393848590489735,0.0117423138922428,40,1500.0,134,0.0893333333333333,301.0
34005702207,NJ0329008,11.870306,0.0255344754528664,0.002151121921614,7,1500.0,6,0.004,13.0
34005702208,NJ0329001,44.034369,0.0223325563984848,0.0005071619488514721,3,2800.0,6,0.0021428571428571,15.0
34005702208,NJ0329004,44.034369,0.7250057757611882,0.0164645433152724,112,2800.0,491,0.1753571428571428,1196.0
34005702208,NJ0329005,44.034369,0.0442142124711032,0.0010040841614218,7,2800.0,21,0.0075,51.0
34005702209,NJ0329004,4.620524,2.2428152576977123,0.485402793643689,1451,1161.0,898,0.7734711455641688,2312.0
34005702210,NJ0325001,3.47842,0.012041820816636,0.0034618651044543,16,1671.0,0,0.0,0.0
34005702210,NJ0329002,3.47842,0.131220364235171,0.0377241288387173,172,1671.0,130,0.0777977259126271,355.0
34005702210,NJ0329004,3.47842,2.9758942926696967,0.8555304686235983,3900,1671.0,1497,0.895870736086176,4084.0
34005702300,NJ0328001,1.527134,1.4094421684276857,0.9229328719206604,1265,618.0,614,0.9935275080906149,1362.0
34005702300,NJ0329006,1.527134,0.0003020984127111733,0.0001978205008278077,0,618.0,0,0.0,0.0
34005702400,NJ0306001,75.513262,0.0011803936316858,1.5631606957806562e-05,0,2420.0,0,0.0,0.0
34005702400,NJ0318002,75.513262,9.26189713552594e-06,1.226525896275801e-07,0,2420.0,0,0.0,0.0
34005702400,NJ0323001,75.513262,9.216800868627616e-06,1.2205539298021078e-07,0,2420.0,0,0.0,0.0
34005702400,NJ0325001,75.513262,1.7126056266686648e-05,2.2679534446130337e-07,0,2420.0,0,0.0,0.0
34005702400,NJ0340001,75.513262,0.0003094960141945849,4.098565020202476e-06,0,2420.0,0,0.0,0.0
34005702500,NJ0311001,14.840977,0.0345426842513824,0.0023275209072409,14,2185.0,51,0.0233409610983981,145.0
34005702500,NJ0311002,14.840977,0.0113657333022396,0.0007658345742493645,5,2185.0,15,0.0068649885583524,43.0
34005702500,NJ0323001,14.840977,7.225461158634785,0.486858861019378,3014,2185.0,1686,0.77162471395881,4777.0
34005702601,NJ0323001,2.609432,2.626835180038947,1.0066693364835515,4173,1582.0,1582,1.0,4145.0
34005702603,NJ0323001,0.932276,0.9271005128991192,0.9944485462450168,2585,629.0,629,1.0,2599.0
34005702701,NJ0306001,8.697864,0.0046488524165802,0.0005344820770456114,2,591.0,0,0.0,0.0
34005702701,NJ0338001,8.697864,3.60571921005511,0.4145522636425575,1209,591.0,514,0.8697123519458545,2537.0
34005702702,NJ0323001,19.724747,5.4152273572323875,0.2745397625243247,1703,2176.0,1817,0.8350183823529411,5180.0
34005702801,NJ0306001,1.298162,0.0061912334306025,0.0047692302121018,10,778.0,0,0.0,0.0
34005702801,NJ0338001,1.298162,1.2906299864075863,0.9941979401704766,2108,778.0,778,1.0,2120.0
34005702802,NJ0338001,1.675352,1.6753563802743303,1.000002614539709,3248,1209.0,1209,1.0,3248.0
34005702803,NJ0338001,1.751504,1.733796456743996,0.9898900925969888,3740,1411.0,1411,1.0,3778.0
34005702804,NJ0338001,1.221597,1.2185353257909155,0.9974937117485682,2587,1045.0,1045,1.0,2594.0
34005702805,NJ0338001,2.136935,2.117078820740257,0.9907081033069594,3617,1326.0,1326,1.0,3651.0
34005702806,NJ0338001,1.864149,1.71642906389366,0.9207574415423122,3502,1329.0,1318,0.9917231000752446,3772.0
34005702807,NJ0306001,2.094538,0.0034324707276964,0.0016387722388882,5,969.0,0,0.0,0.0
34005702807,NJ0327001,2.094538,0.0019515766079127,0.0009317456202335668,3,969.0,0,0.0,0.0
34005702807,NJ0338001,2.094538,1.8651571206636617,0.8904861695818655,2845,969.0,950,0.9803921568627452,3132.0
34005702808,NJ0338001,1.509892,1.5088489111835213,0.9993091632934814,3293,1132.0,1132,1.0,3295.0
34005702809,NJ0327001,0.793076,2.630973550677299e-05,3.317429288841548e-05,0,178.0,0,0.0,0.0
34005702809,NJ0338001,0.793076,0.7460571969640897,0.9407133704261504,2132,178.0,168,0.9438202247191012,2139.0
34005702810,NJ0327001,3.501421,0.0007738206201232969,0.00022100187898664483,0,549.0,0,0.0,0.0
34005702810,NJ0338001,3.501421,3.70091843164322,1.0569761338734245,1449,549.0,545,0.9927140255009108,1361.0
34005702811,NJ0338001,2.162208,2.1222352858844835,0.9815130116457268,2521,1009.0,1004,0.9950445986124876,2555.0
34005702905,NJ0324001,3.30395,3.2468937741192834,0.9827309051648128,4727,1083.0,1082,0.9990766389658357,4806.0
34005702905,NJ0327001,3.30395,0.022337312129084,0.0067607900025981,33,1083.0,1,0.0009233610341643582,4.0
34005702906,NJ0319001,7.681611,0.0009737494663820834,0.00012676370443414584,0,948.0,0,0.0,0.0
34005702906,NJ0324001,7.681611,1.2440731312877118,0.1619547164374389,360,948.0,247,0.260548523206751,579.0
34005702906,NJ0327001,7.681611,1.7563210854064983,0.2286396805834737,508,948.0,511,0.5390295358649789,1198.0
34005702907,NJ0324001,2.711806,2.7389833237997885,1.0100218539968524,3009,1134.0,1134,1.0,2979.0
34005702908,NJ0324001,5.900508,5.950895502079599,1.0085395193226752,4436,1677.0,1677,1.0,4398.0
34005702909,NJ0322001,5.687458,0.0011517029283829,0.00020249871355232924,1,1490.0,0,0.0,0.0
34005702909,NJ0324001,5.687458,5.483160874463223,0.9640793610191448,6056,1490.0,1490,1.0,6282.0
34005702910,NJ0320001,16.986043,3.3302469551563264e-06,1.960578432043488e-07,0,2129.0,0,0.0,0.0
34005702910,NJ0322001,16.986043,0.0004782143778800964,2.815337144031111e-05,0,2129.0,0,0.0,0.0
34005702910,NJ0324001,16.986043,14.163044979791954,0.8338048467080859,5089,2129.0,2074,0.9741662752465946,5945.0
34005702913,NJ0324001,2.181587,2.0704183586928475,0.9490423066753,4513,355.0,349,0.9830985915492958,4675.0
34005702914,NJ0323001,6.470703,0.00028476595766842365,4.4008503816111425e-05,0,1650.0,0,0.0,0.0
34005702914,NJ0324001,6.470703,5.562424247535435,0.859632136961847,3768,1650.0,1629,0.9872727272727272,4327.0
34005702915,NJ0324001,2.383263,2.3526693791600706,0.9871631369093846,4227,698.0,695,0.995702005730659,4264.0
34005702917,NJ0324001,1.237965,1.22062514890479,0.985993262252802,2569,414.0,414,1.0,2606.0
34005702918,NJ0324001,1.719393,1.7145052011138413,0.9971572532363696,1807,242.0,242,1.0,1812.0
34005703000,NJ0323001,16.757299,8.726333676144835,0.5207482229770344,3143,2692.0,2432,0.9034175334323924,5452.0
34005703000,NJ0324001,16.757299,0.0100858966593227,0.0006018808078391856,4,2692.0,0,0.0,0.0
34005703102,NJ0323001,16.991363,3.2544891737552413,0.191537852128475,498,1246.0,578,0.463884430176565,1206.0
34005703102,NJ0324001,16.991363,6.290780837833881e-05,3.702340323041701e-06,0,1246.0,0,0.0,0.0
34005703103,NJ0323001,10.200405,2.3250030134236597,0.227932421646362,1135,790.0,610,0.7721518987341772,3845.0
34005703104,NJ0323001,6.170181,5.984108450913454,0.9698432592031666,5066,1829.0,1816,0.9928922908693276,5187.0
34005703201,NJ0311002,65.603803,1.7637661630287766e-06,2.6885120715163064e-08,0,2181.0,0,0.0,0.0
34005703201,NJ0333002,65.603803,0.3552781505983108,0.0054155115153661,19,2181.0,302,0.1384685923888124,492.0
34005703201,NJ0333003,65.603803,0.0662362888042908,0.0010096409929816,4,2181.0,18,0.0082530949105914,29.0
34005703201,NJ0333004,65.603803,0.085281720311094,0.0012999508627738,5,2181.0,6,0.0027510316368638,10.0
34005703202,NJ0323001,39.829581,0.0026577634406127,6.672838061270844e-05,0,1683.0,0,0.0,0.0
34005703202,NJ0333004,39.829581,0.4679893964803884,0.0117497946182358,31,1683.0,245,0.1455733808674985,385.0
34005703203,NJ0333001,8.415925,2.929787421502586,0.3481242313236615,1436,2568.0,2411,0.9388629283489096,3873.0
34005703600,NJ0335001,127.431694,0.171544499628989,0.0013461682431137,9,3593.0,71,0.0197606456999721,134.0
34005703700,NJ0320001,115.12963,0.0026328790428265,2.2868822238259513e-05,0,2932.0,0,0.0,0.0
34005703700,NJ0332001,115.12963,0.1217461328211426,0.0010574700259276,7,2932.0,94,0.0320600272851296,207.0
34005703700,NJ0332002,115.12963,0.1038250438203811,0.000901809932164128,6,2932.0,42,0.0143246930422919,93.0
34005703801,NJ0320001,37.364466,7.888098611673983,0.2111123068552346,1523,2796.0,1033,0.3694563662374821,2666.0
34005703801,NJ0320002,37.364466,0.6620858405966655,0.0177196655398919,128,2796.0,64,0.0228898426323319,165.0
34005703802,NJ0313001,16.669939,0.0011353726096078,6.810898405854246e-05,0,2093.0,0,0.0,0.0
34005703802,NJ0320001,16.669939,12.074901661731896,0.7243518804557051,3568,2093.0,1885,0.9006211180124224,4436.0
34005703803,NJ0320001,7.760241,4.906179197172868,0.6322199525984913,3200,1705.0,1177,0.6903225806451613,3494.0
34005703804,NJ0313001,38.695501,0.0129925156100371,0.0003357629510995911,2,2632.0,1,0.00037993920972644377,3.0
34005703804,NJ0320001,38.695501,16.925399588129807,0.4373996756917505,3190,2632.0,2451,0.9312310030395136,6792.0
34005703900,NJ0320001,2.951904,0.0021072928672507,0.0007138758127807466,3,1570.0,0,0.0,0.0
34005704004,NJ0313001,3.541185,2.509489813145348,0.7086582071101475,2701,941.0,886,0.9415515409139212,3588.0
34005704004,NJ0324001,3.541185,0.0057646292052716,0.0016278814027709,6,941.0,1,0.0010626992561105,4.0
34005704005,NJ0313001,2.900143,2.4238356569603705,0.83576418713159,3238,1012.0,971,0.9594861660079052,3717.0
34005704005,NJ0324001,2.900143,0.0085135114400386,0.0029355488470874,11,1012.0,0,0.0,0.0
34005704005,NJ0327001,2.900143,0.006398649524203,0.0022063220759124,9,1012.0,0,0.0,0.0
34005704006,NJ0313001,2.522822,2.0204739211897627,0.8008785087452712,1876,577.0,531,0.9202772963604852,2155.0
34005704006,NJ0327001,2.522822,0.0083257374537475,0.003300168404171,8,577.0,0,0.0,0.0
34005704007,NJ0313001,2.725688,2.711067793894417,0.9946361410016176,3560,1233.0,1230,0.9975669099756692,3570.0
34005704008,NJ0313001,9.772385,6.4140493315661615,0.6563443142657767,3347,1639.0,1533,0.9353264185478952,4770.0
34005704009,NJ0313001,8.587334,8.339733420581696,0.9711667696378988,4527,921.0,902,0.979370249728556,4565.0
34005704009,NJ0320001,8.587334,3.416077304931241e-05,3.978041735573859e-06,0,921.0,0,0.0,0.0
34005704011,NJ0313001,23.475421,7.683626707575365,0.3273051719743541,1093,1374.0,497,0.3617176128093158,1208.0
34005704011,NJ0320001,23.475421,1.9032914457075096e-05,8.107592386554045e-07,0,1374.0,0,0.0,0.0
34005704011,NJ0327001,23.475421,5.122247347608209e-07,2.1819618688023565e-08,0,1374.0,0,0.0,0.0
34005704011,NJ0405001,23.475421,3.99238860818441e-05,1.700667522931499e-06,0,1374.0,0,0.0,0.0
34005704011,NJ0435003,23.475421,0.003363088141405,0.0001432599714145705,0,1374.0,0,0.0,0.0
34005704012,NJ0313001,9.252749,4.741037473223728,0.5123923142434458,3005,1197.0,1037,0.8663324979114453,5081.0
34005704013,NJ0313001,3.533977,3.4411656442427008,0.9737374194123788,5125,1694.0,1691,0.9982290436835892,5254.0
34005704015,NJ0313001,4.492053,3.782863990021372,0.8421236325620761,3426,957.0,893,0.9331243469174504,3796.0
34005704015,NJ0324001,4.492053,0.0270037285321503,0.0060114447741712,24,957.0,3,0.0031347962382445,13.0
34005704016,NJ0313001,4.709599,4.707624853319097,0.9995808248895708,4921,1469.0,1469,1.0,4923.0
34005704016,NJ0324001,4.709599,0.0503223178171533,0.0106850536143636,53,1469.0,4,0.0027229407760381,13.0
34005704201,NJ0303001,6.622951,5.257992886333013,0.7939048448845557,4210,1583.0,1572,0.9930511686670878,5266.0
34005704202,NJ0303001,9.633083,4.910671251772322,0.5097715084332111,1537,908.0,603,0.6640969162995595,2002.0
34005704202,NJ0314001,9.633083,0.889436311995509,0.0923314282660607,278,908.0,246,0.2709251101321586,817.0
34005704302,NJ0303001,52.741061,0.0056005456407628,0.00010618947617991376,1,3121.0,0,0.0,0.0
34005704302,NJ1103001,52.741061,5.311535849597058,0.1007096889764325,634,3121.0,1741,0.5578340275552708,3513.0
34005704500,NJ0325001,44.255573,0.1878271783674132,0.0042441474742042,23,2895.0,0,0.0,0.0
34005704500,NJ0326001,44.255573,0.2041006965293143,0.0046118642849639,24,2895.0,117,0.0404145077720207,214.0
34005704500,NJ0326003,44.255573,0.0206622156086228,0.00046688392462171645,2,2895.0,6,0.0020725388601036,11.0
34005704500,NJ0326004,44.255573,0.2056294922131335,0.0046464089892844,25,2895.0,140,0.0483592400690846,256.0
34005704500,NJ0326005,44.255573,0.0229308510683049,0.0005181460664469301,3,2895.0,3,0.0010362694300518,5.0
34005704500,NJ0326006,44.255573,0.0127313290333722,0.00028767741936980924,2,2895.0,0,0.0,0.0
34005704500,NJ0326007,44.255573,0.0268996306620716,0.0006078247063273052,3,2895.0,40,0.0138169257340241,73.0
34005704500,NJ0326008,44.255573,0.3772450120462728,0.008524237434374,45,2895.0,257,0.0887737478411053,471.0
34005704500,NJ0326009,44.255573,0.0630335262217633,0.0014243070860649,8,2895.0,40,0.0138169257340241,73.0
34005704500,NJ0326013,44.255573,0.0368296169494548,0.0008322029171208531,4,2895.0,14,0.0048359240069084,26.0
34005704500,NJ0326014,44.255573,0.0114440438627701,0.0002585898924587441,1,2895.0,18,0.0062176165803108,33.0
34005704500,NJ0340001,44.255573,0.9705011667652698,0.0219294678834069,116,2895.0,232,0.0801381692573402,425.0
34005704500,NJ0340002,44.255573,0.0010906005779188,2.464323708832791e-05,0,2895.0,1,0.0003454231433506045,2.0
34005704600,NJ0323001,3.771242,3.3066634624796483,0.8768102027076619,2838,998.0,956,0.9579158316633266,3101.0
34005704700,NJ0301001,697.804386,0.0211395962788183,3.0294444550565388e-05,0,2795.0,14,0.0050089445438282,18.0
34005704700,NJ0339001,697.804386,0.3372724306924417,0.0004833337787195,2,2795.0,12,0.004293381037567,15.0
34005704801,NJ0325001,52.72205,6.3931661706910035,0.1212617144191283,419,957.0,291,0.3040752351097178,1051.0
34005704801,NJ0326006,52.72205,0.021836091772655,0.0004141737996275756,1,957.0,0,0.0,0.0
34005704801,NJ0329001,52.72205,0.0049928090365361,9.47005861216728e-05,0,957.0,0,0.0,0.0
34005704801,NJ0329004,52.72205,0.0013787517444565,2.6151330315429313e-05,0,957.0,0,0.0,0.0
34005981802,NJ0303001,2.455737,0.001929145687066,0.0007855668937944127,2,87.0,0,0.0,0.0
34005981802,NJ0307002,2.455737,0.1077183553018842,0.0438639623468979,137,87.0,4,0.0459770114942528,144.0
34005981802,NJ1111001,2.455737,6.917996105179191e-05,2.8170753240999304e-05,0,87.0,0,0.0,0.0
34005982111,NJ0325001,11.501379,0.0464404545596756,0.0040378162096628,5,260.0,0,0.0,0.0
34005982111,NJ0326006,11.501379,10.49226239314024,0.912261250858722,1042,260.0,192,0.7384615384615385,843.0
34005982200,NJ0325001,15.402774,4.207893352034027,0.273190618263569,1053,704.0,245,0.3480113636363636,1342.0
34007600200,NJ0408001,1.171711,0.5824655049835803,0.4971067993588695,933,387.0,346,0.8940568475452196,1677.0
34007600400,NJ0408001,0.862456,0.7384045170807063,0.8561648560398517,2491,611.0,607,0.9934533551554828,2891.0
34007600700,NJ0408001,0.640048,0.5566404199094369,0.8696854297012676,1339,220.0,215,0.9772727272727272,1505.0
34007600800,NJ0408001,1.128301,0.8232725217522493,0.7296568218518368,3506,452.0,441,0.9756637168141592,4688.0
34007600900,NJ0327001,1.787659,0.8511860305875668,0.4761456354861675,1933,531.0,451,0.8493408662900188,3447.0
34007600900,NJ0408001,1.787659,0.1994562795400675,0.111574007984782,453,531.0,27,0.0508474576271186,206.0
34007601000,NJ0327001,1.482252,1.1267145320988985,0.7601369619328551,4078,1058.0,1049,0.9914933837429112,5319.0
34007601101,NJ0327001,0.740245,0.7101903708647711,0.9593990785007276,2904,409.0,397,0.9706601466992664,2938.0
34007601102,NJ0327001,1.009614,0.7446718608433939,0.7375807594223078,3770,844.0,701,0.830568720379147,4245.0
34007601102,NJ0424001,1.009614,0.1063527456359192,0.1053400068104436,538,844.0,137,0.1623222748815166,830.0
34007601200,NJ0327001,0.805794,0.747967515884036,0.9282366409827276,5283,658.0,626,0.9513677811550152,5414.0
34007601200,NJ0424001,0.805794,0.0410301837770406,0.0509189492314917,290,658.0,31,0.047112462006079,268.0
34007601300,NJ0327001,1.442996,1.0737115520640064,0.7440849122686455,3966,494.0,470,0.951417004048583,5071.0
34007601400,NJ0408001,1.572123,0.6430788604642417,0.4090512386526001,1748,660.0,626,0.9484848484848484,4054.0
34007601500,NJ0408001,1.171356,0.917755744980366,0.7834985648943327,4268,703.0,685,0.9743954480796586,5308.0
34007601500,NJ0412001,1.171356,0.0021862528242915,0.0018664290141439,10,703.0,0,0.0,0.0
34007601600,NJ0408001,0.525158,0.4598027939073213,0.8755513462754473,1868,270.0,264,0.9777777777777776,2087.0
34007601700,NJ0408001,0.88567,0.7583688174055345,0.8562656716446696,2462,385.0,375,0.974025974025974,2800.0
34007601700,NJ0412001,0.88567,1.595391339622438e-06,1.801338353588174e-06,0,385.0,0,0.0,0.0
34007601800,NJ0408001,1.999381,0.5668120587395848,0.2834937706918215,312,415.0,291,0.7012048192771084,773.0
34007601900,NJ0408001,1.151659,0.9233105199545024,0.801722141670844,2248,286.0,280,0.9790209790209792,2745.0
34007602000,NJ0408001,1.754176,1.1631254988815254,0.6630608894897236,4142,819.0,797,0.9731379731379732,6079.0
34007602503,NJ0327001,1.044735,0.7751636679435295,0.7419715697698742,1945,798.0,666,0.8345864661654135,2187.0
34007602503,NJ0424001,1.044735,0.187702376088961,0.1796650596457101,471,798.0,125,0.156641604010025,411.0
34007602601,NJ0424001,1.471379,1.4328316678985364,0.9738019014125772,2859,1060.0,1057,0.9971698113207548,2928.0
34007602602,NJ0327001,0.665761,0.0751821632238174,0.1129266556974912,341,651.0,37,0.0568356374807987,172.0
34007602602,NJ0424001,0.665761,0.5849052370722874,0.8785513676413718,2654,651.0,614,0.9431643625192012,2849.0
34007602901,NJ0319001,5.077189,0.002826607973675,0.0005567269553437955,3,1879.0,0,0.0,0.0
34007602901,NJ0424001,5.077189,4.384475279148006,0.8635635346937067,4312,1879.0,1855,0.9872272485364556,4929.0
34007602902,NJ0424001,1.611936,1.2705508740940148,0.7882142182406837,2541,1057.0,1028,0.9725638599810784,3136.0
34007603001,NJ0424001,1.58624,1.4967750153777517,0.9435993389258572,3525,1486.0,1473,0.9912516823687753,3703.0
34007603002,NJ0327001,1.436033,0.119590487434165,0.0832783699498305,418,1386.0,80,0.0577200577200577,290.0
34007603002,NJ0424001,1.436033,1.2356504396043864,0.8604610336979627,4320,1386.0,1297,0.9357864357864358,4699.0
34007603100,NJ0424001,1.537015,1.4885459612856031,0.9684654744980388,3700,1193.0,1190,0.997485331098072,3810.0
34007603201,NJ0319001,4.64524,0.0024553566720974,0.0005285747716151279,3,1789.0,0,0.0,0.0
34007603201,NJ0327001,4.64524,0.0023624744967967,0.0005085796421275807,3,1789.0,0,0.0,0.0
34007603201,NJ0424001,4.64524,3.590035442012388,0.7728417567256778,3869,1789.0,1747,0.9765231973169368,4888.0
34007603202,NJ0327001,4.082509,0.0742323595338921,0.0181830240996142,49,796.0,7,0.0087939698492462,24.0
34007603202,NJ0424001,4.082509,3.1437711327044564,0.7700585920825788,2074,796.0,749,0.9409547738693468,2534.0
34007603301,NJ0327001,4.54208,3.971560209699629,0.8743923950480019,5240,1580.0,1552,0.9822784810126582,5887.0
34007603302,NJ0319001,3.753669,0.0066652784866867,0.0017756702806472,11,1827.0,2,0.0010946907498631,7.0
34007603302,NJ0327001,3.753669,3.4804871578007117,0.9272227140434364,5877,1827.0,1776,0.9720853858784894,6161.0
34007603302,NJ0424001,3.753669,0.1070551959762801,0.0285201481473939,181,1827.0,39,0.0213464696223316,135.0
34007603303,NJ0327001,0.986806,0.949687042891408,0.9623847472465792,2788,453.0,450,0.9933774834437086,2878.0
34007603400,NJ0327001,5.181493,4.551269171450486,0.8783702248464847,6652,2199.0,2169,0.9863574351978172,7470.0
34007603501,NJ0313001,7.411294,0.0070343430072611,0.0009491383026042632,6,1984.0,0,0.0,0.0
34007603501,NJ0324001,7.411294,0.0006474018211443909,8.735341239254453e-05,1,1984.0,0,0.0,0.0
34007603501,NJ0327001,7.411294,6.668293089796202,0.8997474786179313,6000,1984.0,1934,0.9747983870967742,6501.0
34007603503,NJ0327001,4.527445,4.538941143808794,1.0025392122507937,4852,1731.0,1731,1.0,4840.0
34007603504,NJ0327001,2.430808,2.367019689488229,0.9737583920606766,2617,920.0,919,0.9989130434782608,2685.0
34007603505,NJ0327001,2.9145,2.5976464071354597,0.8912837217826247,3013,1311.0,1305,0.9954233409610984,3366.0
34007603506,NJ0313001,5.062806,0.0067881336086691,0.001340784855013,9,2131.0,0,0.0,0.0
34007603506,NJ0327001,5.062806,5.02873449902603,0.9932702337450872,6516,2131.0,2129,0.999061473486626,6554.0
34007603507,NJ0327001,6.027595,6.025293752031366,0.9996182145667328,7236,1800.0,1800,1.0,7239.0
34007603601,NJ0327001,3.670837,3.2536981148994726,0.8863640948643245,3502,1229.0,1208,0.9829129373474368,3883.0
34007603602,NJ0327001,2.694707,2.460189301492276,0.9129709840410388,2393,939.0,935,0.9957401490947816,2610.0
34007603603,NJ0327001,2.191204,2.122972647003748,0.968861250254996,2388,958.0,955,0.9968684759916492,2457.0
34007603700,NJ0327001,2.223267,1.903314284964213,0.856088938019686,3115,1203.0,1196,0.9941812136325852,3618.0
34007603800,NJ0327001,2.174897,0.0039732687973906,0.0018268767658379,10,2041.0,1,0.0004899559039686428,3.0
34007603800,NJ0412001,2.174897,0.0544524600213635,0.0250367994536585,138,2041.0,59,0.0289073983341499,159.0
34007603800,NJ0416001,2.174897,1.866092851605886,0.8580143572803154,4723,2041.0,1974,0.9671729544341008,5323.0
34007603901,NJ0327001,2.280437,0.0146811951631199,0.0064378867572837,32,1731.0,2,0.0011554015020219,6.0
34007603901,NJ0412001,2.280437,0.2505198019982043,0.1098560503965706,554,1731.0,308,0.1779318313113807,897.0
34007603901,NJ0416001,2.280437,1.7324242221363528,0.7596895779784106,3832,1731.0,1375,0.7943385326400925,4007.0
34007603902,NJ0327001,1.308244,0.0107134896713252,0.0081892136874507,26,815.0,0,0.0,0.0
34007603902,NJ0412001,1.308244,1.8064612558577208e-05,1.3808290012090412e-05,0,815.0,0,0.0,0.0
34007603902,NJ0416001,1.308244,1.2051319251566324,0.9211828413939848,2928,815.0,815,1.0,3178.0
34007604100,NJ0408001,0.563497,1.0703205380588767e-05,1.899425441588645e-05,0,593.0,0,0.0,0.0
34007604100,NJ0412001,0.563497,0.5169035217021306,0.9173137065541264,2662,593.0,590,0.9949409780775716,2887.0
34007604200,NJ0408001,1.015903,1.4967609729617837e-05,1.4733305964858688e-05,0,850.0,0,0.0,0.0
34007604200,NJ0412001,1.015903,0.8753270843346541,0.8616246672513558,2743,850.0,844,0.9929411764705882,3161.0
34007604300,NJ0412001,1.049355,1.0365166169026865,0.9877654529712884,3839,1097.0,1097,1.0,3887.0
34007604400,NJ0412001,1.720552,1.6403894241460435,0.9534088037711406,3103,1246.0,1241,0.9959871589085072,3242.0
34007604400,NJ0416001,1.720552,1.0737115982919931e-06,6.240506525184901e-07,0,1246.0,0,0.0,0.0
34007604600,NJ0327001,0.793029,0.8115304809552635,1.023330144238437,2140,759.0,758,0.9986824769433466,2088.0
34007604600,NJ0412001,0.793029,7.018618736322969e-05,8.850393537087508e-05,0,759.0,0,0.0,0.0
34007604600,NJ0416001,0.793029,0.00030021376907336523,0.0003785659403040308,1,759.0,0,0.0,0.0
34007604700,NJ0327001,0.831477,0.8112476461474037,0.9756705791590192,1794,802.0,801,0.9987531172069826,1837.0
34007605100,NJ0327001,1.353902,0.00031420529357923077,0.00023207388243700857,1,959.0,0,0.0,0.0
34007605100,NJ0414001,1.353902,1.1018127103603346,0.8138053643176054,1947,959.0,945,0.9854014598540146,2358.0
34007605200,NJ0327001,1.798716,0.0019286245686479,0.0010722229460614,3,1020.0,0,0.0,0.0
34007605200,NJ0407001,1.798716,6.814431990589946e-05,3.788498012243148e-05,0,1020.0,0,0.0,0.0
34007605200,NJ0414001,1.798716,1.430616018609896,0.7953540295465743,2173,1020.0,1016,0.996078431372549,2721.0
34007605300,NJ0404001,1.26511,0.0003068762233604211,0.0002425688069499262,0,639.0,0,0.0,0.0
34007605300,NJ0407001,1.26511,0.9187430133390464,0.7262159127182982,1318,639.0,622,0.97339593114241,1767.0
34007605300,NJ0414001,1.26511,1.8002841121982782e-05,1.4230257544389645e-05,0,639.0,0,0.0,0.0
34007605400,NJ0327001,1.313462,1.0279592660553891,0.7826334268181259,2087,1096.0,1090,0.9945255474452556,2651.0
34007605400,NJ0404001,1.313462,0.0054913782341956,0.0041808428673198,11,1096.0,0,0.0,0.0
34007605400,NJ0414001,1.313462,0.00026599747542105617,0.00020251630836754788,1,1096.0,0,0.0,0.0
34007605602,NJ0327001,1.106939,1.0700260881965378,0.9666531653474472,2688,1039.0,1037,0.9980750721847932,2776.0
34007605700,NJ0327001,1.421671,1.3694060458652944,0.9632369555722066,3408,1461.0,1460,0.999315537303217,3536.0
34007605700,NJ0416001,1.421671,0.002015335235205,0.0014175820110313,5,1461.0,0,0.0,0.0
34007605800,NJ0327001,1.490233,1.3484412722273156,0.90485264534292,2630,1215.0,1212,0.9975308641975308,2899.0
34007605900,NJ0327001,1.377452,1.1739701010837833,0.8522765955429179,2223,1042.0,1035,0.9932821497120922,2590.0
34007606000,NJ0327001,1.188937,1.0156517392459836,0.8542519403853894,1692,806.0,784,0.9727047146401984,1927.0
34007606100,NJ0327001,1.073073,1.050946725559418,0.979380457396112,2429,858.0,857,0.9988344988344988,2477.0
34007606100,NJ0416001,1.073073,0.00040644776045410257,0.000378769907037175,1,858.0,0,0.0,0.0
34007606200,NJ0327001,2.285761,2.25879481292259,0.9882025342643392,4229,1733.0,1726,0.9959607616849394,4262.0
34007606200,NJ0416001,2.285761,0.0022994188110746,0.0010059751702276,4,1733.0,0,0.0,0.0
34007606300,NJ0327001,1.635135,1.6760999051294132,1.0250529192570723,2418,867.0,864,0.9965397923875432,2351.0
34007606400,NJ0327001,2.954983,2.8855435186208083,0.976500886340398,3360,1262.0,1259,0.997622820919176,3433.0
34007606500,NJ0327001,3.704848,3.436749714779911,0.9276358206274348,2741,1160.0,1149,0.9905172413793104,2927.0
34007606600,NJ0327001,1.945026,1.6315397587637104,0.838826709135873,1913,910.0,901,0.99010989010989,2257.0
34007606700,NJ0327001,2.150314,2.089699298280915,0.9718112323506776,4660,1620.0,1620,1.0,4795.0
34007606800,NJ0327001,2.040011,1.5540796526883645,0.7617996435746497,3017,1500.0,1262,0.8413333333333334,3332.0
34007606800,NJ0404001,2.040011,0.3943344915851722,0.1933001790603934,765,1500.0,236,0.1573333333333333,623.0
34007607000,NJ0404001,2.606157,2.241674838129393,0.8601457387752899,4081,1414.0,1379,0.9752475247524752,4628.0
34007607000,NJ0407001,2.606157,0.0004026646653828211,0.00015450514507868142,1,1414.0,0,0.0,0.0
34007607100,NJ0327001,2.338017,1.803585478372984,0.7714167511925636,2887,1507.0,1503,0.9973457199734572,3732.0
34007607100,NJ0404001,2.338017,0.0026146596656693,0.0011183236330913,4,1507.0,0,0.0,0.0
34007607200,NJ0327001,2.974178,2.7480365947566514,0.9239650736293024,4234,1509.0,1499,0.9933730947647448,4552.0
34007607300,NJ0327001,2.534168,2.4350052111472156,0.9608696862825256,4182,1734.0,1720,0.9919261822376008,4317.0
34007607401,NJ0327001,1.602316,1.4998461224336457,0.9360488957444384,2798,1050.0,1044,0.9942857142857144,2972.0
34007607402,NJ0327001,2.002838,1.767314173847359,0.8824049542935369,2274,911.0,894,0.9813391877058176,2529.0
34007607502,NJ0327001,8.039372,7.552686262491504,0.9394622194981777,5431,1974.0,1952,0.9888551165146908,5717.0
34007607503,NJ0313001,5.445904,0.0054455043401765,0.0009999266127674155,7,1631.0,0,0.0,0.0
34007607503,NJ0327001,5.445904,5.293671348831774,0.9720463946539958,6950,1631.0,1624,0.9957081545064378,7119.0
34007607504,NJ0327001,6.085288,5.929596800315951,0.9744151468781675,3981,1447.0,1441,0.9958534899792676,4069.0
34007607504,NJ0405001,6.085288,0.0007467846826910972,0.00012271969423486567,1,1447.0,0,0.0,0.0
34007607505,NJ0327001,6.35207,5.7188425014966615,0.9003116309323829,4177,1674.0,1622,0.968936678614098,4496.0
34007607505,NJ0405001,6.35207,0.0271657305218645,0.0042766736704514,20,1674.0,14,0.008363201911589,39.0
34007607506,NJ0327001,0.899258,0.9060750444465748,1.0075807437315818,3209,345.0,345,1.0,3185.0
34007607507,NJ0327001,2.88788,2.7306674724287157,0.9455612672371136,5888,870.0,843,0.9689655172413794,6034.0
34007607600,NJ0327001,5.573837,5.481082163234745,0.983358889618542,2153,967.0,964,0.9968976215098242,2182.0
34007607701,NJ0327001,3.33769,2.3997782733338067,0.7189937571595345,5011,734.0,694,0.9455040871934604,6589.0
34007607701,NJ0405001,3.33769,0.0070560027485042,0.0021140377771765,15,734.0,0,0.0,0.0
34007607701,NJ0411001,3.33769,0.0049188294186198,0.0014737226700561,10,734.0,0,0.0,0.0
34007607702,NJ0327001,3.118231,2.8644501154346687,0.918613827979604,5863,1121.0,1111,0.9910793933987512,6325.0
34007607702,NJ0411001,3.118231,0.0020359670465445,0.0006529237399488967,4,1121.0,0,0.0,0.0
34007607801,NJ0327001,2.324212,2.022959736399441,0.8703852042754452,5037,927.0,834,0.8996763754045307,5206.0
34007607801,NJ0411001,2.324212,0.0014679028931856,0.0006315701378297719,4,927.0,0,0.0,0.0
34007607801,NJ0415002,2.324212,0.0985220644190893,0.0423894483029471,245,927.0,42,0.0453074433656957,262.0
34007607801,NJ0428002,2.324212,0.0021274806681704,0.0009153556853550685,5,927.0,0,0.0,0.0
34007607802,NJ0327001,1.326109,1.3232346269575472,0.9978324760314176,2498,871.0,871,1.0,2503.0
34007607802,NJ0411001,1.326109,0.0035640905075314,0.0026876301326145,7,871.0,0,0.0,0.0
34007607900,NJ0327001,1.16924,1.14313834101127,0.977676388946042,1934,771.0,767,0.9948119325551232,1968.0
34007608001,NJ0327001,1.799724,1.6434752001216308,0.9131817990545388,3108,945.0,921,0.9746031746031746,3317.0
34007608202,NJ0327001,3.392437,2.554756062139587,0.7530739884453527,3057,1169.0,904,0.7733105218135158,3139.0
34007608202,NJ0415002,3.392437,0.5803786516484578,0.1710801561380381,694,1169.0,220,0.1881950384944397,764.0
34007608202,NJ0428002,3.392437,5.524150085984729e-07,1.628372195558747e-07,0,1169.0,0,0.0,0.0
34007608205,NJ0327001,2.683489,2.6817376750904924,0.9993473701924966,3926,1459.0,1459,1.0,3929.0
34007608206,NJ0327001,2.78379,2.8109070191699934,1.009741043386891,3568,1390.0,1390,1.0,3534.0
34007608209,NJ0327001,2.762632,0.5241204856172388,0.1897178073725486,810,857.0,267,0.3115519253208868,1330.0
34007608209,NJ0415002,2.762632,1.688085628315792,0.6110425233312985,2609,857.0,554,0.646441073512252,2760.0
34007608210,NJ0415002,4.835266,2.1336322664148972,0.441264713547279,1606,652.0,575,0.8819018404907976,3210.0
34007608210,NJ0818004,4.835266,0.0007934359697629698,0.00016409355137090076,1,652.0,0,0.0,0.0
34007608211,NJ0415002,5.902356,3.648109942326133,0.6180769073105947,3935,932.0,886,0.9506437768240344,6053.0
34007608211,NJ0428002,5.902356,0.010607672443005,0.0017971929248261,11,932.0,0,0.0,0.0
34007608302,NJ0327001,2.934034,1.9760195143917731,0.6734821458755328,3196,1295.0,1262,0.9745173745173744,4625.0
34007608302,NJ0415002,2.934034,0.0079171063391,0.0026983689824657,13,1295.0,0,0.0,0.0
34007608303,NJ0415002,3.780975,2.998363788727453,0.7930133864221406,2442,1165.0,1127,0.967381974248927,2979.0
34007608303,NJ0802001,3.780975,0.00021899334752431608,5.791980838918957e-05,0,1165.0,0,0.0,0.0
34007608303,NJ0818004,3.780975,0.0011964630965404,0.00031644300651033396,1,1165.0,0,0.0,0.0
34007608304,NJ0327001,4.507707,2.268946639870789,0.5033482965664781,3074,1361.0,888,0.6524614254224834,3985.0
34007608304,NJ0415002,4.507707,1.595070834966753,0.3538541513383086,2161,1361.0,445,0.3269654665686994,1997.0
34007608401,NJ0415002,3.339785,3.2832260569752942,0.983065094601986,3926,1527.0,1519,0.994760969220694,3973.0
34007608401,NJ0428002,3.339785,0.0010925072279084,0.0003271190294909658,1,1527.0,0,0.0,0.0
34007608402,NJ0415002,4.315014,3.398873210721333,0.7876853263329697,3167,1474.0,1443,0.9789687924016284,3936.0
34007608402,NJ0428002,4.315014,0.0078401684277578,0.0018169508668471,7,1474.0,0,0.0,0.0
34007608403,NJ0415002,6.368085,5.527225346004344,0.867957218850619,6486,2130.0,2112,0.991549295774648,7410.0
34007608403,NJ0811002,6.368085,1.2606106849911158e-05,1.9795757829726137e-06,0,2130.0,0,0.0,0.0
34007608403,NJ0818004,6.368085,0.0063233934512718,0.000992981948462033,7,2130.0,0,0.0,0.0
34007608404,NJ0415002,6.847061,6.054143808214091,0.8841959795909647,5661,1868.0,1822,0.9753747323340471,6244.0
34007608404,NJ0818004,6.847061,0.0057372680413656,0.0008379168874595479,5,1868.0,0,0.0,0.0
34007608503,NJ0327001,2.490656,6.519035843014717e-05,2.6173971206841557e-05,0,584.0,0,0.0,0.0
34007608503,NJ0411001,2.490656,0.0097145117939743,0.0039003827882992,11,584.0,1,0.0017123287671232,5.0
34007608503,NJ0415002,2.490656,0.1364646043165092,0.0547906271747319,158,584.0,26,0.0445205479452054,128.0
34007608503,NJ0428002,2.490656,2.475677929668004,0.9939862950435564,2865,584.0,580,0.9931506849315068,2862.0
34007608504,NJ0415002,2.345652,0.0653422940174623,0.027856772452803,92,471.0,36,0.0764331210191082,252.0
34007608504,NJ0428002,2.345652,1.8074496633085808,0.7705532036758141,2543,471.0,456,0.9681528662420382,3195.0
34007608600,NJ0327001,4.90229,0.0057710629908452,0.0011772177881857,6,1669.0,1,0.0005991611743559018,3.0
34007608600,NJ0405001,4.90229,2.675389492651448e-09,5.457428044141509e-10,0,1669.0,0,0.0,0.0
34007608600,NJ0411001,4.90229,4.86667178807312,0.9927343727264442,5299,1669.0,1663,0.9964050329538646,5319.0
34007608600,NJ0428002,4.90229,0.0079641125766033,0.0016245698595153,9,1669.0,0,0.0,0.0
34007608700,NJ0405001,9.307767,8.422451698311098,0.9048842432681328,6777,2869.0,2832,0.98710352039038,7392.0
34007608700,NJ0428002,9.307767,0.0096926059361875,0.0010413460001939,8,2869.0,0,0.0,0.0
34007608700,NJ0435003,9.307767,0.0002547261198946508,2.7367049464672976e-05,0,2869.0,0,0.0,0.0
34007608700,NJ0436007,9.307767,0.0201276188100504,0.0021624540891548,16,2869.0,0,0.0,0.0
34007608800,NJ0327001,8.65674,0.007416494771691,0.0008567306828772764,5,2685.0,0,0.0,0.0
34007608800,NJ0405001,8.65674,7.936018454994959,0.916744462117952,5379,2685.0,2630,0.9795158286778398,5747.0
34007608800,NJ0435003,8.65674,2.2255237841047343e-05,2.570856678270036e-06,0,2685.0,0,0.0,0.0
34007608901,NJ0405001,9.751003,0.0157983312389552,0.0016201749952241,9,2251.0,0,0.0,0.0
34007608901,NJ0435003,9.751003,5.664770473852255,0.5809423373013273,3366,2251.0,1481,0.6579298089737894,3812.0
34007608901,NJ0435324,9.751003,0.0415077521897502,0.0042567674514868,25,2251.0,9,0.0039982230119946,23.0
34007608901,NJ0436007,9.751003,0.0012298529053106,0.00012612578473319004,1,2251.0,0,0.0,0.0
34007608903,NJ0435003,13.499905,0.0082376809471799,0.0006102028827002788,2,1475.0,2,0.0013559322033898,4.0
34007608904,NJ0435003,69.99484,0.00034274665728211405,4.896741778138418e-06,0,880.0,0,0.0,0.0
34007608904,NJ0436007,69.99484,0.0001577274651005864,2.253415610359084e-06,0,880.0,0,0.0,0.0
34007609000,NJ0410001,4.442825,0.0807609666840256,0.0181778410547401,28,664.0,100,0.1506024096385542,231.0
34007609000,NJ0410002,4.442825,0.0036624107032525,0.000824342778131601,1,664.0,1,0.0015060240963855,2.0
34007609000,NJ0436007,4.442825,0.001697013507238,0.0003819672184337879,1,664.0,0,0.0,0.0
34007609103,NJ0405001,21.271835,0.0006656960975581023,3.1294718935066125e-05,0,2332.0,0,0.0,0.0
34007609103,NJ0435003,21.271835,0.0002415485029146075,1.1355320446713109e-05,0,2332.0,0,0.0,0.0
34007609103,NJ0436007,21.271835,21.401484655519106,1.0060948975732045,5698,2332.0,2331,0.9995711835334476,5661.0
34007609201,NJ0415002,4.539268,0.1226355989375509,0.02701660244285,122,1195.0,12,0.0100418410041841,45.0
34007609201,NJ0436007,4.539268,3.3006705945568813,0.7271371936085028,3287,1195.0,1092,0.9138075313807532,4130.0
34007609201,NJ0811002,4.539268,0.0096896974678727,0.0021346387716858,10,1195.0,0,0.0,0.0
34007609202,NJ0436007,3.476709,3.501286463331313,1.0070691747084133,4881,1190.0,1190,1.0,4847.0
34007609204,NJ0436007,3.398062,2.3121127234349985,0.6804209939180035,2699,908.0,901,0.9922907488986784,3935.0
34007609205,NJ0436007,62.919216,52.69577902294964,0.8375148702258088,5394,3008.0,2971,0.9876994680851064,6361.0
34007609205,NJ0436010,62.919216,0.0252718991341143,0.00040165629422519154,3,3008.0,31,0.0103058510638297,66.0
34007609206,NJ0415002,5.431416,0.1212212593198899,0.0223185370665568,112,1695.0,33,0.0194690265486725,98.0
34007609206,NJ0436007,5.431416,5.42079950426585,0.998045353967704,4998,1695.0,1695,1.0,5008.0
34007609207,NJ0415002,13.454308,0.0030499286633967,0.0002266878878792384,1,1380.0,0,0.0,0.0
34007609207,NJ0428002,13.454308,4.766902886331081e-06,3.54303089116964e-07,0,1380.0,0,0.0,0.0
34007609207,NJ0436007,13.454308,13.186306469006151,0.9800806157407836,4620,1380.0,1377,0.9978260869565218,4704.0
34007610300,NJ0408001,1.866264,0.9001225128784743,0.4823125307451005,1284,258.0,147,0.5697674418604651,1517.0
34007610400,NJ0408001,1.102538,0.8238617119370978,0.7472411036509379,3386,661.0,629,0.9515885022692888,4313.0
34007610500,NJ0327001,5.621954,0.120115495021738,0.0213654354023064,145,2075.0,133,0.0640963855421686,434.0
34007610500,NJ0424001,5.621954,2.6734340904607143,0.4755346789498303,3222,2075.0,1862,0.8973493975903615,6080.0
34007610600,NJ0327001,1.842384,0.1388881121348003,0.0753849969033601,110,297.0,14,0.0471380471380471,69.0
34007610600,NJ0424001,1.842384,0.632437406710908,0.3432712218033308,501,297.0,188,0.632996632996633,924.0
34007610800,NJ0424001,6.799135,2.2792331377590616,0.3352239862510542,1102,1365.0,1178,0.863003663003663,2838.0
34007610900,NJ0327001,1.699777,1.649940538200479,0.9706805882186188,3280,1133.0,1133,1.0,3379.0
34007611000,NJ0407001,2.842521,0.0008257054214626551,0.0002904834903463,2,1459.0,0,0.0,0.0
34007611000,NJ0414001,2.842521,1.663127598738933,0.5850889399722755,3721,1459.0,1394,0.9554489376285128,6076.0
34007611100,NJ0404001,3.083127,1.6468558749086986,0.5341511637077222,1604,965.0,927,0.960621761658031,2884.0
34007611200,NJ0327001,2.844014,2.6430608757433016,0.929341724669183,4187,1562.0,1543,0.9878361075544174,4450.0
34007611300,NJ0415002,4.99898,2.7675788728946427,0.5536287148367551,2443,1719.0,1660,0.9656777196044212,4262.0
34007611300,NJ0818004,4.99898,0.0039262402962841,0.00078540828254647,3,1719.0,0,0.0,0.0
34007611400,NJ0405001,7.764524,0.0045510694342255,0.0005861363084492442,3,1711.0,0,0.0,0.0
34007611400,NJ0411001,7.764524,0.0002087905751983635,2.689032517619413e-05,0,1711.0,0,0.0,0.0
34007611400,NJ0415002,7.764524,0.035776758107922,0.0046077207189934,21,1711.0,4,0.0023378141437755,11.0
34007611400,NJ0428002,7.764524,5.337211248414008,0.687384216780579,3150,1711.0,1662,0.9713617767387492,4451.0
34007611400,NJ0436007,7.764524,0.0047929365170597,0.0006172865866677454,3,1711.0,0,0.0,0.0
34007611500,NJ0436001,34.219314,1.5766895317033576,0.0460760122690758,219,2524.0,53,0.0209984152139461,100.0
34007611500,NJ0436002,34.219314,0.0685662876938902,0.0020037306327616,10,2524.0,53,0.0209984152139461,100.0
34007611500,NJ0436007,34.219314,30.837542178953655,0.9011735939228256,4280,2524.0,2229,0.883122028526149,4194.0
34007611500,NJ0436008,34.219314,0.2152551721115317,0.0062904584268267,30,2524.0,126,0.0499207606973058,237.0
34007611500,NJ0436009,34.219314,0.0381618375007267,0.001115213399682,5,2524.0,30,0.0118858954041204,56.0
34007611600,NJ0327001,1.294474,0.0086821178661212,0.0067070623790985,31,958.0,0,0.0,0.0
34007611600,NJ0408001,1.294474,0.0046568359227143,0.0035974735087103,17,958.0,0,0.0,0.0
34007611600,NJ0412001,1.294474,1.215588453154084,0.9390597672522464,4312,958.0,950,0.9916492693110648,4554.0
34007611700,NJ0327001,1.844768,1.7374256023573351,0.9418125218766454,2764,1280.0,1242,0.9703125,2848.0
34007611700,NJ0404001,1.844768,0.0002817174817873165,0.00015271160481280925,0,1280.0,0,0.0,0.0
34009020101,NJ0508001,2.049251,1.6997042555150732,0.829427071410517,2949,1948.0,1911,0.981006160164271,3488.0
34009020102,NJ0508001,1.719786,1.3449517424762645,0.7820459885568696,1661,2082.0,1966,0.9442843419788663,2006.0
34009020201,NJ0508001,1.972496,1.0186442888568437,0.5164240073778824,721,1040.0,1030,0.9903846153846154,1384.0
34009020203,NJ0508001,3.845001,2.0080660170868208,0.5222537047680406,1228,2865.0,2624,0.9158813263525304,2153.0
34009020205,NJ0508001,5.694495,1.090832457901518,0.1915591212041661,164,1946.0,1629,0.8371017471736896,717.0
34009020206,NJ0508001,2.208972,1.0039344584021164,0.4544803910606908,429,1282.0,1178,0.9188767550702028,868.0
34009020301,NJ0508001,34.217738,1.064595192887786,0.0311123778225137,141,2827.0,454,0.1605942695436858,729.0
34009020302,NJ0508001,40.398182,0.4042474092749432,0.0100065742877969,50,3162.0,124,0.0392156862745098,194.0
34009020302,NJ0511001,40.398182,0.4281813917258549,0.0105990262563264,52,3162.0,395,0.124920936116382,618.0
34009020302,NJ0511003,40.398182,0.1251373329230556,0.0030975981276349,15,3162.0,203,0.0641998734977862,318.0
34009020400,NJ0516001,86.032617,0.0014521503283828,1.6879067254025827e-05,0,1487.0,0,0.0,0.0
34009020500,NJ0516001,20.769946,19.01793496587828,0.9156468180455682,1948,1233.0,1111,0.9010543390105434,1917.0
34009020500,NJ0516003,20.769946,0.1837038516221344,0.0088446956781753,19,1233.0,31,0.0251419302514193,54.0
34009020600,NJ0516001,96.246789,1.7837161833998056,0.0185327344624432,38,1736.0,2,0.0011520737327188,2.0
34009020600,NJ0516003,96.246789,0.0026020839182324,2.703554004521096e-05,0,1736.0,0,0.0,0.0
34009020700,NJ0504306,60.242206,0.1307596958509385,0.0021705661949188,9,3816.0,7,0.0018343815513626,8.0
34009020700,NJ0506010,60.242206,0.1437656270989805,0.0023864602019882,10,3816.0,1,0.0002620545073375262,1.0
34009020800,NJ0509001,5.709357,5.458978610465356,0.9561459566226732,2012,3556.0,3435,0.965973003374578,2032.0
34009020901,NJ0506009,3.676782,3.9965857961215076e-07,1.0869792650533829e-07,0,2753.0,0,0.0,0.0
34009020901,NJ0506010,3.676782,0.0092157575410343,0.0025064737428094,2,2753.0,0,0.0,0.0
34009020901,NJ0510001,3.676782,2.255973297507531,0.6135727648545741,488,2753.0,2524,0.9168180167090448,730.0
34009020902,NJ0501001,11.059075,4.810259719309274,0.434960403045397,541,4731.0,4218,0.891566265060241,1108.0
34009020902,NJ0506010,11.059075,0.0180790694235879,0.0016347722954757,2,4731.0,1,0.0002113718030014796,0.0
34009020902,NJ0510001,11.059075,0.0005469909669309854,4.9460824429799545e-05,0,4731.0,0,0.0,0.0
34009021001,NJ0506008,59.825003,0.2218504355198853,0.0037083230153767,8,1661.0,198,0.119205298013245,255.0
34009021001,NJ0506009,59.825003,0.1796030343324579,0.0030021399970921,6,1661.0,85,0.0511739915713425,109.0
34009021001,NJ0506010,59.825003,31.221437997955377,0.521879422186663,1114,1661.0,1599,0.962673088500903,2055.0
34009021002,NJ0506001,65.525776,0.0349079302397167,0.0005327358540510344,2,2792.0,36,0.0128939828080229,49.0
34009021002,NJ0506010,65.525776,66.00536573149161,1.0073191003719149,3829,2792.0,2555,0.9151146131805158,3478.0
34009021100,NJ0506009,22.421919,0.3259358639394263,0.0145364838727419,81,3042.0,99,0.0325443786982248,181.0
34009021100,NJ0506010,22.421919,20.994607438526593,0.9363430239189872,5218,3042.0,3024,0.9940828402366864,5540.0
34009021100,NJ0506012,22.421919,0.0225120461672617,0.0010040196009655,6,3042.0,21,0.0069033530571992,38.0
34009021300,NJ0506010,4.467965,0.0019512355959564,0.0004367168489360223,2,4188.0,0,0.0,0.0
34009021300,NJ0514001,4.467965,3.316440347479844,0.7422708878605458,2688,4188.0,4132,0.9866284622731614,3573.0
34009021400,NJ0506010,3.408501,0.0421759688626146,0.012373758688237,44,2749.0,25,0.009094216078574,32.0
34009021400,NJ0514001,3.408501,1.9403833437969773,0.5692776219801542,2008,2749.0,2653,0.9650782102582758,3404.0
34009021500,NJ0506010,1.322945,0.17197982439462,0.1299977129771986,282,1213.0,1,0.0008244023083264633,2.0
34009021500,NJ0514001,1.322945,1.0428543010681566,0.7882824312939363,1711,1213.0,1175,0.9686727122835944,2102.0
34009021600,NJ0514001,3.362466,2.338897186536822,0.6955898398784768,2157,3409.0,3339,0.9794661190965092,3037.0
34009021701,NJ0505002,10.222267,0.5176921185766524,0.0506435723677196,142,1630.0,87,0.0533742331288343,149.0
34009021702,NJ0505003,24.838291,0.0633286916672541,0.0025496396538414,7,2482.0,110,0.0443190975020145,118.0
34009021702,NJ0514001,24.838291,5.933268581517041e-06,2.388758784377331e-07,0,2482.0,0,0.0,0.0
34009021803,NJ0505002,2.702843,2.547264368110163,0.9424388941977626,3294,3053.0,3031,0.9927939731411726,3470.0
34009021804,NJ0505002,12.689986,2.907299905369854,0.2291019001415647,1292,3746.0,3434,0.9167111585691404,5171.0
34009021804,NJ0506010,12.689986,0.0805803733693631,0.0063499182244458,36,3746.0,0,0.0,0.0
34009021805,NJ0505002,5.513836,2.286593213816716,0.4147009838190175,1719,2347.0,1793,0.763953983809118,3167.0
34009021806,NJ0505002,3.51978,2.442435386661707,0.6939170592087309,1630,2466.0,2449,0.9931062449310624,2333.0
34009021900,NJ0502001,15.385557,0.0216559928568164,0.001407553386388,3,2842.0,29,0.010204081632653,23.0
34009021900,NJ0503001,15.385557,0.624372088875352,0.0405817019738285,93,2842.0,614,0.2160450387051372,493.0
34009021900,NJ0512001,15.385557,1.6742626074931972,0.1088204091339167,249,2842.0,905,0.3184377199155524,727.0
34009022000,NJ0502001,6.244521,4.339825873836573,0.6949813882980894,1924,3154.0,2838,0.8998097653772986,2491.0
34009022000,NJ0512001,6.244521,0.0007038658059723675,0.00011271734148581894,0,3154.0,0,0.0,0.0
34009022101,NJ0506010,7.661427,7.72902883082603,1.0088236605042415,1600,934.0,934,1.0,1586.0
34009022102,NJ0506004,26.482159,0.0427522665239367,0.0016143799500613,12,3987.0,26,0.0065211938801103,48.0
34009022102,NJ0506007,26.482159,0.0877662850769692,0.0033141665329087,24,3987.0,240,0.0601956358164033,439.0
34009022102,NJ0506010,26.482159,25.459313453098822,0.9613760514427404,7004,3987.0,3958,0.9927263606721846,7232.0
34009022102,NJ0506013,26.482159,0.026522066553153,0.0010015069599556,7,3987.0,44,0.0110358665663406,80.0
34009022102,NJ0506015,26.482159,0.0695697776737958,0.0026270432736921,19,3987.0,102,0.0255831452219714,186.0
34009022102,NJ0506321,26.482159,0.0112381900640279,0.0004243683479140768,3,3987.0,23,0.0057687484324053,42.0
34011010101,NJ0609001,236.975301,0.2825514468884681,0.0011923244561612,4,2252.0,13,0.005772646536412,18.0
34011010103,NJ0609001,4.324641,1.2420560970693566,0.2872044401071341,871,153.0,37,0.2418300653594771,734.0
34011010302,NJ0604001,125.363234,0.420167310234371,0.0033515991637099,5,1441.0,343,0.238029146426093,333.0
34011010401,NJ0601001,105.403768,0.0063775521948387,6.050592228200793e-05,0,2785.0,0,0.0,0.0
34011010401,NJ0605001,105.403768,0.0904559467701166,0.000858185134046789,4,2785.0,83,0.029802513464991,134.0
34011010401,NJ0605002,105.403768,0.1133777737399754,0.0010756519988922,5,2785.0,184,0.0660682226211849,297.0
34011010401,NJ0605004,105.403768,9.90236933324486e-05,9.394701461948553e-07,0,2785.0,0,0.0,0.0
34011010402,NJ0605004,1.093686,0.5120075934830159,0.4681486217095363,493,35.0,32,0.9142857142857144,964.0
34011010500,NJ0612001,93.337231,0.0104885840131118,0.00011237299307831275,0,2124.0,14,0.0065913370998116,14.0
34011010600,NJ0601001,80.531226,0.0236298561252701,0.00029342476575819305,1,3583.0,2,0.0005581914596706671,3.0
34011010600,NJ0607001,80.531226,0.0384716165870428,0.0004777229715469973,2,3583.0,1,0.00027909572983533354,1.0
34011010600,NJ0613004,80.531226,0.0055270926296412,6.863291302235098e-05,0,3583.0,0,0.0,0.0
34011010701,NJ0613004,52.112467,10.307432515916798,0.1977920660696565,833,3103.0,907,0.2922977763454721,1231.0
34011010702,NJ0601001,28.802551,0.0137669322974202,0.00047797614514840053,2,2118.0,0,0.0,0.0
34011010702,NJ0613004,28.802551,9.15078108045496,0.317707312815971,1091,2118.0,1274,0.6015108593012276,2066.0
34011010800,NJ0610001,43.619758,0.0057812196675539,0.00013253672034480108,0,2301.0,0,0.0,0.0
34011010800,NJ0613004,43.619758,0.0004972918272082461,1.1400609494629616e-05,0,2301.0,0,0.0,0.0
34011020100,NJ0601001,0.518254,0.3832639271416568,0.7395291249882429,875,246.0,216,0.8780487804878049,1039.0
34011020200,NJ0601001,0.60967,0.5571198217746959,0.9138055370523328,2508,560.0,539,0.9625,2642.0
34011020301,NJ0601001,0.771874,0.7208050053222097,0.9338376539722932,2416,466.0,466,1.0,2587.0
34011020301,NJ0613004,0.771874,0.0013071746037974,0.0016935077535938,4,466.0,0,0.0,0.0
34011020302,NJ0601001,0.784139,0.8706183058340485,1.1102856838316275,4820,682.0,682,1.0,4341.0
34011020400,NJ0601001,3.685666,3.5430058963701496,0.9612932632447296,3390,1285.0,1270,0.9883268482490272,3485.0
34011020400,NJ0613004,3.685666,0.001479946750559,0.00040154120057515305,1,1285.0,0,0.0,0.0
34011020502,NJ0601001,0.353813,0.3511639812165498,0.9925129410636404,3884,29.0,29,1.0,3913.0
34011020503,NJ0601001,4.508477,4.3235442584186705,0.9589811056857273,4127,1065.0,1048,0.984037558685446,4235.0
34011020600,NJ0601001,4.899528,3.9363055291865647,0.8034050482386395,3747,1455.0,1433,0.9848797250859108,4593.0
34011030300,NJ0610001,2.390226,0.05716831857609,0.0239175369090998,89,1171.0,13,0.0111016225448334,41.0
34011030402,NJ0610001,30.287914,11.755071855216304,0.3881109757250467,1479,1688.0,192,0.1137440758293838,433.0
34011030501,NJ0610001,42.021678,4.828900878290486,0.114914518127774,694,3053.0,440,0.1441205371765476,870.0
34011030502,NJ0610002,22.850249,0.0538973616160727,0.0023587209756914,9,1690.0,67,0.0396449704142011,159.0
34011040300,NJ0614003,1.878754,1.8300103944544208,0.9740553550142385,3339,1329.0,1323,0.9954853273137696,3413.0
34011040400,NJ0614003,5.290442,5.179569189650738,0.9790428076993828,6420,2573.0,2568,0.998056743101438,6544.0
34011040500,NJ0614003,5.433138,5.232299736908918,0.963034573557476,5778,1839.0,1800,0.9787928221859706,5873.0
34011040601,NJ0614003,4.099238,4.099238336178921,1.0000000820101007,3094,1281.0,1281,1.0,3094.0
34011040602,NJ0614003,2.365001,2.2864666179468394,0.9667930871686056,4004,957.0,953,0.9958202716823408,4125.0
34011040701,NJ0614003,7.722849,7.622403081935201,0.9869936705916692,4565,1778.0,1752,0.9853768278965128,4557.0
34011040702,NJ0614003,8.116941,7.943019668075824,0.9785730447068453,3712,1508.0,1464,0.9708222811671088,3682.0
34011040800,NJ0614003,16.112648,7.818595531901499,0.485245847355537,2682,2294.0,1727,0.7528334786399302,4161.0
34011040901,NJ0614003,20.145873,13.008377374722924,0.6457092911646432,1832,1771.0,1434,0.8097120271033315,2297.0
34011040902,NJ0614003,19.236155,12.210868168029137,0.6347873661877405,4239,3355.0,2294,0.6837555886736214,4566.0
34011040902,NJ0813001,19.236155,0.0565770742655508,0.0029411841537745,20,3355.0,8,0.0023845007451564,16.0
34011041001,NJ0614003,59.214996,2.6668545443910165,0.045036810344309,183,2216.0,273,0.1231949458483754,500.0
34011041001,NJ0614005,59.214996,0.2608466107794567,0.0044050768960527,18,2216.0,235,0.1060469314079422,430.0
34011041002,NJ0614003,24.46516,15.700756346546909,0.6417598064573011,2205,2045.0,1820,0.8899755501222494,3058.0
34011041101,NJ0614003,2.074768,1.8940128716618767,0.912879354058804,2975,1003.0,974,0.971086739780658,3165.0
34011041102,NJ0614003,0.982111,0.955340268956304,0.9727416442299331,3256,886.0,886,1.0,3347.0
34013000100,NJ0701001,0.93893,0.0019890617372319,0.0021184345342378,13,934.0,0,0.0,0.0
34013000100,NJ0714001,0.93893,0.8952091247349762,0.9534354262138564,5866,934.0,932,0.9978586723768736,6140.0
34013000200,NJ0714001,0.763973,0.786269801664643,1.0291853267911864,3389,323.0,323,1.0,3293.0
34013000300,NJ0701001,0.327802,0.0019190034162998,0.0058541540817317,21,345.0,0,0.0,0.0
34013000300,NJ0714001,0.327802,0.3023692533937749,0.9224143031274212,3259,345.0,335,0.9710144927536232,3431.0
34013000400,NJ0714001,0.178899,0.1788983163763454,0.9999961787172952,2514,362.0,362,1.0,2514.0
34013000500,NJ0714001,0.207629,0.1395995183389521,0.6723507715153094,1302,295.0,284,0.9627118644067796,1864.0
34013000600,NJ0702001,0.327539,4.411825127527118e-05,0.00013469617747892976,1,723.0,0,0.0,0.0
34013000600,NJ0714001,0.327539,0.3138163378292915,0.958103730637547,4115,723.0,719,0.9944674965421854,4271.0
34013000700,NJ0705001,0.653282,0.0002734457815736532,0.00041857234941978074,3,741.0,0,0.0,0.0
34013000700,NJ0714001,0.653282,0.6019460514946744,0.9214183943452816,6549,741.0,735,0.9919028340080972,7050.0
34013000800,NJ0714001,0.382013,0.3755366685204608,0.9830468296117169,4543,591.0,591,1.0,4621.0
34013000900,NJ0714001,0.328056,0.2949382751224426,0.8990485622041439,3944,401.0,398,0.9925187032418952,4354.0
34013001000,NJ0714001,0.529858,0.4262388865643329,0.8044398434379265,3166,295.0,284,0.9627118644067796,3789.0
34013001100,NJ0714001,0.569149,0.3994378784498264,0.7018160067922924,3026,181.0,160,0.8839779005524862,3812.0
34013001300,NJ0714001,0.223286,0.203996934842026,0.9136127425903372,1850,293.0,292,0.9965870307167236,2018.0
34013001400,NJ0714001,0.332955,0.3162686162577434,0.9498839670758612,3351,496.0,495,0.997983870967742,3521.0
34013001500,NJ0714001,0.23765,0.1726017194998794,0.7262853755517755,1514,153.0,145,0.9477124183006536,1975.0
34013001600,NJ0714001,0.261037,0.2015794058049599,0.7722254155731179,1544,253.0,251,0.9920948616600792,1983.0
34013001700,NJ0705001,0.286405,0.00010317715894803403,0.0003602491539883523,1,354.0,0,0.0,0.0
34013001700,NJ0714001,0.286405,0.2621908791046773,0.9154549644897166,2430,354.0,352,0.9943502824858758,2639.0
34013001800,NJ0714001,0.694976,0.6949760600431738,1.0000000863960392,2490,424.0,424,1.0,2490.0
34013001900,NJ0712001,0.709181,0.0010072649703435,0.0014203214275954,3,293.0,1,0.0034129692832764,8.0
34013001900,NJ0714001,0.709181,0.5942305091476962,0.837910927037944,1923,293.0,292,0.9965870307167236,2287.0
34013002000,NJ0705001,0.406087,0.0033953931705206,0.0083612456703136,38,715.0,0,0.0,0.0
34013002000,NJ0714001,0.406087,0.4009940104694008,0.987458378301696,4494,715.0,713,0.9972027972027973,4538.0
34013002000,NJ0719001,0.406087,0.0010513819022029,0.0025890557988878,12,715.0,2,0.0027972027972027,13.0
34013002100,NJ0714001,0.438393,0.4376900612127721,0.9983965556310712,3473,808.0,808,1.0,3479.0
34013002100,NJ0719001,0.438393,0.0007004616397032514,0.0015977938509585,6,808.0,0,0.0,0.0
34013002202,NJ0712001,0.433535,0.0013652814545459,0.0031491839287391,12,876.0,1,0.0011415525114155,4.0
34013002202,NJ0714001,0.433535,0.4321235512054396,0.996744325614863,3833,876.0,874,0.997716894977169,3837.0
34013002203,NJ0712001,0.145405,0.0012329055077489,0.0084791135638316,49,12.0,0,0.0,0.0
34013002203,NJ0714001,0.145405,0.073410193502089,0.5048670506659949,2893,12.0,9,0.75,4298.0
34013002204,NJ0712001,0.368054,0.0020613034665193,0.0056005462962481,11,419.0,0,0.0,0.0
34013002204,NJ0714001,0.368054,0.3671103638372439,0.9974361475143428,1958,419.0,419,1.0,1963.0
34013002204,NJ0719001,0.368054,7.270898885279894e-05,0.000197549785772737,0,419.0,0,0.0,0.0
34013002300,NJ0712001,0.498553,0.0005225399789513321,0.0010481131974962,5,982.0,0,0.0,0.0
34013002300,NJ0714001,0.498553,0.4980318591778894,0.9989546932380096,4768,982.0,982,1.0,4773.0
34013002400,NJ0712001,0.38691,0.0020309503234584,0.0052491543859254,21,727.0,1,0.0013755158184319,5.0
34013002400,NJ0714001,0.38691,0.3848755206085555,0.9947417244541512,3934,727.0,726,0.998624484181568,3950.0
34013002500,NJ0705001,0.37335,0.00017828685696423053,0.0004775327627272814,2,793.0,0,0.0,0.0
34013002500,NJ0712001,0.37335,3.679773458838463e-05,9.856096046172393e-05,0,793.0,0,0.0,0.0
34013002500,NJ0714001,0.37335,0.3676038696641032,0.9846092665437344,4203,793.0,791,0.9974779319041616,4258.0
34013002600,NJ0712001,0.206227,0.0018447505343649,0.0089452425451805,20,306.0,0,0.0,0.0
34013002600,NJ0714001,0.206227,0.2043821295441849,0.9910541759526394,2229,306.0,306,1.0,2249.0
34013002800,NJ0714001,0.214167,0.2141664795366102,0.9999975698245306,2127,273.0,273,1.0,2127.0
34013003100,NJ0714001,0.267912,0.2528961603807629,0.9439523439814675,2107,129.0,125,0.9689922480620154,2163.0
34013003500,NJ0712001,0.253692,0.0002503675315156579,0.0009868956510873737,3,373.0,0,0.0,0.0
34013003500,NJ0714001,0.253692,0.2355775304384454,0.9285966070607092,2810,373.0,367,0.9839142091152816,2977.0
34013003700,NJ0712001,0.329259,0.000405298999890685,0.0012309428136837,3,397.0,0,0.0,0.0
34013003700,NJ0714001,0.329259,0.3241183566567092,0.9843872351453086,2615,397.0,397,1.0,2656.0
34013003800,NJ0714001,0.57474,0.5576489508115952,0.9702629898938566,2517,385.0,383,0.9948051948051948,2581.0
34013003900,NJ0714001,0.308176,0.2744731272351369,0.8906375812364912,1512,102.0,93,0.9117647058823528,1548.0
34013004100,NJ0714001,0.347849,0.3478505378477386,1.0000044210210135,3449,559.0,559,1.0,3449.0
34013004200,NJ0712001,0.290396,0.0012422782240783,0.0042778764999461,16,534.0,0,0.0,0.0
34013004200,NJ0714001,0.290396,0.2891541296752229,0.9957235281313206,3611,534.0,534,1.0,3627.0
34013004300,NJ0712001,0.377481,0.0014044937216276,0.0037207004369163,12,476.0,0,0.0,0.0
34013004300,NJ0714001,0.377481,0.3556728253863037,0.942227093247882,3022,476.0,476,1.0,3207.0
34013004400,NJ0714001,0.221417,0.1880688000060803,0.8493873551085976,1805,335.0,334,0.9970149253731344,2119.0
34013004500,NJ0714001,0.489028,0.4164958135093742,0.8516809129730285,3170,592.0,589,0.9949324324324323,3703.0
34013004500,NJ2004002,0.489028,0.0016440732951599,0.003361920575427,13,592.0,3,0.0050675675675675,19.0
34013004600,NJ0714001,0.394162,0.394060952331918,0.9997436392445695,3741,583.0,583,1.0,3742.0
34013004600,NJ2004002,0.394162,0.00014170685575902464,0.00035951424987447963,1,583.0,0,0.0,0.0
34013004700,NJ0714001,0.567566,0.5675487688250304,0.9999696402269168,4797,830.0,830,1.0,4797.0
34013004700,NJ2004002,0.567566,0.00019822945818305016,0.0003492623909519777,2,830.0,0,0.0,0.0
34013004801,NJ0714001,0.168089,0.1680888415741994,0.9999990574885892,2593,231.0,231,1.0,2593.0
34013004802,NJ0714001,3.074477,1.2218489968051327,0.3974168604302887,1635,396.0,309,0.7803030303030303,3209.0
34013004802,NJ2004001,3.074477,0.0006884753552367328,0.00022393251120002945,1,396.0,0,0.0,0.0
34013004900,NJ0714001,0.394145,0.3941433299077935,0.9999957627466884,4188,653.0,653,1.0,4188.0
34013005000,NJ0714001,0.797751,0.5052195411970651,0.6333048046283428,2243,448.0,425,0.9486607142857144,3360.0
34013005100,NJ0714001,0.308433,0.2794007036014962,0.9058716272302128,2499,413.0,413,1.0,2759.0
34013005200,NJ0714001,0.26864,0.2133896929026802,0.7943332820975291,1276,285.0,279,0.9789473684210528,1573.0
34013005300,NJ0714001,0.320466,0.3033542254046533,0.9466034630964074,2879,459.0,459,1.0,3041.0
34013005400,NJ0714001,0.351901,0.3519003030293751,0.9999980194127752,4656,381.0,381,1.0,4656.0
34013005700,NJ0714001,0.864418,0.3907390955330844,0.4520256352055191,1349,362.0,306,0.8453038674033149,2522.0
34013006200,NJ0714001,0.235825,0.2013111901926348,0.8536465183616445,1601,70.0,67,0.9571428571428572,1795.0
34013006400,NJ0714001,0.309843,0.2402325013026682,0.7753362228698673,1023,64.0,55,0.859375,1134.0
34013006600,NJ0714001,0.161941,0.1619419873665822,1.000006097075986,1305,49.0,49,1.0,1305.0
34013006700,NJ0714001,0.326878,0.3134605624079428,0.9589527664998648,3446,228.0,227,0.9956140350877192,3577.0
34013006800,NJ0714001,1.17173,0.8244609187959071,0.7036270461590188,3840,561.0,510,0.9090909090909092,4962.0
34013006900,NJ0714001,0.360629,0.3346585543256327,0.9279856981153284,4294,396.0,393,0.9924242424242424,4592.0
34013007000,NJ0714001,0.397128,0.2642052925924909,0.6652900137801689,2580,400.0,386,0.965,3742.0
34013007100,NJ0714001,0.385859,0.3661183667708229,0.9488397750754108,3448,461.0,455,0.9869848156182212,3587.0
34013007200,NJ0714001,0.203449,0.2034496501856073,1.0000031958161866,4002,425.0,425,1.0,4002.0
34013007300,NJ0714001,0.41183,0.3594723025991422,0.872865751885832,4659,596.0,584,0.9798657718120806,5231.0
34013007400,NJ0714001,3.7089,2.3444918132296317,0.6321259169105751,3460,617.0,490,0.7941653160453809,4347.0
34013007501,NJ0714001,1.962291,1.164749391542468,0.5935660875693095,2493,466.0,402,0.8626609442060086,3623.0
34013007502,NJ0714001,1.690702,0.4360633088363269,0.257918491157121,834,384.0,319,0.8307291666666666,2686.0
34013007600,NJ0714001,0.194441,0.1944411138723953,1.0000005856398355,3304,238.0,238,1.0,3304.0
34013007700,NJ0714001,0.198946,0.1989472737251589,1.000006402366265,2662,271.0,271,1.0,2662.0
34013007800,NJ0714001,0.197685,0.1951123791877198,0.986986261920327,3666,352.0,352,1.0,3714.0
34013007900,NJ0714001,0.468606,0.3360021310803604,0.7170248163283449,3111,274.0,268,0.978102189781022,4244.0
34013008000,NJ0714001,0.847977,0.573935333880036,0.6768288926233094,1977,162.0,144,0.8888888888888888,2596.0
34013008100,NJ0714001,0.806563,0.5564259665484274,0.6898729132732686,3131,202.0,163,0.806930693069307,3663.0
34013008200,NJ0714001,0.429045,0.4264992338535921,0.9940664355803984,2324,67.0,66,0.9850746268656716,2303.0
34013008700,NJ0714001,0.511847,0.4682257780729431,0.9147768338447684,3954,447.0,439,0.9821029082774048,4245.0
34013008800,NJ0714001,0.154461,0.1544618087183767,1.000005235744795,2009,212.0,212,1.0,2009.0
34013008900,NJ0714001,0.137212,0.1331614653747901,0.9704797348248704,2204,206.0,205,0.9951456310679612,2260.0
34013009000,NJ0714001,0.395369,0.1052638114703986,0.2662419447918239,471,63.0,55,0.873015873015873,1544.0
34013009100,NJ0714001,0.44272,0.2300555843830546,0.5196412730011173,1834,352.0,347,0.9857954545454546,3480.0
34013009200,NJ0714001,0.370972,0.3467260458659191,0.9346420912249958,3266,221.0,216,0.9773755656108596,3415.0
34013009300,NJ0714001,0.552903,0.3799613581745614,0.6872116052446114,3629,524.0,517,0.9866412213740458,5210.0
34013009400,NJ0714001,0.622913,0.622911235579418,0.99999716746868,6003,848.0,848,1.0,6003.0
34013009500,NJ0714001,0.603392,0.5972401559616487,0.989804564796432,6184,806.0,805,0.9987593052109182,6240.0
34013009600,NJ0701001,1.08963,0.0018373838306032,0.0016862456343925,9,722.0,0,0.0,0.0
34013009600,NJ0714001,1.08963,0.7028948730579754,0.6450766526784095,3598,722.0,679,0.9404432132963988,5245.0
34013009700,NJ0701001,0.410689,0.00011262107285484673,0.0002742247122636514,1,526.0,0,0.0,0.0
34013009700,NJ0714001,0.410689,0.4113538982608045,1.001618982394962,5206,526.0,526,1.0,5198.0
34013009900,NJ0705001,0.437611,0.3958565318962934,0.9045854238040026,2117,468.0,458,0.9786324786324786,2290.0
34013009900,NJ0717001,0.437611,0.00012354427554213908,0.000282315288103222,1,468.0,0,0.0,0.0
34013010000,NJ0705001,0.794179,0.745491636746628,0.93869472341453,3101,670.0,664,0.991044776119403,3274.0
34013010100,NJ0705001,0.76127,0.7449436661361144,0.9785538194544832,2854,701.0,701,1.0,2917.0
34013010200,NJ0702001,0.956899,8.533702765777707e-05,8.918080973830787e-05,0,1160.0,0,0.0,0.0
34013010200,NJ0705001,0.956899,0.8855817564480966,0.9254704586880084,4280,1160.0,1153,0.9939655172413792,4597.0
34013010200,NJ0714001,0.956899,0.00018927290469408035,0.0001977982051335411,1,1160.0,0,0.0,0.0
34013010300,NJ0705001,0.583934,0.5681130542901255,0.9729062775761054,4242,656.0,656,1.0,4360.0
34013010300,NJ0714001,0.583934,0.00017457822249829767,0.0002989691001008636,1,656.0,0,0.0,0.0
34013010400,NJ0705001,0.607052,0.5898011018713228,0.9715825034285742,5003,365.0,365,1.0,5149.0
34013010500,NJ0705001,0.489573,0.4894258293102022,0.9996993896930636,4757,446.0,446,1.0,4758.0
34013010500,NJ0717001,0.489573,0.00014643171953503042,0.0002991008890094642,1,446.0,0,0.0,0.0
34013010600,NJ0705001,0.49032,0.4700080472360767,0.95857408883194,4690,295.0,294,0.9966101694915256,4876.0
34013010700,NJ0705001,0.464231,0.4446500367454574,0.9578206469310696,3554,565.0,565,1.0,3710.0
34013010800,NJ0705001,0.252323,0.2518720674982645,0.9982128759497332,2707,445.0,445,1.0,2712.0
34013010800,NJ0714001,0.252323,0.00045144543484319,0.0017891568935181,5,445.0,0,0.0,0.0
34013010900,NJ0705001,0.993008,0.7345922723790294,0.7397647072118546,1912,501.0,470,0.93812375249501,2424.0
34013010900,NJ0714001,0.993008,0.0037481795404383,0.0037745713432704,10,501.0,1,0.0019960079840319,5.0
34013011100,NJ0705001,0.248423,0.2012831333588752,0.8102435497473071,3273,69.0,68,0.9855072463768116,3981.0
34013011200,NJ0705001,0.460955,0.4046515311627961,0.8778547388851322,3045,407.0,407,1.0,3469.0
34013011300,NJ0705001,0.519591,0.4827150428086537,0.9290288761904146,3925,162.0,162,1.0,4225.0
34013011300,NJ0717001,0.519591,4.3288841500878334e-05,8.331330123285109e-05,0,162.0,0,0.0,0.0
34013011400,NJ0705001,0.592524,0.5887170642399191,0.9935750522171576,4828,565.0,564,0.9982300884955752,4850.0
34013011400,NJ0714001,0.592524,0.0005040944927632809,0.0008507579317686386,4,565.0,0,0.0,0.0
34013011400,NJ0719001,0.592524,0.004089264727205,0.0069014330680361,34,565.0,1,0.0017699115044247,9.0
34013011500,NJ0705001,0.337248,0.3361124665712794,0.9966329424378484,2526,629.0,627,0.9968203497615262,2527.0
34013011500,NJ0714001,0.337248,0.0011389001492764,0.0033770404843808,9,629.0,2,0.0031796502384737,8.0
34013011600,NJ0705001,0.303264,0.3032625602442619,0.9999952524673617,3133,445.0,445,1.0,3133.0
34013011700,NJ0705001,0.573069,0.5315882027112382,0.9276163999644688,3300,728.0,724,0.9945054945054944,3537.0
34013011700,NJ0714001,0.573069,0.000875847789928317,0.001528346132714,5,728.0,1,0.0013736263736263,5.0
34013011800,NJ0705001,0.306936,0.3011711207304541,0.9812179761593758,2396,546.0,546,1.0,2442.0
34013011800,NJ0714001,0.306936,0.0057647301422203,0.0187815379825774,46,546.0,0,0.0,0.0
34013011900,NJ0712001,0.345499,0.3202580488672327,0.9269434900455072,1806,256.0,256,1.0,1948.0
34013012000,NJ0712001,0.945101,0.8854725369687494,0.936907840504612,6502,1024.0,1008,0.984375,6832.0
34013012000,NJ2004002,0.945101,0.0198476162270567,0.0210005239937919,146,1024.0,17,0.0166015625,115.0
34013012100,NJ0712001,0.354751,0.3528479005298693,0.9946353936419328,4405,575.0,574,0.9982608695652174,4421.0
34013012200,NJ0712001,0.601505,0.6015030408649695,0.9999967429447296,6531,1061.0,1061,1.0,6531.0
34013012300,NJ0712001,0.617151,0.6165969528398626,0.9991022502432348,5184,994.0,994,1.0,5189.0
34013012300,NJ0714001,0.617151,0.0005479845502467651,0.0008879262129475041,5,994.0,0,0.0,0.0
34013012400,NJ0712001,0.594247,0.5734029971904964,0.964923671790512,4395,648.0,647,0.9984567901234568,4548.0
34013012500,NJ0712001,0.420799,0.4207377795964954,0.9998545139044898,4037,817.0,817,1.0,4038.0
34013012500,NJ0714001,0.420799,6.078343541664071e-05,0.0001444476707802079,1,817.0,0,0.0,0.0
34013012600,NJ0712001,0.38942,0.3698406686144381,0.9497218135032566,3013,555.0,555,1.0,3172.0
34013012700,NJ0712001,0.617383,0.4434733643619789,0.7183115899886763,3060,923.0,899,0.9739978331527628,4149.0
34013012700,NJ2004002,0.617383,0.0116421373896386,0.0188572367390075,80,923.0,18,0.0195016251354279,83.0
34013012800,NJ0712001,0.592354,0.4560767803287202,0.7699395637215587,2840,741.0,710,0.9581646423751689,3534.0
34013012900,NJ0712001,0.487742,0.3753687863948831,0.7696052142216235,2811,584.0,582,0.9965753424657534,3639.0
34013013000,NJ0712001,0.10987,0.0975299135369099,0.887684659478565,2953,10.0,10,1.0,3327.0
34013013100,NJ0712001,0.718841,0.421578300672091,0.5864694705395088,1331,436.0,388,0.8899082568807339,2020.0
34013013100,NJ0714001,0.718841,0.0032218488272471,0.0044820048206031,10,436.0,2,0.0045871559633027,10.0
34013013200,NJ0712001,0.327929,0.3161748203703453,0.9641563276512454,3305,461.0,461,1.0,3428.0
34013013200,NJ0714001,0.327929,0.0040605615864694,0.0123824412798788,42,461.0,0,0.0,0.0
34013013300,NJ0712001,0.425179,0.3796489214072049,0.8929155047808216,3348,630.0,628,0.9968253968253968,3737.0
34013013300,NJ0714001,0.425179,0.0010868241262892,0.0025561566452934,10,630.0,1,0.0015873015873015,6.0
34013013400,NJ0702001,1.537644,1.5539144771173595e-06,1.010581433099833e-06,0,1593.0,0,0.0,0.0
34013013400,NJ0716001,1.537644,1.5292906513207043,0.994567436494211,4161,1593.0,1584,0.9943502824858758,4160.0
34013013400,NJ1605002,1.537644,0.0055048764613717,0.0035800721502322,15,1593.0,7,0.0043942247332077,18.0
34013013500,NJ0716001,1.528812,1.527453576700689,0.9991114517028182,4599,1595.0,1581,0.9912225705329154,4563.0
34013013500,NJ1605002,1.528812,0.0087804775417968,0.0057433337400522,26,1595.0,3,0.0018808777429467,9.0
34013013600,NJ0701001,1.701812,0.0013774155260364,0.0008093817213866196,6,1312.0,0,0.0,0.0
34013013600,NJ0716001,1.701812,1.530535878636912,0.899356614383323,6226,1312.0,1302,0.992378048780488,6870.0
34013013600,NJ1605002,1.701812,0.0087436750604789,0.0051378619145234,36,1312.0,0,0.0,0.0
34013013700,NJ0701001,1.176528,0.0018967223405865,0.0016121353172951,8,1158.0,5,0.0043177892918825,21.0
34013013700,NJ0716001,1.176528,1.1580733318355216,0.9843142975224742,4881,1158.0,1149,0.9922279792746114,4920.0
34013013800,NJ0702001,1.30078,0.0001769810630956199,0.0001360576447174925,1,1547.0,0,0.0,0.0
34013013800,NJ0716001,1.30078,1.0955219037248258,0.842203834410758,3697,1547.0,1318,0.8519715578539108,3740.0
34013013900,NJ0701001,1.487706,0.0013432322788976,0.0009028882580951208,5,1664.0,0,0.0,0.0
34013013900,NJ0702001,1.487706,0.0059027741366587,0.0039677020437228,20,1664.0,3,0.0018028846153846,9.0
34013013900,NJ0716001,1.487706,1.2687188478808589,0.8528021315238756,4336,1664.0,1448,0.8701923076923077,4424.0
34013014000,NJ0701001,1.218006,1.2135595136060615,0.9963493723397598,4516,1197.0,1197,1.0,4533.0
34013014000,NJ0702001,1.218006,0.0033693607212156,0.0027662923837941,13,1197.0,0,0.0,0.0
34013014100,NJ0701001,1.075579,1.0755776679658482,0.99999876156549,3799,1157.0,1157,1.0,3799.0
34013014100,NJ0716001,1.075579,5.636289724207017e-07,5.240237792116634e-07,0,1157.0,0,0.0,0.0
34013014200,NJ0701001,0.905967,0.9059682211550906,1.0000013479023966,4070,1261.0,1261,1.0,4070.0
34013014300,NJ0701001,0.840829,0.8408292835949263,1.000000337280144,5658,1505.0,1505,1.0,5658.0
34013014400,NJ0701001,1.568383,1.1716323720717454,0.7470320528032663,2963,894.0,868,0.970917225950783,3851.0
34013014500,NJ0701001,0.922282,0.6071177146674882,0.6582777444073377,2675,785.0,782,0.9961783439490446,4048.0
34013014600,NJ0701001,0.73533,0.7441142188234505,1.0119459546373064,4872,1099.0,1099,1.0,4814.0
34013014700,NJ0701001,1.26978,0.6522140441365972,0.5136433430488725,3759,1283.0,498,0.3881527669524552,2841.0
34013014700,NJ0702001,1.26978,0.000537774653583765,0.0004235179744394817,3,1283.0,0,0.0,0.0
34013014700,NJ0714001,1.26978,0.5684419154906234,0.4476696085074764,3276,1283.0,775,0.6040530007794233,4420.0
34013014800,NJ0702001,1.688192,1.441814069380123,0.8540581103216475,2889,1327.0,1322,0.9962321024868124,3370.0
34013014800,NJ0708001,1.688192,3.6984991389792414e-05,2.190804801218843e-05,0,1327.0,0,0.0,0.0
34013014800,NJ0713001,1.688192,0.0017566114236116,0.0010405282240477,4,1327.0,0,0.0,0.0
34013014800,NJ1605002,1.688192,0.0006282359682619571,0.00037213537812165747,1,1327.0,0,0.0,0.0
34013014900,NJ0702001,2.140167,1.9141127347591405,0.8943754084420237,4288,1852.0,1844,0.9956803455723542,4773.0
34013014900,NJ0716001,2.140167,0.0057485936068817,0.002686049082563,13,1852.0,4,0.0021598272138228,10.0
34013015000,NJ0702001,1.394616,1.4014784517531258,1.004920674761458,3681,1036.0,1036,1.0,3663.0
34013015000,NJ0708001,1.394616,3.139151083311299e-05,2.250907119458904e-05,0,1036.0,0,0.0,0.0
34013015100,NJ0702001,1.100746,1.10620568385216,1.0049599851847382,5010,1534.0,1534,1.0,4985.0
34013015100,NJ0716001,1.100746,0.0051274002655185,0.0046581139204853,23,1534.0,0,0.0,0.0
34013015200,NJ0702001,0.92738,0.885591261441599,0.9549389262671172,4763,1000.0,997,0.997,4973.0
34013015300,NJ0701001,1.180259,2.56417423337698e-05,2.172552154549959e-05,0,549.0,0,0.0,0.0
34013015300,NJ0702001,1.180259,1.13061728398276,0.9579399809556716,2890,549.0,544,0.9908925318761383,2990.0
34013015400,NJ0702001,1.27288,1.1955123353901986,0.939218414453993,5696,1161.0,1154,0.9939707149009476,6028.0
34013015400,NJ0708001,1.27288,0.0036939644593447,0.0029020524003399,18,1161.0,0,0.0,0.0
34013015500,NJ0701001,0.868794,3.682620282167045e-05,4.2387726919926304e-05,0,1148.0,0,0.0,0.0
34013015500,NJ0702001,0.868794,0.8335352054614275,0.9594163926793088,3937,1148.0,1146,0.9982578397212544,4097.0
34013015500,NJ0714001,0.868794,1.2803307926515118e-07,1.473687424926406e-07,0,1148.0,0,0.0,0.0
34013015600,NJ0702001,0.976011,0.8384431273484494,0.8590508993735209,3979,988.0,985,0.9969635627530364,4618.0
34013015600,NJ0705001,0.976011,9.95442492037546e-05,0.00010199090912269902,0,988.0,0,0.0,0.0
34013015600,NJ0708001,0.976011,0.0006690344299264252,0.0006854783705577347,3,988.0,0,0.0,0.0
34013015700,NJ0702001,0.593557,0.4835840138886724,0.8147221141165422,2447,450.0,442,0.9822222222222222,2951.0
34013015700,NJ0705001,0.593557,0.00018255678988993168,0.00030756404168417133,1,450.0,0,0.0,0.0
34013015800,NJ0702001,0.779227,0.7593255167206457,0.9744599670194252,4316,1001.0,994,0.993006993006993,4398.0
34013015800,NJ0714001,0.779227,0.0069094215194657,0.0088670201616034,39,1001.0,7,0.0069930069930069,31.0
34013015900,NJ0702001,0.900738,0.8466020730700365,0.9398982535099402,5678,1314.0,1307,0.9946727549467276,6009.0
34013015900,NJ0705001,0.900738,0.000415287167519331,0.000461052123391409,3,1314.0,0,0.0,0.0
34013015900,NJ0714001,0.900738,0.0043966731835227,0.0048811898504589,29,1314.0,2,0.0015220700152207,9.0
34013016000,NJ0702001,3.301621,0.0247174588196793,0.0074864615955857,58,2700.0,11,0.004074074074074,32.0
34013016000,NJ0708001,3.301621,3.2413315433805088,0.9817394375007032,7660,2700.0,2686,0.9948148148148148,7762.0
34013016000,NJ0713001,3.301621,0.00024640733828023073,7.463223013187483e-05,1,2700.0,0,0.0,0.0
34013016100,NJ0704001,2.05077,0.0066805314992591,0.0032575722773685,15,1265.0,0,0.0,0.0
34013016100,NJ0713001,2.05077,1.824308125118078,0.8895722704730799,4206,1265.0,1250,0.9881422924901184,4672.0
34013016100,NJ1605002,2.05077,0.0005652026761621237,0.00027560510255276,1,1265.0,0,0.0,0.0
34013016200,NJ0713001,1.948562,1.855195561092938,0.9520844402656616,3442,1371.0,1369,0.99854121079504,3610.0
34013016200,NJ1605002,1.948562,0.0010766074801571,0.000552513843622716,2,1371.0,0,0.0,0.0
34013016300,NJ0702001,1.527377,1.1263420164585111e-05,7.374354965791099e-06,0,1236.0,0,0.0,0.0
34013016300,NJ0708001,1.527377,3.346359401941299e-05,2.1909190736414777e-05,0,1236.0,0,0.0,0.0
34013016300,NJ0713001,1.527377,1.5273264748769635,0.9999669203326772,3654,1236.0,1236,1.0,3654.0
34013016400,NJ0704001,2.23291,0.0062343394460827,0.0027920245088618,11,1232.0,1,0.0008116883116883117,3.0
34013016400,NJ0713001,2.23291,2.2367546237894227,1.0017217997095371,3901,1232.0,1231,0.9991883116883116,3891.0
34013016400,NJ0720001,2.23291,0.0005135638238396496,0.0002299975475230303,1,1232.0,0,0.0,0.0
34013016500,NJ0708001,1.695101,0.0027725612114071,0.001635631865834,7,1444.0,4,0.002770083102493,11.0
34013016500,NJ0713001,1.695101,1.5788176878725446,0.9314003636789456,3795,1444.0,1436,0.994459833795014,4051.0
34013016600,NJ0713001,0.668296,0.6523505025513264,0.9761400675020148,2840,681.0,678,0.9955947136563876,2896.0
34013016700,NJ0708001,0.510283,0.0025133384481979,0.0049253815004575,13,379.0,1,0.0026385224274406,7.0
34013016700,NJ0713001,0.510283,0.4986671895771581,0.9772365326243636,2536,379.0,378,0.9973614775725592,2588.0
34013016800,NJ0713001,0.749914,0.7499133298124805,0.9999991063141648,3986,526.0,526,1.0,3986.0
34013016900,NJ0712001,2.237828,0.0027623217910621,0.0012343762751481,4,977.0,3,0.0030706243602865,9.0
34013016900,NJ0713001,2.237828,2.206129713716925,0.9858352445840006,2838,977.0,971,0.9938587512794268,2861.0
34013016900,NJ0720001,2.237828,0.0010857741350531,0.00048519105804966143,1,977.0,0,0.0,0.0
34013017000,NJ0713001,1.07005,1.0570958114597002,0.9878938474461008,3143,707.0,707,1.0,3182.0
34013017100,NJ0708001,0.437409,0.0015575669209361,0.0035608936280143,8,454.0,0,0.0,0.0
34013017100,NJ0713001,0.437409,0.4386497999007552,1.0028367040933206,2248,454.0,454,1.0,2242.0
34013017200,NJ0708001,1.027626,0.0028781445171101,0.0028007704331246,9,1008.0,8,0.0079365079365079,25.0
34013017200,NJ0712001,1.027626,0.0014951580792157,0.0014549632640822,5,1008.0,6,0.0059523809523809,19.0
34013017200,NJ0713001,1.027626,0.9470026756737592,0.9215440984110554,2915,1008.0,984,0.9761904761904762,3088.0
34013017301,NJ0706001,4.401118,0.0040649186135039,0.0009236104584116854,5,1613.0,0,0.0,0.0
34013017301,NJ0710001,4.401118,0.0041930852645263,0.0009527318432558044,5,1613.0,0,0.0,0.0
34013017301,NJ0712001,4.401118,2.546736622286579,0.5786567463736666,3077,1613.0,1582,0.9807811531308122,5216.0
34013017301,NJ0718001,4.401118,0.0073901540296226,0.0016791538035614,9,1613.0,0,0.0,0.0
34013017301,NJ0720001,4.401118,0.0512208690867801,0.0116381494626547,62,1613.0,15,0.0092994420334779,49.0
34013017302,NJ0710001,6.324411,0.0295467020227983,0.0046718503940996,36,1787.0,18,0.0100727476217123,78.0
34013017302,NJ0712001,6.324411,4.809483930643216,0.7604635325950854,5852,1787.0,1662,0.9300503637381086,7157.0
34013017400,NJ0712001,7.137606,4.493640308391426,0.6295724796789605,3529,1945.0,1891,0.9722365038560412,5450.0
34013017400,NJ0713001,7.137606,0.00013235066674649714,1.8542725214378204e-05,0,1945.0,0,0.0,0.0
34013017400,NJ0720001,7.137606,0.0032163874822258,0.0004506255293757999,3,1945.0,0,0.0,0.0
34013017500,NJ0712001,4.64786,4.4112439370620296,0.9490913962688268,6141,1614.0,1606,0.9950433705080544,6438.0
34013017500,NJ0713001,4.64786,6.419967918843031e-05,1.381273945179724e-05,0,1614.0,0,0.0,0.0
34013017600,NJ0712001,0.812901,0.8128417608160009,0.9999271262011008,5025,1144.0,1143,0.9991258741258742,5021.0
34013017700,NJ0712001,1.003759,0.8261909774442684,0.8230969559867143,4281,976.0,925,0.9477459016393442,4929.0
34013017700,NJ0717001,1.003759,0.0027326355290636,0.0027224020198709,14,976.0,1,0.0010245901639344,5.0
34013017800,NJ0712001,0.621593,0.5896716377564536,0.9486458788249764,3497,754.0,745,0.9880636604774536,3642.0
34013017800,NJ0717001,0.621593,0.0113705845763092,0.0182926522279197,67,754.0,6,0.0079575596816976,29.0
34013017900,NJ0712001,1.167241,1.1549235499016794,0.9894473805338224,3584,1271.0,1268,0.997639653815893,3613.0
34013017900,NJ0717001,1.167241,0.0020489405467602,0.0017553706104911,6,1271.0,0,0.0,0.0
34013017900,NJ0719001,1.167241,0.00121716280815,0.0010427690666709,4,1271.0,0,0.0,0.0
34013018000,NJ0712001,4.971553,4.068340846233394,0.8183239414793312,5090,2283.0,2271,0.9947437582128776,6187.0
34013018000,NJ0719001,4.971553,0.0034536884216507,0.0006946900539229471,4,2283.0,4,0.0017520805957074,11.0
34013018100,NJ0705001,0.55756,0.0004044748000502586,0.0007254372624475548,2,369.0,0,0.0,0.0
34013018100,NJ0712001,0.55756,8.413640504330396e-05,0.00015090107798856442,0,369.0,0,0.0,0.0
34013018100,NJ0717001,0.55756,0.4626081413943972,0.829701092966492,1854,369.0,351,0.951219512195122,2126.0
34013018200,NJ0705001,0.489203,0.0025740928943287,0.0052618092986526,25,612.0,1,0.0016339869281045,8.0
34013018200,NJ0712001,0.489203,4.624035307019949e-05,9.452181010786828e-05,0,612.0,0,0.0,0.0
34013018200,NJ0717001,0.489203,0.4465633112853094,0.9128384561936648,4268,612.0,610,0.9967320261437908,4660.0
34013018300,NJ0705001,0.576534,9.692966797208646e-05,0.00016812480785536753,1,517.0,1,0.0019342359767891,10.0
34013018300,NJ0712001,0.576534,0.0020272840593159,0.0035163304494026,18,517.0,0,0.0,0.0
34013018300,NJ0717001,0.576534,0.5744110312427393,0.9963177041470916,5153,517.0,516,0.9980657640232108,5162.0
34013018400,NJ0705001,0.456623,0.0006459672928005457,0.0014146621891594,4,369.0,1,0.002710027100271,7.0
34013018400,NJ0717001,0.456623,0.3740967150488877,0.8192682257549175,2084,369.0,360,0.975609756097561,2482.0
34013018600,NJ0712001,1.001358,0.0019512113276422,0.001948565176133,10,693.0,1,0.0014430014430014,7.0
34013018600,NJ0717001,1.001358,0.8473456473131112,0.8461965124492052,4371,693.0,672,0.9696969696969696,5008.0
34013018700,NJ0705001,0.85679,0.0010987486338913,0.0012824013280866,7,508.0,0,0.0,0.0
34013018700,NJ0717001,0.85679,0.7345025624893158,0.8572725667775251,4812,508.0,505,0.9940944881889764,5580.0
34013018800,NJ0705001,1.247165,0.0002902188295572996,0.00023270283367260916,1,1021.0,0,0.0,0.0
34013018800,NJ0712001,1.247165,0.0002522557270079851,0.0002022633148043644,1,1021.0,0,0.0,0.0
34013018800,NJ0717001,1.247165,1.22900168914927,0.9854363208952062,4682,1021.0,1019,0.9980411361410382,4742.0
34013018800,NJ0719001,1.247165,0.0031643241977128,0.0025372137589756,12,1021.0,5,0.0048971596474045,23.0
34013018900,NJ0712001,0.545567,0.0010517577038789,0.0019278250038563,8,674.0,0,0.0,0.0
34013018900,NJ0717001,0.545567,0.5368562626233652,0.9840336065476196,4223,674.0,670,0.9940652818991098,4267.0
34013019000,NJ0712001,3.010165,0.0069684501699464,0.002314972823731,12,1698.0,8,0.0047114252061248,24.0
34013019000,NJ0719001,3.010165,3.0064936505227897,0.9987803494236328,5038,1698.0,1698,1.0,5044.0
34013019100,NJ0712001,2.20904,5.763600901886821e-05,2.6090975726500297e-05,0,1521.0,0,0.0,0.0
34013019100,NJ0714001,2.20904,0.0012464134760135,0.0005642330949251935,2,1521.0,0,0.0,0.0
34013019100,NJ0717001,2.20904,0.0042158035283964,0.0019084324088275,8,1521.0,1,0.0006574621959237344,3.0
34013019100,NJ0719001,2.20904,2.1252892274812303,0.9620872539570268,4043,1521.0,1516,0.9967126890203812,4188.0
34013019200,NJ0712001,1.029128,0.0005842254645777866,0.0005676897961942407,3,914.0,1,0.0010940919037199,6.0
34013019200,NJ0714001,1.029128,0.0009187513195353094,0.0008927473740247174,5,914.0,0,0.0,0.0
34013019200,NJ0719001,1.029128,1.0263511357561306,0.9973017309373864,5267,914.0,912,0.9978118161925602,5269.0
34013019300,NJ0712001,1.122226,0.0064458346037827,0.0057437936777286,23,764.0,1,0.0013089005235602,5.0
34013019300,NJ0719001,1.122226,1.0815633194734429,0.9637660502193344,3814,764.0,752,0.9842931937172776,3895.0
34013019400,NJ0712001,3.113784,1.175572637468964,0.3775382741606238,1190,1003.0,995,0.992023928215354,3126.0
34013019400,NJ0719001,3.113784,4.0324552361737006e-05,1.2950337069538864e-05,0,1003.0,0,0.0,0.0
34013019500,NJ0712001,1.518145,1.518075376534239,0.9999541391199384,4163,1468.0,1468,1.0,4163.0
34013019500,NJ0719001,1.518145,6.530354848876596e-05,4.301535656262475e-05,0,1468.0,0,0.0,0.0
34013019600,NJ0712001,1.604237,1.5695788085951532,0.978395840885825,6177,1696.0,1688,0.9952830188679244,6283.0
34013019600,NJ0714001,1.604237,0.0010522164051942,0.0006558983524218849,4,1696.0,0,0.0,0.0
34013019600,NJ0719001,1.604237,0.0006569710369706154,0.0004095224315176719,3,1696.0,0,0.0,0.0
34013019700,NJ0712001,1.228935,1.1431541028442191,0.9301989957517844,6055,1620.0,1595,0.984567901234568,6409.0
34013019700,NJ2004002,1.228935,0.0122082437832252,0.0099340028424817,65,1620.0,18,0.0111111111111111,72.0
34013019800,NJ0712001,0.851422,0.8189790414514223,0.9618955599590124,2714,997.0,977,0.9799398194583752,2764.0
34013019800,NJ2004002,0.851422,0.0102197863446581,0.0120031974093435,34,997.0,9,0.0090270812437311,25.0
34013019900,NJ0712001,1.717114,1.5732793915723746,0.9162346772388872,2499,911.0,905,0.9934138309549944,2709.0
34013020000,NJ0712001,9.131396,6.177425812291172,0.6765039882501176,4202,2172.0,2113,0.9728360957642724,6043.0
34013020100,NJ0710001,10.483155,0.004515727840594,0.0004307603808771325,2,1800.0,0,0.0,0.0
34013020100,NJ0712001,10.483155,4.699529953595991,0.4482934721079666,2384,1800.0,1760,0.9777777777777776,5199.0
34013020200,NJ0712001,2.201918,2.0278715021755023,0.9209568667750128,4720,1714.0,1698,0.9906651108518086,5077.0
34013020200,NJ2004002,2.201918,0.0037423690505926,0.0016995951032657,9,1714.0,0,0.0,0.0
34013020300,NJ0712001,2.356725,2.2650834434765743,0.9611148706262184,4859,1371.0,1366,0.9963530269876004,5038.0
34013020400,NJ0710001,6.426454,4.889984350487564,0.7609148607439755,3942,1843.0,1788,0.9701573521432448,5026.0
34013020400,NJ0718001,6.426454,0.0016845391704671,0.0002621257649190661,1,1843.0,0,0.0,0.0
34013020500,NJ0710001,6.729912,6.682289730856629,0.9929237902154784,8134,2809.0,2809,1.0,8192.0
34013020500,NJ0712001,6.729912,1.1014711186289787e-05,1.6366798237911266e-06,0,2809.0,0,0.0,0.0
34013020500,NJ0718001,6.729912,0.0026174898827895,0.0003889337457591645,3,2809.0,0,0.0,0.0
34013020600,NJ0710001,5.660535,5.281870799855714,0.9331045210135992,4880,1847.0,1830,0.9907958852192744,5182.0
34013020600,NJ0712001,5.660535,0.0016549426235957,0.00029236505446847465,2,1847.0,0,0.0,0.0
34013020700,NJ0710001,2.450093,2.410689927358069,0.983917723677456,4364,1633.0,1633,1.0,4435.0
34013020800,NJ0710001,14.436175,11.442413056830324,0.7926208332075722,6572,2440.0,2423,0.993032786885246,8234.0
34013020800,NJ1411001,14.436175,1.374299092963338e-05,9.519828437680604e-07,0,2440.0,0,0.0,0.0
34013020901,NJ0703001,3.647513,0.0142500582715845,0.0039067875211368,9,875.0,5,0.0057142857142857,13.0
34013020901,NJ0706001,3.647513,3.623578854255899,0.9934382288029951,2229,875.0,868,0.992,2226.0
34013020901,NJ0706002,3.647513,0.000324503730093129,8.896575011333173e-05,0,875.0,0,0.0,0.0
34013020901,NJ0715002,3.647513,0.0011629883061777,0.0003188441840173784,1,875.0,0,0.0,0.0
34013020901,NJ0718001,3.647513,0.006117557724881,0.0016771859962887,4,875.0,0,0.0,0.0
34013020901,NJ0720001,3.647513,0.0049872186550348,0.0013672929075331,3,875.0,1,0.0011428571428571,3.0
34013020901,NJ0721001,3.647513,0.000938183839617297,0.0002572119248422958,1,875.0,0,0.0,0.0
34013020902,NJ0706001,9.369924,0.0074761898487698,0.000797892261321424,5,1962.0,0,0.0,0.0
34013020902,NJ0710001,9.369924,0.010326227767711,0.0011020609951277,7,1962.0,0,0.0,0.0
34013020902,NJ0718001,9.369924,7.443926665305236,0.7944489907607828,5004,1962.0,1929,0.9831804281345564,6193.0
34013020902,NJ0721001,9.369924,0.000726315638509761,7.751563817484122e-05,0,1962.0,0,0.0,0.0
34013020902,NJ1410001,9.369924,1.6414908195729368e-05,1.7518720744938133e-06,0,1962.0,0,0.0,0.0
34013021000,NJ0706001,3.007961,0.0002455551707148552,8.163509125113497e-05,0,1734.0,0,0.0,0.0
34013021000,NJ0706002,3.007961,0.4907071961188,0.1631361563925862,897,1734.0,9,0.0051903114186851,29.0
34013021000,NJ0715002,3.007961,0.0032892330450825,0.0010935092060975,6,1734.0,0,0.0,0.0
34013021000,NJ0720001,3.007961,2.505810714279133,0.8330595756657527,4579,1734.0,1721,0.9925028835063436,5456.0
34013021100,NJ0704001,1.937554,0.0015868096746624,0.0008189757161154845,4,1586.0,0,0.0,0.0
34013021100,NJ0713001,1.937554,0.0136778439131759,0.0070593355917698,37,1586.0,5,0.0031525851197982,16.0
34013021100,NJ0720001,1.937554,1.9232229026233223,0.9926035107270932,5179,1586.0,1581,0.9968474148802018,5202.0
34013021200,NJ0713001,2.29147,0.0096099335287805,0.0041937854428731,16,1308.0,2,0.0015290519877675,6.0
34013021200,NJ0720001,2.29147,2.2817835750172577,0.9957728336034326,3841,1308.0,1306,0.9984709480122324,3851.0
34013021300,NJ0704001,5.933401,4.420287451389506,0.7449837709248889,4500,2135.0,1994,0.9339578454332552,5641.0
34013021300,NJ0706002,5.933401,1.029716112051714,0.1735456801338244,1048,2135.0,67,0.0313817330210772,190.0
34013021300,NJ0715001,5.933401,0.021078835483091,0.0035525722065795,21,2135.0,0,0.0,0.0
34013021300,NJ0715002,5.933401,2.651534892829659e-07,4.4688280681343786e-08,0,2135.0,0,0.0,0.0
34013021300,NJ1605001,5.933401,8.160638575255871e-05,1.3753728384877192e-05,0,2135.0,0,0.0,0.0
34013021400,NJ0704001,5.039946,4.537377674006645,0.9002829939064121,6248,2301.0,2208,0.9595827900912648,6660.0
34013021400,NJ0706002,5.039946,0.1627002532256315,0.0322821421550214,224,2301.0,5,0.0021729682746631,15.0
34013021400,NJ0713001,5.039946,0.0068349125644848,0.0013561479754911,9,2301.0,2,0.000869187309865276,6.0
34013021400,NJ0720001,5.039946,0.003518218112546,0.000698066628599992,5,2301.0,0,0.0,0.0
34013021400,NJ1605001,5.039946,0.1237090229369029,0.0245457040485955,170,2301.0,84,0.0365058670143415,253.0
34013021601,NJ0707001,26.23198,14.47204539870076,0.5516947404923593,4343,3450.0,3256,0.943768115942029,7429.0
34013021601,NJ0715001,26.23198,0.0022980224307179,8.760384960334435e-05,1,3450.0,0,0.0,0.0
34013021601,NJ0721001,26.23198,0.0012750075717251,4.860508325048947e-05,0,3450.0,0,0.0,0.0
34013021602,NJ0703001,7.945473,0.00045887370798469056,5.775284970255271e-05,0,2374.0,0,0.0,0.0
34013021602,NJ0704001,7.945473,0.00030730434742895886,3.8676658699734914e-05,0,2374.0,0,0.0,0.0
34013021602,NJ0706001,7.945473,1.0312082420336083e-05,1.2978563290487658e-06,0,2374.0,0,0.0,0.0
34013021602,NJ0706002,7.945473,0.0229627096377802,0.002890036834532,19,2374.0,0,0.0,0.0
34013021602,NJ0707001,7.945473,0.0802493257600886,0.0101000060990816,68,2374.0,15,0.006318449873631,42.0
34013021602,NJ0715001,7.945473,7.053247100834574,0.887706383349937,5942,2374.0,2022,0.8517270429654591,5701.0
34013021602,NJ0715002,7.945473,0.7409820896116812,0.0932583987903151,624,2374.0,269,0.1133108677337826,759.0
34013021602,NJ0721001,7.945473,0.0016910667254043,0.0002128339905508923,1,2374.0,0,0.0,0.0
34013021602,NJ1605001,7.945473,0.0686542026683669,0.0086406690537324,58,2374.0,66,0.0278011794439764,186.0
34013021701,NJ0703001,1.208739,1.2073601529316882,0.9988592681560604,3789,1094.0,1094,1.0,3793.0
34013021701,NJ0706001,1.208739,0.00023985254330723547,0.00019843203810519515,1,1094.0,0,0.0,0.0
34013021701,NJ0715002,1.208739,4.737606419139047e-05,3.919461868227175e-05,0,1094.0,0,0.0,0.0
34013021701,NJ0721001,1.208739,0.0010578375531826,0.0008751579565006316,3,1094.0,0,0.0,0.0
34013021702,NJ0703001,1.842539,1.8126440840711988,0.983775151609382,5149,959.0,956,0.9968717413972888,5218.0
34013021702,NJ0706001,1.842539,0.0011293939854179,0.0006129552673880784,3,959.0,0,0.0,0.0
34013021702,NJ0721001,1.842539,0.0023298181297853,0.0012644606870114,7,959.0,0,0.0,0.0
34013021801,NJ0703001,3.479985,0.0027848292366333,0.0008002417357067202,2,1002.0,0,0.0,0.0
34013021801,NJ0706001,3.479985,0.0088689998539808,0.0025485741616647,7,1002.0,1,0.000998003992015968,3.0
34013021801,NJ0718001,3.479985,0.0075254132570819,0.0021624843949275,6,1002.0,0,0.0,0.0
34013021801,NJ0721001,3.479985,1.942356930618093,0.5581509491041177,1477,1002.0,1000,0.998003992015968,2642.0
34013021801,NJ1410001,3.479985,0.00028846802271530035,8.289346727508892e-05,0,1002.0,0,0.0,0.0
34013021802,NJ0707001,7.44409,0.0029138713987488,0.00039143419796762663,1,1407.0,0,0.0,0.0
34013021802,NJ0721001,7.44409,5.744486940843623,0.7716842409003146,2859,1407.0,1370,0.9737029140014216,3608.0
34013021803,NJ0703001,2.276138,0.0082209913980601,0.0036118158908027,17,1727.0,0,0.0,0.0
34013021803,NJ0715001,2.276138,0.0003883733449897554,0.00017062820663323375,1,1727.0,0,0.0,0.0
34013021803,NJ0715002,2.276138,0.0004419343585972965,0.00019415973838022847,1,1727.0,0,0.0,0.0
34013021803,NJ0721001,2.276138,2.264421677223925,0.9948525428703904,4636,1727.0,1725,0.9988419224088014,4655.0
34013022700,NJ0714001,0.499226,0.4430714406693274,0.8875167572789225,3050,292.0,287,0.9828767123287672,3378.0
34013022800,NJ0714001,0.31663,0.2459216636952099,0.7766846593664845,1883,128.0,118,0.921875,2236.0
34013022900,NJ0714001,1.193764,0.8123362581235648,0.680483125746433,3914,235.0,202,0.8595744680851064,4944.0
34013023000,NJ0714001,0.367018,0.3098623112743037,0.8442700665207258,3194,289.0,282,0.9757785467128028,3691.0
34013023100,NJ0714001,0.478035,0.4701268162091234,0.9834568937611752,2641,349.0,345,0.988538681948424,2654.0
34013023200,NJ0714001,0.524193,0.4253468759903139,0.811431812310187,3052,334.0,325,0.9730538922155688,3660.0
34013980100,NJ0714001,1.460681,0.8142062942889667,0.5574155440434748,3220,47.0,27,0.574468085106383,3319.0
34013980200,NJ0714001,15.536164,3.182963766945755,0.2048744958501825,2,359.0,124,0.3454038997214484,3.0
34015500100,NJ0820001,2.651428,0.0008087087922031061,0.00030500876969056145,1,1565.0,0,0.0,0.0
34015500100,NJ0821001,2.651428,1.5860024876536405,0.598169170595483,2551,1565.0,1482,0.946964856230032,4038.0
34015500201,NJ0812001,7.772044,0.0169216611556685,0.002177247215233,5,1294.0,7,0.0054095826893353,14.0
34015500201,NJ0820001,7.772044,7.025572521877465,0.9039542907731176,2257,1294.0,1283,0.991499227202473,2476.0
34015500202,NJ0802001,3.459044,0.00011661743833543732,3.3713777082753885e-05,0,1684.0,0,0.0,0.0
34015500202,NJ0820001,3.459044,3.3388115788794184,0.9652411414481626,4675,1684.0,1684,1.0,4843.0
34015500202,NJ0822001,3.459044,0.0049508820693313,0.0014312862366975,7,1684.0,0,0.0,0.0
34015500203,NJ0802001,5.541118,0.001868676434502,0.00033723815924909044,2,1366.0,0,0.0,0.0
34015500203,NJ0803001,5.541118,2.8829255159944297e-06,5.202786722813753e-07,0,1366.0,0,0.0,0.0
34015500203,NJ0810004,5.541118,2.414322680840269e-05,4.357103892825002e-06,0,1366.0,0,0.0,0.0
34015500203,NJ0820001,5.541118,5.397798270763833,0.9741352324140784,4648,1366.0,1366,1.0,4771.0
34015500204,NJ0803001,11.364899,1.5970313173602337e-06,1.405231421203333e-07,0,1543.0,0,0.0,0.0
34015500204,NJ0820001,11.364899,8.87486424204312,0.7809012857961273,4977,1543.0,1486,0.9630589760207388,6139.0
34015500205,NJ0812001,11.640184,0.0019918982974216,0.00017112257825319842,1,1559.0,0,0.0,0.0
34015500205,NJ0814001,11.640184,3.035245169885457e-07,2.6075577240750297e-08,0,1559.0,0,0.0,0.0
34015500205,NJ0820001,11.640184,7.5572486147642515,0.6492378999132876,2410,1559.0,1411,0.9050673508659396,3360.0
34015500205,NJ0822001,11.640184,0.0223264534695739,0.0019180498752918,7,1559.0,13,0.0083386786401539,31.0
34015500300,NJ0812001,2.611252,2.4772667129711983,0.9486892544155824,2871,1187.0,1184,0.9974726200505476,3018.0
34015500300,NJ0820001,2.611252,0.0208107953019469,0.0079696617951645,24,1187.0,1,0.0008424599831508003,3.0
34015500400,NJ0807001,4.984406,0.0158909358805319,0.0031881303169388,20,2718.0,0,0.0,0.0
34015500400,NJ0814001,4.984406,3.9156568108606513,0.7855814335470769,4867,2718.0,2618,0.9632082413539368,5968.0
34015500500,NJ0803001,23.275567,0.0264459139562847,0.001136209225592,6,3069.0,0,0.0,0.0
34015500500,NJ0807001,23.275567,6.811688053858834,0.2926540115589379,1439,3069.0,2445,0.7966764418377321,3917.0
34015500500,NJ0814001,23.275567,0.0114806900068214,0.0004932507125098805,2,3069.0,0,0.0,0.0
34015500601,NJ0803001,18.668993,18.25313204562856,0.977724510670102,7375,2515.0,2491,0.9904572564612326,7471.0
34015500601,NJ0807001,18.668993,2.673228599102003e-05,1.4319082979472987e-06,0,2515.0,0,0.0,0.0
34015500601,NJ0810004,18.668993,0.0229711994381793,0.0012304466254917,9,2515.0,3,0.0011928429423459,9.0
34015500601,NJ0814001,18.668993,4.596519714966416e-05,2.4621144348634207e-06,0,2515.0,0,0.0,0.0
34015500601,NJ0820001,18.668993,0.0003418385711267474,1.8310498650181475e-05,0,2515.0,0,0.0,0.0
34015500602,NJ0803001,18.739326,18.626811564333455,0.9939958120336588,4138,1589.0,1589,1.0,4163.0
34015500602,NJ0808001,18.739326,0.0015931440086297,8.501607841337416e-05,0,1589.0,0,0.0,0.0
34015500702,NJ0810004,11.878785,10.198628999029443,0.85855826155869,5045,2509.0,2387,0.9513750498206456,5590.0
34015500702,NJ0815001,11.878785,0.0076126796933058,0.000640863496839606,4,2509.0,0,0.0,0.0
34015500702,NJ0819001,11.878785,0.0003681093865968287,3.098880791232678e-05,0,2509.0,0,0.0,0.0
34015500703,NJ0808001,19.717934,0.0072176900910162,0.00036604697485123074,1,983.0,1,0.0010172939979654,1.0
34015500703,NJ0810004,19.717934,0.0320689806211099,0.0016263864470339,2,983.0,3,0.0030518819938962,4.0
34015500703,NJ0815001,19.717934,0.0119873760209939,0.0006079428007515377,1,983.0,0,0.0,0.0
34015500704,NJ0810004,3.34903,3.22862156846346,0.9640467742789584,3199,986.0,952,0.9655172413793104,3204.0
34015500704,NJ0810005,3.34903,0.0302419377906881,0.0090300587903626,30,986.0,29,0.0294117647058823,98.0
34015500704,NJ0820001,3.34903,0.0009940706779137257,0.00029682346169300527,1,986.0,0,0.0,0.0
34015500705,NJ0810004,6.506278,4.394003576644877,0.6753482677261681,3119,1501.0,1390,0.9260493004663558,4277.0
34015500800,NJ0802001,2.578702,0.010508271744689,0.0040750236920315,9,900.0,0,0.0,0.0
34015500800,NJ0810004,2.578702,0.0035799002462714,0.0013882566679947,3,900.0,0,0.0,0.0
34015500800,NJ0819001,2.578702,1.826231766193747,0.7081980648379483,1617,900.0,856,0.9511111111111112,2171.0
34015500900,NJ0802001,3.227605,0.0190508973652253,0.0059024872514528,18,1240.0,0,0.0,0.0
34015500900,NJ0822001,3.227605,0.0032677364526325,0.0010124338178409,3,1240.0,1,0.0008064516129032258,2.0
34015500900,NJ0823001,3.227605,2.8905308749475904,0.8955652488292682,2774,1240.0,1223,0.9862903225806452,3056.0
34015501001,NJ0802001,1.159181,0.00015901578619380595,0.0001371794277112944,0,852.0,0,0.0,0.0
34015501001,NJ0820001,1.159181,0.0006462529902703318,0.0005575082668455848,1,852.0,0,0.0,0.0
34015501001,NJ0822001,1.159181,1.0009757290660055,0.8635197860092647,1890,852.0,832,0.976525821596244,2138.0
34015501002,NJ0802001,2.121689,0.003777288229525,0.0017803213522458,7,1042.0,0,0.0,0.0
34015501002,NJ0822001,2.121689,2.0627630447440284,0.972226864891145,3875,1042.0,1034,0.9923224568138196,3955.0
34015501002,NJ0823001,2.121689,0.0009823325721472502,0.00046299555314056407,2,1042.0,0,0.0,0.0
34015501003,NJ0820001,1.95025,0.0037150881599271,0.0019049291936557,7,1388.0,0,0.0,0.0
34015501003,NJ0822001,1.95025,1.9057348749710905,0.9771746570804206,3702,1388.0,1385,0.9978386167146974,3780.0
34015501101,NJ0802001,3.676329,2.9421989097663084,0.8003089249537537,3397,1362.0,1058,0.7767988252569751,3297.0
34015501101,NJ0820001,3.676329,0.0032427967142182,0.0008820746767273048,4,1362.0,0,0.0,0.0
34015501101,NJ0821001,3.676329,0.3294001823501605,0.0896003002860082,380,1362.0,280,0.2055800293685756,872.0
34015501101,NJ0822001,3.676329,0.0042110587212,0.0011454520858171,5,1362.0,0,0.0,0.0
34015501102,NJ0802001,8.763852,4.634412309556374,0.5288099695837372,3742,1781.0,1471,0.8259404828747895,5844.0
34015501103,NJ0415002,10.411795,0.0196528035066046,0.0018875519069098,10,2207.0,0,0.0,0.0
34015501103,NJ0802001,10.411795,5.570482245959751,0.5350165121345313,2950,2207.0,1920,0.8699592206615315,4796.0
34015501103,NJ0818004,10.411795,0.009292957035747,0.0008925412991465042,5,2207.0,1,0.00045310376076121433,2.0
34015501104,NJ0802001,2.754431,2.3720966433392854,0.861192980815016,2770,1121.0,1115,0.9946476360392508,3200.0
34015501105,NJ0802001,3.382918,3.1869164590771093,0.9420613976091378,2937,689.0,680,0.9869375907111756,3077.0
34015501105,NJ0822001,3.382918,0.0043039226099029,0.0012722515325239,4,689.0,5,0.0072568940493468,23.0
34015501105,NJ0823001,3.382918,0.002838892927572,0.00083918467062223,3,689.0,0,0.0,0.0
34015501106,NJ0802001,13.173124,6.963526320171565,0.5286161672942246,2206,1605.0,1396,0.8697819314641745,3630.0
34015501106,NJ0810004,13.173124,0.0032624115100172,0.000247656631032797,1,1605.0,0,0.0,0.0
34015501106,NJ0818004,13.173124,2.0295776107232085e-05,1.5406957459166168e-06,0,1605.0,0,0.0,0.0
34015501106,NJ0819001,13.173124,0.0017542327556005,0.00013316755809787608,1,1605.0,0,0.0,0.0
34015501106,NJ0823001,13.173124,0.0003203005039989948,2.431469589134626e-05,0,1605.0,0,0.0,0.0
34015501107,NJ0802001,2.725458,2.5636416306412,0.9406278249898548,4360,1734.0,1728,0.9965397923875432,4619.0
34015501107,NJ0819001,2.725458,0.0011669613534137,0.0004281707343917174,2,1734.0,0,0.0,0.0
34015501107,NJ0823001,2.725458,1.048931652167812e-05,3.8486436120747855e-06,0,1734.0,0,0.0,0.0
34015501201,NJ0415002,7.218002,0.0116293899177294,0.0016111646848711,10,2235.0,1,0.00044742729306487697,3.0
34015501201,NJ0818004,7.218002,6.967498926066917,0.9652946793401992,5800,2235.0,2214,0.9906040268456376,5953.0
34015501202,NJ0818004,4.209976,4.214561027229203,1.0010890863105164,4718,1650.0,1650,1.0,4713.0
34015501203,NJ0818004,2.99763,2.9928434126430488,0.9984032094164552,3260,1240.0,1239,0.9991935483870968,3262.0
34015501204,NJ0415002,3.321249,0.0164163498543328,0.0049428241767879,19,1524.0,6,0.0039370078740157,15.0
34015501204,NJ0818004,3.321249,3.1038848516053585,0.9345534922570872,3586,1524.0,1524,1.0,3837.0
34015501205,NJ0415002,7.58835,0.0721909864451278,0.0095133970421933,34,1233.0,37,0.0300081103000811,106.0
34015501205,NJ0811002,7.58835,0.0068929817959018,0.0009083637148921556,3,1233.0,0,0.0,0.0
34015501205,NJ0818004,7.58835,6.47249824148633,0.852951991076628,3021,1233.0,1191,0.9659367396593674,3421.0
34015501206,NJ0818004,3.773279,3.7378988582365262,0.9906235023268956,3758,1219.0,1214,0.995898277276456,3778.0
34015501208,NJ0806001,6.906517,0.0049122942952344,0.0007112549343228251,3,1442.0,0,0.0,0.0
34015501208,NJ0815001,6.906517,0.0030394457191594,0.0004400837237003022,2,1442.0,0,0.0,0.0
34015501208,NJ0818004,6.906517,3.146660898009201,0.4556074933297349,1903,1442.0,1026,0.7115117891816921,2972.0
34015501209,NJ0415002,8.823243,0.0177634525912359,0.002013256643984,15,2023.0,4,0.0019772614928324,14.0
34015501209,NJ0802001,8.823243,0.0036020039683976,0.0004082403679007379,3,2023.0,0,0.0,0.0
34015501209,NJ0810004,8.823243,9.208556584641336e-05,1.0436702904636465e-05,0,2023.0,0,0.0,0.0
34015501209,NJ0818004,8.823243,5.854968972048062,0.6635846901244885,4835,2023.0,1750,0.8650519031141869,6303.0
34015501210,NJ0806001,3.219842,0.0052964764421933,0.0016449491752058,6,1295.0,0,0.0,0.0
34015501210,NJ0818004,3.219842,3.1633421134085675,0.982452590347156,3456,1295.0,1293,0.9984555984555984,3513.0
34015501212,NJ0818004,2.807301,2.389490854636734,0.8511701647371387,3333,960.0,934,0.9729166666666668,3810.0
34015501213,NJ0806001,4.421618,0.0009458517712845932,0.0002139153068592975,1,1368.0,0,0.0,0.0
34015501213,NJ0811002,4.421618,0.0009605711830828804,0.0002172442719119744,1,1368.0,0,0.0,0.0
34015501213,NJ0818004,4.421618,4.417096020476143,0.9989773020817592,4615,1368.0,1368,1.0,4620.0
34015501301,NJ0806001,2.571817,0.0230873006461844,0.0089770386641757,31,1478.0,3,0.0020297699594046,7.0
34015501301,NJ0815001,2.571817,2.5585335219461,0.9948349831835236,3388,1478.0,1474,0.9972936400541272,3397.0
34015501302,NJ0806001,0.993751,0.0005024599313735962,0.000505619547928602,1,1115.0,1,0.0008968609865470852,2.0
34015501302,NJ0815001,0.993751,0.942902048952372,0.948831295719322,2536,1115.0,1107,0.9928251121076234,2654.0
34015501303,NJ0806001,2.179804,0.0007157983565926552,0.0003283773938357096,1,995.0,0,0.0,0.0
34015501303,NJ0815001,2.179804,2.2614931987009723,1.0374754788508382,2802,995.0,995,1.0,2701.0
34015501402,NJ0801001,9.924917,9.012151388055643e-05,9.080329223967962e-06,0,1203.0,0,0.0,0.0
34015501402,NJ0806001,9.924917,6.334442894426554,0.6382363595006945,3197,1203.0,1199,0.99667497921862,4992.0
34015501403,NJ0806001,5.984835,5.317170476406301,0.8884406130505353,4283,1757.0,1743,0.9920318725099602,4783.0
34015501404,NJ0806001,2.00084,1.54682890996443,0.7730897572841556,4037,346.0,326,0.9421965317919077,4920.0
34015501404,NJ0815001,2.00084,0.0038846076690857,0.0019414884094109,10,346.0,1,0.0028901734104046,15.0
34015501405,NJ0806001,3.059813,3.0675392922117264,1.0025250864061712,3802,1182.0,1181,0.9991539763113368,3789.0
34015501405,NJ0818004,3.059813,0.0032962428791222,0.001077269388398,4,1182.0,0,0.0,0.0
34015501406,NJ0806001,3.168727,3.1633123687433913,0.9982912282261588,4298,1460.0,1460,1.0,4305.0
34015501406,NJ0811002,3.168727,5.0086697679944346e-08,1.5806567646863976e-08,0,1460.0,0,0.0,0.0
34015501406,NJ0818004,3.168727,0.0020951662395966,0.0006612012456726755,3,1460.0,0,0.0,0.0
34015501501,NJ0801001,11.402713,9.119633761295251,0.7997775407743096,2649,1382.0,1381,0.9992764109985528,3310.0
34015501501,NJ0806001,11.402713,0.0034073071690276,0.0002988154809322682,1,1382.0,0,0.0,0.0
34015501501,NJ0811002,11.402713,0.0095727517482582,0.0008395152757294026,3,1382.0,0,0.0,0.0
34015501502,NJ0801001,6.920748,6.76510809230906,0.9775111147391958,5371,2091.0,2084,0.9966523194643712,5477.0
34015501603,NJ0436007,6.669588,0.0054697918513596,0.000820109405762347,5,2630.0,0,0.0,0.0
34015501603,NJ0811002,6.669588,6.386592743283632,0.957569304623259,6048,2630.0,2622,0.996958174904943,6297.0
34015501604,NJ0811002,9.15057,9.10006537778985,0.994480712981798,7397,2563.0,2563,1.0,7438.0
34015501605,NJ0436007,51.611464,0.0340292195193697,0.0006593345137307033,3,2490.0,0,0.0,0.0
34015501605,NJ0811002,51.611464,2.8216242598564145,0.0546704945214577,229,2490.0,1122,0.4506024096385542,1891.0
34015501606,NJ0811002,24.42321,13.749580612521784,0.5629718866816353,4213,2894.0,2446,0.8451969592259848,6325.0
34015501608,NJ0415002,7.23188,0.0036898360199341,0.0005102180926583612,3,2102.0,1,0.0004757373929590866,3.0
34015501608,NJ0436007,7.23188,0.0039650612607689,0.0005482753116435712,3,2102.0,0,0.0,0.0
34015501608,NJ0811002,7.23188,7.153465868733168,0.9891571581294446,5578,2102.0,2098,0.9980970504281635,5628.0
34015501608,NJ0818004,7.23188,1.7271761166630313e-06,2.388280940312936e-07,0,2102.0,0,0.0,0.0
34015501609,NJ0801001,21.142853,2.607425954165592e-07,1.2332422469974096e-08,0,2417.0,0,0.0,0.0
34015501609,NJ0806001,21.142853,0.003682863515851,0.0001741895247463093,1,2417.0,0,0.0,0.0
34015501609,NJ0811002,21.142853,20.05233223226964,0.948421304933144,5732,2417.0,2351,0.9726934215970212,5879.0
34015501609,NJ0818004,21.142853,0.0238881260557248,0.0011298440213212,7,2417.0,0,0.0,0.0
34015501701,NJ0801001,33.519345,0.0015884799326807,4.7389945498061493e-05,0,2473.0,0,0.0,0.0
34015501703,NJ0614003,32.071132,0.00032319456511950556,1.007742929434189e-05,0,2511.0,0,0.0,0.0
34015501703,NJ0805002,32.071132,0.022645364673729,0.0007060980782882578,3,2511.0,34,0.0135404221425726,61.0
34015501703,NJ0805003,32.071132,0.0111378965360671,0.00034728729051619134,2,2511.0,5,0.0019912385503783,9.0
34015501703,NJ0813001,32.071132,0.1549800086176488,0.0048323834848626,22,2511.0,31,0.0123456790123456,56.0
34015501704,NJ0801001,27.528718,0.0325090614145695,0.0011809144695575,5,2347.0,4,0.0017043033659991,7.0
34015501704,NJ0805001,27.528718,0.0161086405501887,0.0005851576724418734,2,2347.0,26,0.0110779718789944,45.0
34015501704,NJ0805433,27.528718,0.0883946094120387,0.0032109962190044,13,2347.0,25,0.0106518960374946,44.0
34015501800,NJ0813001,4.501732,4.255368685224927,0.9452736602767396,1677,906.0,893,0.9856512141280354,1749.0
34015501900,NJ0801001,49.616336,0.0378572556751206,0.0007629998247980386,3,2537.0,0,0.0,0.0
34015501900,NJ0804001,49.616336,0.262067843278197,0.0052818862577477,23,2537.0,115,0.0453291288923925,201.0
34015501900,NJ0806001,49.616336,0.0345542033034073,0.0006964279527494209,3,2537.0,1,0.00039416633819471815,2.0
34015502001,NJ0808001,17.393968,11.777911082642222,0.6771261786064123,4254,2046.0,1860,0.9090909090909092,5711.0
34015502002,NJ0806001,31.638961,0.0023055204358068,7.28696633181732e-05,1,2982.0,0,0.0,0.0
34015502002,NJ0808001,31.638961,13.467281813686728,0.4256549958668594,3132,2982.0,1856,0.6224010731052985,4580.0
34015502100,NJ0804001,41.168461,0.00010752666063224784,2.611869815396982e-06,0,1795.0,0,0.0,0.0
34015502100,NJ0816001,41.168461,0.0442158555726036,0.0010740225526672,4,1795.0,45,0.0250696378830083,85.0
34015502201,NJ0809002,4.934732,7.215368700027466e-05,1.4621601943180431e-05,0,886.0,0,0.0,0.0
34015502201,NJ0817001,4.934732,0.1641142568339649,0.0332569746105695,114,886.0,12,0.0135440180586907,46.0
34015502201,NJ0824001,4.934732,2.0159885080945315,0.4085304952922532,1398,886.0,842,0.9503386004514672,3253.0
34015502202,NJ0809002,9.007881,2.3884847949258983e-05,2.6515501203067607e-06,0,694.0,0,0.0,0.0
34015502202,NJ0824001,9.007881,1.5108210607511436,0.1677221380645618,468,694.0,534,0.7694524495677233,2148.0
34015502203,NJ0817001,13.204688,0.0014819137111306,0.0001122263328850034,0,871.0,0,0.0,0.0
34015502203,NJ0824001,13.204688,1.5419243529918305,0.116770979593901,410,871.0,63,0.0723306544202066,254.0
34015502204,NJ0803001,27.430029,0.0105811313004831,0.00038574991300530993,1,1227.0,0,0.0,0.0
34015502204,NJ0809001,27.430029,6.327936768531799e-06,2.3069376880833042e-07,0,1227.0,0,0.0,0.0
34015502204,NJ0809002,27.430029,0.1001770164408982,0.0036520929832373,10,1227.0,2,0.0016299918500407,5.0
34015502204,NJ0817001,27.430029,0.6891975629238312,0.0251256592883598,72,1227.0,105,0.0855745721271393,244.0
34015502204,NJ0824001,27.430029,0.0797466227594942,0.0029072744603913,8,1227.0,1,0.0008149959250203749,2.0
34015502300,NJ0817001,1.893893,1.8526646538100613,0.9782308999558376,2652,869.0,865,0.995397008055236,2699.0
34015502300,NJ0824001,1.893893,0.0714041108333234,0.0377022940753904,102,869.0,34,0.0391254315304948,106.0
34015502400,NJ0803001,56.793865,3.2663860102184117e-06,5.7513007966941716e-08,0,2617.0,0,0.0,0.0
34015502400,NJ0809001,56.793865,10.416110600020884,0.1834020382310815,1100,2617.0,641,0.2449369507069163,1470.0
34015502400,NJ0809002,56.793865,7.1782258872885105,0.1263908678743472,758,2617.0,1448,0.5533053114252962,3320.0
34015502400,NJ0824001,56.793865,0.0490406683355248,0.0008634853136958515,5,2617.0,31,0.0118456247611769,71.0
34017000101,NJ0238001,0.27317,0.0002362656627669,0.0008649034036202175,2,416.0,0,0.0,0.0
34017000101,NJ0906001,0.27317,0.2366787816586641,0.8664157178997111,2213,416.0,410,0.9855769230769232,2517.0
34017000102,NJ0238001,0.242943,0.00012346726717427374,0.0005082149606050545,2,554.0,0,0.0,0.0
34017000102,NJ0906001,0.242943,0.2429363779805264,0.9999727424973204,3834,554.0,554,1.0,3834.0
34017000200,NJ0238001,0.262048,0.0002092942547043,0.0007986867089402648,4,497.0,0,0.0,0.0
34017000200,NJ0906001,0.262048,0.2619837426015925,0.9997547876785646,5390,497.0,497,1.0,5391.0
34017000300,NJ0906001,0.306909,0.3069017466935393,0.9999763665892476,3948,456.0,456,1.0,3948.0
34017000400,NJ0906001,0.464657,0.4173854638644539,0.8982657398133548,3569,590.0,583,0.988135593220339,3926.0
34017000500,NJ0906001,0.221479,0.2214791508843675,1.0000006812581217,4317,477.0,477,1.0,4317.0
34017000600,NJ0906001,0.321471,0.3214729429729058,1.000006044006787,5790,550.0,550,1.0,5790.0
34017000700,NJ0906001,0.23057,0.2305678587296213,0.99999071314404,3609,173.0,173,1.0,3609.0
34017000800,NJ0905001,0.331649,3.378459335476509e-05,0.00010186852170446794,0,47.0,0,0.0,0.0
34017000800,NJ0906001,0.331649,0.3144614256879889,0.9481754073975464,3864,47.0,47,1.0,4075.0
34017000902,NJ0906001,0.519397,0.4820790171096371,0.928151331466368,6291,378.0,375,0.992063492063492,6724.0
34017001000,NJ0906001,0.124238,0.1242389724662201,1.0000078274458708,2118,259.0,259,1.0,2118.0
34017001100,NJ0906001,0.492168,0.4821957703262395,0.9797381591778408,5237,613.0,610,0.99510603588907,5319.0
34017001201,NJ0906001,0.139358,0.1326229144807457,0.9516706215699549,2049,219.0,217,0.9908675799086758,2133.0
34017001202,NJ0906001,0.231662,0.2116196583051653,0.913484552085216,1158,70.0,68,0.9714285714285714,1232.0
34017001300,NJ0905001,0.333335,8.337694785142957e-06,2.5012959290632417e-05,0,158.0,0,0.0,0.0
34017001300,NJ0906001,0.333335,0.2937624249987099,0.8812828685817868,2312,158.0,156,0.9873417721518988,2591.0
34017001400,NJ0906001,0.234502,0.2284331128234508,0.974120104832585,3767,277.0,277,1.0,3867.0
34017001701,NJ0906001,0.770962,0.5232919287504306,0.6787519083306708,3555,399.0,370,0.9273182957393484,4856.0
34017001800,NJ0906001,0.212933,0.1805433226429028,0.8478879396002631,3362,179.0,177,0.988826815642458,3921.0
34017001900,NJ0906001,0.230989,0.229224798067945,0.992362398503587,2664,120.0,120,1.0,2684.0
34017002001,NJ0906001,0.126839,0.1238958908350057,0.976796496621747,1589,91.0,91,1.0,1627.0
34017002002,NJ0906001,0.182023,0.176019398902975,0.967017348922801,2478,139.0,138,0.9928057553956836,2545.0
34017002200,NJ0906001,0.149476,0.1483219192035492,0.9922791565438546,2020,82.0,82,1.0,2036.0
34017002300,NJ0906001,0.1448,0.1448013946949792,1.0000096318714038,2470,58.0,58,1.0,2470.0
34017002400,NJ0906001,0.159733,0.159730736254488,0.9999858279409268,2806,,0,,
34017002700,NJ0906001,1.091302,0.6475930915399295,0.5934132728978133,3532,583.0,562,0.9639794168096056,5738.0
34017002800,NJ0906001,0.295626,0.2956252383100697,0.9999974234677254,5643,334.0,334,1.0,5643.0
34017002900,NJ0906001,0.203303,0.2033024414524752,0.9999972526351072,3990,242.0,242,1.0,3990.0
34017003000,NJ0906001,0.247815,0.2343355464215431,0.945606789022227,2812,204.0,201,0.9852941176470588,2930.0
34017003101,NJ0906001,0.069326,0.0693253457044614,0.9999905620468718,2846,17.0,17,1.0,2846.0
34017003102,NJ0906001,0.1911,0.1910994637089925,0.9999971936629646,3365,203.0,203,1.0,3365.0
34017003500,NJ0906001,0.089372,0.0893722964450549,1.0000033169790867,2257,11.0,11,1.0,2257.0
34017004000,NJ0906001,1.564932,0.7105588241358418,0.4540509262612316,2562,769.0,752,0.9778933680104032,5517.0
34017004102,NJ0906001,0.237585,0.2375856640175208,1.0000027948629788,3091,256.0,256,1.0,3091.0
34017004103,NJ0906001,0.165495,0.1654960776447206,1.0000065116451895,2285,201.0,201,1.0,2285.0
34017004104,NJ0906001,0.211553,0.2115529332868652,0.9999996846504906,4593,262.0,262,1.0,4593.0
34017004200,NJ0906001,0.29768,0.297677845731263,0.9999927631391528,5100,492.0,492,1.0,5100.0
34017004300,NJ0906001,0.219063,0.2016289111190889,0.920415182477593,2304,142.0,139,0.9788732394366196,2450.0
34017004400,NJ0906001,0.161415,0.1614144912903942,0.9999968484366024,2697,192.0,192,1.0,2697.0
34017004500,NJ0906001,0.389229,0.3803047633581121,0.9770720150813844,4294,523.0,521,0.9961759082217974,4378.0
34017004600,NJ0906001,0.459149,0.3896151861716573,0.8485593699902589,1959,228.0,219,0.9605263157894736,2218.0
34017004700,NJ0906001,0.878536,0.626385315187998,0.7129876467077024,2356,248.0,246,0.9919354838709676,3277.0
34017004800,NJ0906001,1.024634,0.513512823859821,0.5011670741550847,2362,650.0,599,0.9215384615384616,4343.0
34017004900,NJ0906001,0.369559,0.3695581135051343,0.9999976012088309,4370,604.0,604,1.0,4370.0
34017005200,NJ0906001,0.376346,0.3747910345315355,0.9958682556252372,4795,468.0,467,0.997863247863248,4805.0
34017005300,NJ0906001,0.385158,0.277998756317106,0.7217784813429969,2310,482.0,475,0.9854771784232366,3155.0
34017005400,NJ0906001,1.38864,1.3045709840241797,0.9394594596325752,6865,646.0,642,0.9938080495356038,7262.0
34017005500,NJ0906001,0.216661,0.2166619957581162,1.0000045959268913,3141,413.0,413,1.0,3141.0
34017005600,NJ0906001,0.230611,0.2306115206842403,1.0000022578465046,3897,546.0,546,1.0,3897.0
34017005801,NJ0906001,0.448252,0.448250727879403,0.9999971620414478,5569,766.0,766,1.0,5569.0
34017005802,NJ0906001,4.807205,1.050497670266226,0.2185256651767973,368,203.0,73,0.3596059113300492,605.0
34017005901,NJ0906001,0.26966,0.2631965474738841,0.9760311038859456,3360,518.0,518,1.0,3443.0
34017005902,NJ0906001,0.353601,0.3536017727941554,1.0000021854976524,4857,696.0,696,1.0,4857.0
34017006000,NJ0906001,0.379055,0.3688909359667691,0.9731857803399748,4583,662.0,661,0.9984894259818732,4702.0
34017006101,NJ0901001,0.377377,0.0045553378318771,0.0120710531693165,48,550.0,1,0.0018181818181818,7.0
34017006101,NJ0906001,0.377377,0.3475756459350017,0.9210302851922656,3642,550.0,547,0.9945454545454544,3932.0
34017006102,NJ0901001,0.398133,2.0242439376190305e-05,5.0843410056916415e-05,0,424.0,0,0.0,0.0
34017006102,NJ0906001,0.398133,0.2787023897402984,0.700023333258731,2405,424.0,418,0.9858490566037736,3387.0
34017006200,NJ0906001,0.269137,0.2431880061560142,0.9035844427039544,3657,490.0,490,1.0,4047.0
34017006300,NJ0906001,0.677034,0.4591213986619575,0.6781363988543522,3250,646.0,637,0.9860681114551084,4725.0
34017006400,NJ0906001,0.218104,0.184305108989922,0.845033144692083,2768,107.0,104,0.97196261682243,3184.0
34017006500,NJ0906001,0.373121,0.2558892459657372,0.6858076762383711,1557,54.0,53,0.9814814814814816,2228.0
34017006600,NJ0906001,0.346099,0.3121822150415815,0.902002649651058,1199,135.0,133,0.9851851851851852,1309.0
34017006700,NJ0906001,0.737484,0.5938999259388265,0.8053055062060009,2955,228.0,212,0.9298245614035088,3412.0
34017006800,NJ0906001,0.348015,0.3480137701384741,0.9999964660674802,4143,464.0,464,1.0,4143.0
34017006900,NJ0906001,3.563075,0.036475294602096,0.0102370268944931,1,120.0,22,0.1833333333333333,18.0
34017007001,NJ0906001,0.121779,0.1217775917172762,0.999988435750632,2141,,0,,
34017007002,NJ0906001,0.130148,0.1287453596222558,0.9892227281422368,2347,47.0,47,1.0,2373.0
34017007100,NJ0906001,0.340043,0.2951369713227571,0.867940146754255,3046,218.0,215,0.9862385321100916,3462.0
34017007200,NJ0906001,0.29839,0.2503392355302795,0.8389665723726651,2743,25.0,25,1.0,3269.0
34017007300,NJ0906001,0.599604,0.4789616103872169,0.7987965563725674,3951,32.0,30,0.9375,4637.0
34017007400,NJ0906001,0.251648,0.2298098411151063,0.9132194220304009,5327,26.0,25,0.9615384615384616,5609.0
34017007500,NJ0906001,0.302077,0.2898308210993692,0.9594600750781066,7065,78.0,76,0.9743589743589745,7175.0
34017007601,NJ0906001,0.270665,0.1778861295954777,0.6572188114291753,6798,28.0,21,0.75,7758.0
34017007602,NJ0906001,0.282725,0.2718028793054142,0.9613683943953106,5032,28.0,27,0.9642857142857144,5047.0
34017007701,NJ0906001,0.418916,0.1390531479023029,0.3319356336408799,2019,25.0,13,0.52,3162.0
34017007702,NJ0906001,0.195497,0.0222174512167759,0.1136459956765368,146,3.0,0,0.0,0.0
34017007703,NJ0905001,0.388904,0.0015226538517475,0.0039152434836039,20,22.0,0,0.0,0.0
34017007703,NJ0906001,0.388904,0.2163829069334079,0.5563915694706353,2792,22.0,17,0.7727272727272727,3878.0
34017007800,NJ0906001,0.561162,0.2514344267016956,0.4480603225123861,1946,11.0,7,0.6363636363636364,2764.0
34017010100,NJ0901001,1.062391,0.7943816813312888,0.7477300554421948,5006,840.0,834,0.9928571428571428,6647.0
34017010100,NJ0906001,1.062391,0.0004579732668276,0.000431077886416245,3,840.0,0,0.0,0.0
34017010200,NJ0901001,0.298774,0.2987728059175768,0.9999960033924532,3477,586.0,586,1.0,3477.0
34017010300,NJ0901001,0.969841,0.4360687745419842,0.449629139768255,1408,500.0,479,0.958,2999.0
34017010400,NJ0901001,2.235178,1.9005880183664676,0.8503072320712121,4258,783.0,771,0.9846743295019156,4931.0
34017010500,NJ0901001,0.981966,0.6352520687009979,0.6469185987101366,3695,1067.0,1058,0.9915651358950328,5664.0
34017010601,NJ0901001,0.319325,0.2832008444034959,0.8868733873122867,2586,385.0,383,0.9948051948051948,2901.0
34017010602,NJ0901001,0.359488,0.3594881428624987,1.0000003974054732,4372,644.0,644,1.0,4372.0
34017010701,NJ0901001,0.245924,0.2459249369090348,1.0000038097503083,2603,377.0,377,1.0,2603.0
34017010702,NJ0901001,0.138244,0.1382455389709994,1.000011132280601,1451,178.0,178,1.0,1451.0
34017010800,NJ0901001,4.524851,0.8272880623876792,0.1828321114634888,674,1226.0,635,0.5179445350734094,1910.0
34017010900,NJ0901001,0.284012,0.2840111392531732,0.9999969693293704,2700,261.0,261,1.0,2700.0
34017011000,NJ0901001,0.202587,0.1947257105250917,0.9611954889755596,2444,286.0,285,0.9965034965034965,2534.0
34017011100,NJ0901001,0.287713,0.2877128582434802,0.9999995072988715,4715,524.0,524,1.0,4715.0
34017011200,NJ0901001,0.847223,0.8090262567406826,0.9549153608208024,7064,1255.0,1249,0.995219123505976,7363.0
34017011300,NJ0901001,0.285818,0.2691825177659196,0.941796939891538,3050,487.0,485,0.995893223819302,3225.0
34017011400,NJ0901001,0.611566,0.530823296714201,0.8679738519051108,3353,702.0,696,0.9914529914529916,3830.0
34017011500,NJ0901001,0.958128,0.4478571145299679,0.4674293147992417,1603,739.0,711,0.9621109607577808,3299.0
34017011600,NJ0901001,0.464554,0.3392986745090673,0.7303751006536751,3467,519.0,506,0.97495183044316,4628.0
34017012300,NJ0239001,0.243496,5.6034003254026174e-06,2.3012289012561265e-05,0,494.0,0,0.0,0.0
34017012300,NJ0907001,0.243496,0.2434897071821391,0.9999741563809637,2250,494.0,494,1.0,2250.0
34017012400,NJ0239001,0.736543,0.0041137974516582,0.0055852780511907,18,1126.0,0,0.0,0.0
34017012400,NJ0907001,0.736543,0.7070522176467581,0.9599605422178448,3101,1126.0,1122,0.9964476021314388,3219.0
34017012500,NJ0907001,0.879969,0.8453139860222101,0.9606179149745162,3746,1065.0,1065,1.0,3900.0
34017012600,NJ0907001,0.446913,0.4469129857688731,0.9999999681568296,3846,758.0,758,1.0,3846.0
34017012700,NJ0239001,17.406755,0.0055375861389741,0.00031812857358963053,2,1553.0,0,0.0,0.0
34017012700,NJ0907001,17.406755,1.663782254964887,0.0955825629168036,574,1553.0,1167,0.7514488087572441,4515.0
34017012800,NJ0904001,1.303715,0.0034205448473999,0.0026236906435838,13,1095.0,0,0.0,0.0
34017012800,NJ0907001,1.303715,1.2986632928042408,0.9961251445325404,4810,1095.0,1095,1.0,4829.0
34017012900,NJ0904001,0.342422,0.00018380471576936544,0.0005367783488483959,2,736.0,0,0.0,0.0
34017012900,NJ0907001,0.342422,0.3422361059988569,0.9994571201583335,4060,736.0,736,1.0,4062.0
34017013000,NJ0904001,0.284803,0.00012651698786392808,0.0004442263173629775,2,533.0,0,0.0,0.0
34017013000,NJ0907001,0.284803,0.2846778459363957,0.9995605591808926,3663,533.0,533,1.0,3665.0
34017013100,NJ0907001,0.231152,0.2175977318988162,0.941362098960062,2050,427.0,427,1.0,2178.0
34017013200,NJ0904001,0.298621,1.686824481934309e-06,5.64871352629021e-06,0,692.0,0,0.0,0.0
34017013200,NJ0907001,0.298621,0.2986215338970951,1.0000017878752503,4265,692.0,692,1.0,4265.0
34017013300,NJ0902001,0.732414,0.0002653867411501706,0.00036234525985326686,1,596.0,0,0.0,0.0
34017013300,NJ0907001,0.732414,0.6976604805278197,0.9525493512246076,3586,596.0,592,0.9932885906040269,3740.0
34017013400,NJ0902001,0.265535,0.1483528326262514,0.5586940803519364,1449,328.0,303,0.923780487804878,2396.0
34017013400,NJ0904001,0.265535,0.0041770999350737,0.0157308826899419,41,328.0,11,0.0335365853658536,87.0
34017013400,NJ0907001,0.265535,0.0068154329942651,0.0256667971991078,67,328.0,0,0.0,0.0
34017013500,NJ0902001,0.546653,4.264259844494518e-07,7.800670342053402e-07,0,649.0,0,0.0,0.0
34017013500,NJ0904001,0.546653,0.5534654815181269,1.0124621679897978,5091,649.0,649,1.0,5028.0
34017013500,NJ0907001,0.546653,0.0025005585404271,0.0045743068096711,23,649.0,0,0.0,0.0
34017013600,NJ0904001,0.13075,0.1307481533245704,0.9999858762873456,2234,297.0,297,1.0,2234.0
34017013700,NJ0902001,0.202694,0.000291915283318609,0.0014401772293141,4,356.0,1,0.0028089887640449,7.0
34017013700,NJ0904001,0.202694,0.1933753315251515,0.9540259283706056,2503,356.0,355,0.9971910112359552,2617.0
34017013800,NJ0904001,0.76025,0.581348172038304,0.7646802657524552,3781,305.0,287,0.940983606557377,4652.0
34017013900,NJ0904001,1.496541,0.6816389683454395,0.4554763072615047,2104,591.0,542,0.9170896785109984,4237.0
34017014000,NJ0238001,0.361813,0.3598496651804492,0.9945736200204228,5181,812.0,811,0.998768472906404,5203.0
34017014101,NJ0238001,0.533995,0.4454923109925333,0.834263075482979,3753,117.0,110,0.9401709401709402,4229.0
34017014102,NJ0238001,0.929035,0.7581475919637798,0.8160592356195189,4202,622.0,612,0.9839228295819936,5066.0
34017014200,NJ0238001,0.329769,0.3297683707576579,0.9999980918693324,5932,653.0,653,1.0,5932.0
34017014300,NJ0238001,0.410783,0.4107811351302162,0.99999546020701,5937,942.0,942,1.0,5937.0
34017014401,NJ0238001,0.382739,0.3827384260570592,0.9999985004325644,4518,808.0,808,1.0,4518.0
34017014402,NJ0238001,0.383323,0.3833228039228297,0.9999994884805494,3657,814.0,814,1.0,3657.0
34017014501,NJ0238001,0.462258,0.462254755049274,0.9999929802172682,6312,856.0,856,1.0,6312.0
34017014502,NJ0238001,0.319878,0.3101252416859045,0.9695110063396188,3453,240.0,239,0.9958333333333332,3547.0
34017014600,NJ0238001,5.210137,1.1135351829988858,0.2137247414029393,904,896.0,717,0.8002232142857143,3383.0
34017014700,NJ0238001,0.598421,0.5874454290917926,0.9816591147232344,4790,777.0,775,0.9974259974259976,4867.0
34017014801,NJ0238001,0.98947,0.8507745530228707,0.8598285476294084,4500,559.0,545,0.9749552772808586,5103.0
34017014801,NJ0906001,0.98947,0.0006655713362768292,0.0006726543869716406,4,559.0,0,0.0,0.0
34017014802,NJ0238001,2.186637,0.2375136924620452,0.1086205403375344,119,163.0,124,0.7607361963190185,833.0
34017014900,NJ0238001,0.203394,0.2001019549593105,0.9838144436871812,3099,399.0,399,1.0,3150.0
34017014900,NJ0906001,0.203394,0.0012148606722252,0.0059729425264523,19,399.0,0,0.0,0.0
34017015001,NJ0238001,0.065847,0.063211906058669,0.9599815642120229,2507,21.0,20,0.9523809523809524,2487.0
34017015003,NJ0238001,0.113485,0.1134848843377949,0.9999989808150412,2700,250.0,250,1.0,2700.0
34017015004,NJ0238001,0.151175,0.1511743698088856,0.9999958313800938,3462,262.0,262,1.0,3462.0
34017015100,NJ0238001,0.169399,0.1693986581941039,0.99999798224372,3244,344.0,344,1.0,3244.0
34017015201,NJ0238001,0.281606,0.2204401629897455,0.7827963998982462,2254,54.0,50,0.925925925925926,2667.0
34017015202,NJ0238001,0.256773,0.2567730439520314,1.0000001711707671,6467,361.0,361,1.0,6467.0
34017015300,NJ0238001,0.148313,0.1483157719366507,1.0000186897753451,4568,206.0,206,1.0,4568.0
34017015500,NJ0238001,0.302309,0.3023058392017715,0.9999895444785684,5203,434.0,434,1.0,5203.0
34017015600,NJ0238001,0.12802,0.1280209848858769,1.0000076932188484,4315,152.0,152,1.0,4315.0
34017015700,NJ0238001,0.161711,0.161711753124263,1.0000046572234609,3753,262.0,262,1.0,3753.0
34017015801,NJ0238001,0.30021,0.245624051524965,0.8181741165349758,2859,21.0,17,0.8095238095238095,2828.0
34017015802,NJ0238001,0.237656,0.2157348131197242,0.9077608523232078,5183,221.0,219,0.990950226244344,5658.0
34017015900,NJ0238001,0.197552,0.1975514008897393,0.9999969673288012,5966,244.0,244,1.0,5966.0
34017016000,NJ0238001,0.221854,0.221855181995775,1.0000053278091674,3794,263.0,263,1.0,3794.0
34017016100,NJ0238001,0.122352,0.1142579821931235,0.9338464609742668,3523,155.0,154,0.9935483870967742,3749.0
34017016200,NJ0238001,0.228418,0.2284175345407555,0.9999979622479646,4813,351.0,351,1.0,4813.0
34017016300,NJ0238001,0.165973,0.1659721378482807,0.9999948054700508,4503,215.0,215,1.0,4503.0
34017016400,NJ0238001,0.195361,0.1868947563863675,0.956663593994541,3620,274.0,272,0.9927007299270072,3756.0
34017016500,NJ0238001,0.204736,0.1930985913380421,0.9431589526904997,4416,129.0,127,0.9844961240310076,4609.0
34017016600,NJ0238001,0.228071,0.2280726215194723,1.0000071097135208,3822,279.0,279,1.0,3822.0
34017016700,NJ0238001,0.145111,0.1210636637936066,0.8342831611222211,1479,152.0,152,1.0,1773.0
34017016800,NJ0238001,0.164709,0.1248112250189831,0.7577680941477587,2537,169.0,166,0.9822485207100592,3289.0
34017016900,NJ0238001,0.144606,0.1345824866343158,0.9306839732398092,3131,194.0,194,1.0,3364.0
34017017000,NJ0238001,0.205798,0.2057965826910118,0.999993113106113,4920,234.0,234,1.0,4920.0
34017017100,NJ0238001,0.339707,0.3397054089936743,0.9999953165335844,5359,528.0,528,1.0,5359.0
34017017200,NJ0238001,0.125563,0.1255630593243241,1.0000004724666032,3229,113.0,113,1.0,3229.0
34017017300,NJ0238001,0.147811,0.1478100862907305,0.9999938183946432,2272,,0,,
34017017300,NJ0905001,0.147811,5.967374481260776e-07,4.037165353905173e-06,0,,0,,
34017017400,NJ0238001,0.115742,0.1157444257689043,1.000020958415306,2597,52.0,52,1.0,2597.0
34017017500,NJ0238001,0.117987,0.1179856050654984,0.9999881772186634,4361,144.0,144,1.0,4361.0
34017017600,NJ0238001,0.130226,0.1302265077952444,1.0000038993384146,3219,209.0,209,1.0,3219.0
34017017700,NJ0238001,0.131328,0.120054198773203,0.9141553878320166,2004,95.0,94,0.9894736842105264,2169.0
34017017700,NJ0906001,0.131328,0.0004544010428097099,0.0034600469268526,8,95.0,0,0.0,0.0
34017017800,NJ0238001,0.41984,0.3418752865223301,0.8142989865718611,5356,351.0,350,0.9971509971509972,6559.0
34017017800,NJ0906001,0.41984,0.0034836158073022,0.0082974842971186,55,351.0,0,0.0,0.0
34017017900,NJ0238001,1.102849,0.6755858562473519,0.6125823718816918,3282,60.0,38,0.6333333333333333,3393.0
34017017900,NJ0905001,1.102849,2.995576071739197e-05,2.7162159749332837e-05,0,60.0,0,0.0,0.0
34017018000,NJ0238001,0.218045,0.2180450248448904,1.0000001139438668,4156,394.0,394,1.0,4156.0
34017018100,NJ0238001,0.278104,0.2716179042132198,0.9766774451759768,2783,199.0,199,1.0,2849.0
34017018200,NJ0238001,0.430953,0.461495719958193,1.070872508041928,5177,328.0,328,1.0,4834.0
34017018200,NJ0905001,0.430953,0.0017450685793955,0.0040493245885178,20,328.0,0,0.0,0.0
34017018301,NJ0905001,0.315005,0.1702289083523636,0.5404006550764705,1718,25.0,18,0.72,2290.0
34017018301,NJ0906001,0.315005,0.00027505741603672503,0.0008731842860803004,3,25.0,0,0.0,0.0
34017018302,NJ0238001,0.177208,9.859448008518666e-05,0.0005563771392103441,3,22.0,0,0.0,0.0
34017018302,NJ0905001,0.177208,0.1549256004935165,0.8742585012726095,4570,22.0,18,0.8181818181818182,4277.0
34017018401,NJ0905001,0.138679,0.1386792649056241,1.0000019102071989,3156,,0,,
34017018402,NJ0905001,0.42609,0.1424543550132437,0.3343292614547248,1165,,0,,
34017018501,NJ0238001,0.26683,0.0012042390222251,0.0045131320399697,25,14.0,0,0.0,0.0
34017018501,NJ0905001,0.26683,0.241130971175369,0.9036876332322792,4921,14.0,13,0.9285714285714286,5056.0
34017018501,NJ0906001,0.26683,0.0007862688148166053,0.0029467031998523,16,14.0,0,0.0,0.0
34017018502,NJ0905001,0.093253,0.0816644904904759,0.8757304375245402,1631,24.0,23,0.9583333333333334,1785.0
34017018600,NJ0905001,0.094501,0.0945013324121302,1.0000035175514568,2441,27.0,27,1.0,2441.0
34017018701,NJ0905001,0.292793,0.2747802582466368,0.9384796024721792,2821,99.0,98,0.98989898989899,2976.0
34017018702,NJ0905001,0.164436,0.1644348504407916,0.9999930090782532,4382,31.0,31,1.0,4382.0
34017018800,NJ0905001,0.166365,0.1484378944521812,0.8922423253219198,3006,93.0,92,0.989247311827957,3333.0
34017018900,NJ0905001,0.196889,0.1928046000789922,0.97925531684854,4665,60.0,60,1.0,4764.0
34017018900,NJ0906001,0.196889,2.7505571968853473e-05,0.00013970090745980463,1,60.0,0,0.0,0.0
34017019000,NJ0905001,0.221599,0.2017641993094752,0.9104923727520218,4390,21.0,20,0.9523809523809524,4592.0
34017019000,NJ0906001,0.221599,0.0083765272972434,0.0378003840145644,182,21.0,0,0.0,0.0
34017019100,NJ0905001,0.152522,0.1525224766581522,1.0000031251763828,3949,20.0,20,1.0,3949.0
34017019200,NJ0905001,0.274685,0.2299261552961817,0.8370539173823897,4276,10.0,10,1.0,5108.0
34017019200,NJ0906001,0.274685,0.0005259536261525937,0.0019147519018242,10,10.0,0,0.0,0.0
34017019300,NJ0905001,0.148765,0.1375260578899643,0.9244517049706876,3014,34.0,32,0.9411764705882352,3068.0
34017019400,NJ0905001,0.10841,0.0962275909916914,0.8876265196171146,2630,27.0,25,0.925925925925926,2744.0
34017019800,NJ0238001,4.302489,3.686071082549364,0.8567299259915283,6066,1452.0,1434,0.987603305785124,6992.0
34017019900,NJ0238001,5.337524,3.568216945247016,0.6685153912651288,3705,832.0,759,0.9122596153846154,5056.0
34017019900,NJ0906001,5.337524,1.2923780654091388e-08,2.421306331192401e-09,0,832.0,0,0.0,0.0
34017020000,NJ0238001,1.315392,1.3040046631130966,0.9913430088620704,5257,1363.0,1359,0.9970652971386648,5287.0
34017020100,NJ0238001,4.134965,1.55597835766184,0.3762978302505196,1602,74.0,35,0.4729729729729729,2013.0
34017032400,NJ0238001,0.339144,0.339146109343591,1.0000062196105224,6762,558.0,558,1.0,6762.0
34017980100,NJ0906001,2.987306,0.3331616318761408,0.1115257800426675,1,100.0,14,0.14,1.0
34019010100,NJ1005001,81.961275,0.001064686145178,1.2990112039838844e-05,0,3598.0,0,0.0,0.0
34019010100,NJ1024001,81.961275,0.2160713069173088,0.0026362609283141,15,3598.0,30,0.0083379655364091,49.0
34019010100,NJ1438003,81.961275,0.0005420143400877714,6.613054031770142e-06,0,3598.0,0,0.0,0.0
34019010100,NJ2004002,81.961275,0.0008710590447485447,1.062769026895378e-05,0,3598.0,0,0.0,0.0
34019010201,NJ1012001,45.173748,6.208071835397277e-05,1.3742653886937337e-06,0,1750.0,0,0.0,0.0
34019010201,NJ1013001,45.173748,0.0636533034894974,0.0014090773138748,4,1750.0,8,0.0045714285714285,14.0
34019010201,NJ1019002,45.173748,0.9536609727662928,0.0211109552558333,63,1750.0,32,0.0182857142857142,54.0
34019010202,NJ1004001,38.709857,1.926119901421845,0.0497578666183614,211,2526.0,564,0.2232779097387173,945.0
34019010202,NJ1014001,38.709857,0.0059406474584024,0.00015346601405431286,1,2526.0,1,0.000395882818685669,2.0
34019010202,NJ1019001,38.709857,0.5345077617080335,0.0138080531195977,58,2526.0,152,0.0601741884402216,255.0
34019010202,NJ1019003,38.709857,0.0203477355277412,0.0005256473959007725,2,2526.0,35,0.0138558986539984,59.0
34019010202,NJ1019311,38.709857,0.008717842272032,0.00022520988057465695,1,2526.0,0,0.0,0.0
34019010300,NJ1012001,7.907253,1.8002264807958794,0.2276677476736711,710,1216.0,391,0.3215460526315789,1003.0
34019010300,NJ1013001,7.907253,2.5802087982323823,0.3263091238173841,1018,1216.0,661,0.5435855263157895,1696.0
34019010400,NJ1013001,55.98262,0.1935158573345393,0.0034567131251545,16,2591.0,19,0.0073330760324199,33.0
34019010400,NJ2119001,55.98262,0.7616895737796561,0.0136058221958825,62,2591.0,423,0.1632574295638749,741.0
34019010500,NJ1015003,60.784407,1.44821427957149,0.0238254241679365,123,3010.0,321,0.1066445182724252,552.0
34019010500,NJ1015004,60.784407,0.1452772146704748,0.0023900408318612,12,3010.0,18,0.0059800664451827,31.0
34019010500,NJ1020001,60.784407,0.1003176785302868,0.0016503850819879,9,3010.0,37,0.0122923588039867,64.0
34019010500,NJ2120001,60.784407,1.2041841668542474e-07,1.9810741377377383e-09,0,3010.0,0,0.0,0.0
34019010500,NJ2120002,60.784407,0.131158188011047,0.002157760427128,11,3010.0,13,0.0043189368770764,22.0
34019010600,NJ1020001,74.373707,2.0157151036925045,0.0271025229882988,164,3785.0,598,0.1579920739762219,954.0
34019010701,NJ1005001,48.601961,0.4440271453019241,0.0091359923790302,59,2294.0,50,0.021795989537925,142.0
34019010701,NJ1025001,48.601961,0.8168571250151414,0.0168070816116893,109,2294.0,50,0.021795989537925,142.0
34019010701,NJ1025313,48.601961,0.0349828920451849,0.0007197835504041692,5,2294.0,4,0.001743679163034,11.0
34019010702,NJ1005001,59.66044,0.3871387088196538,0.0064890354281606,21,2480.0,7,0.0028225806451612,9.0
34019010702,NJ1025313,59.66044,2.2293588356114925e-07,3.736745547990414e-09,0,2480.0,0,0.0,0.0
34019010801,NJ1005001,3.487392,0.6588488843926028,0.1889230933581894,524,961.0,247,0.2570239334027055,713.0
34019010802,NJ1005001,2.336246,0.1404233674034112,0.060106413195961,100,521.0,20,0.0383877159309021,64.0
34019010900,NJ1014001,6.19321,3.971471438099097,0.6412621949036279,2274,1445.0,1166,0.8069204152249135,2861.0
34019011001,NJ1005001,31.514771,7.162459855953994,0.2272731049181348,1472,2429.0,474,0.1951420337587484,1264.0
34019011001,NJ1014001,31.514771,0.2101159527522401,0.006667221308771,43,2429.0,63,0.0259365994236311,168.0
34019011003,NJ1005001,14.145584,9.980119952140312,0.7055290154256136,3607,1540.0,1234,0.8012987012987013,4096.0
34019011004,NJ1006300,31.69907,0.3453742090891689,0.010895405104603,21,1206.0,21,0.017412935323383,33.0
34019011004,NJ1006302,31.69907,0.1749365943616954,0.0055186664580915,11,1206.0,2,0.0016583747927031,3.0
34019011100,NJ2004002,36.429271,4.315771469366341,0.118469882896266,684,2764.0,966,0.3494934876989869,2019.0
34019011202,NJ2004002,28.293349,1.7674780281386715,0.0624697354893784,213,1439.0,332,0.2307157748436414,785.0
34019011203,NJ2004002,33.863978,1.2922947838694003,0.0381613401671061,176,2207.0,134,0.0607159039420027,280.0
34019011204,NJ2004002,24.588293,0.0361555475715398,0.001470437478988,3,1224.0,1,0.0008169934640522876,2.0
34019011301,NJ1009001,43.570522,0.2101396683021313,0.0048229779827317,36,3080.0,45,0.0146103896103896,108.0
34019011301,NJ1021363,43.570522,0.0760278494024127,0.0017449377678425,13,3080.0,2,0.0006493506493506,5.0
34019011301,NJ2004002,43.570522,7.209406126136842,0.1654652227057743,1225,3080.0,720,0.2337662337662337,1731.0
34019011303,NJ2004002,6.700177,4.862599056290183,0.7257418805936294,3416,876.0,780,0.8904109589041096,4191.0
34019011304,NJ2004002,10.934102,4.645186338968706,0.4248347362196462,1508,1295.0,642,0.4957528957528958,1759.0
34019011305,NJ2004002,12.375276,1.288652182749352,0.104131187276094,330,963.0,376,0.3904465212876428,1239.0
34019011306,NJ2004002,23.497405,3.868116789975177,0.1646188925958069,759,1866.0,579,0.3102893890675241,1431.0
34019011400,NJ1009001,2.790694,2.1318475605112472,0.7639130483353773,3725,1287.0,1148,0.891996891996892,4349.0
34019011400,NJ2004002,2.790694,0.4590016669471503,0.1644758138825505,802,1287.0,112,0.087024087024087,424.0
34019011500,NJ1011001,93.587222,0.9007967756752616,0.0096252111818776,50,3681.0,553,0.1502309155120891,777.0
34019011600,NJ1007001,96.352349,0.9328116410396065,0.009681254797842,49,4143.0,221,0.0533429881728216,270.0
34019011600,NJ1007002,96.352349,1.1662284451629668,0.0121037884106278,61,4143.0,126,0.0304127443881245,154.0
34019011600,NJ1017001,96.352349,0.0002450935452086851,2.543721536136966e-06,0,4143.0,0,0.0,0.0
34019011600,NJ1023001,96.352349,1.222215124632287,0.0126848503157124,64,4143.0,292,0.0704803282645426,356.0
34019011700,NJ2004002,73.697968,0.1664245596838295,0.00225819739947,9,2821.0,17,0.0060262318326834,24.0
34019011800,NJ1017001,56.065862,1.0862281152075706,0.0193741445589041,58,1982.0,128,0.0645812310797174,194.0
34019011900,NJ1017001,2.808275,2.5696837655068343,0.9150399321671968,3787,1252.0,1237,0.9880191693290736,4089.0
34021000100,NJ1111001,1.224267,0.6109697353903629,0.4990494192773005,1674,437.0,398,0.9107551487414188,3055.0
34021000200,NJ1111001,0.500237,0.4893040990529895,0.9781445575856832,4254,496.0,495,0.997983870967742,4340.0
34021000300,NJ1111001,0.647607,0.6126506662597397,0.9460223040512836,4794,932.0,926,0.9935622317596566,5035.0
34021000400,NJ1111001,0.519752,0.502177774979529,0.9661872873592192,6092,664.0,661,0.9954819277108434,6277.0
34021000500,NJ1111001,0.407773,0.401104569286316,0.983646708551856,4967,581.0,580,0.9982788296041308,5041.0
34021000600,NJ1111001,0.63064,0.5784536566795226,0.9172485993269104,4634,587.0,582,0.9914821124361158,5009.0
34021000700,NJ1111001,0.33307,0.2979696118383682,0.8946155818247461,3495,415.0,412,0.9927710843373494,3879.0
34021000800,NJ1111001,0.49303,0.4174684996012764,0.8467405626458359,2378,309.0,306,0.9902912621359224,2781.0
34021000900,NJ1111001,1.338737,0.949926610860484,0.709569251361906,2797,552.0,517,0.9365942028985508,3692.0
34021001000,NJ1111001,0.884544,0.4028330792545121,0.4554132742458397,1366,326.0,305,0.9355828220858896,2806.0
34021001101,NJ1111001,0.749834,0.3780378930209272,0.5041621119086721,1198,325.0,301,0.926153846153846,2201.0
34021001102,NJ1111001,0.558756,0.5312577405899152,0.9507866413781956,3078,471.0,468,0.9936305732484076,3216.0
34021001200,NJ1111001,1.351485,1.0413352271122145,0.7705118644396456,2943,898.0,894,0.9955456570155902,3802.0
34021001300,NJ1111001,2.292669,1.3919545459466702,0.6071327984749085,2406,1021.0,945,0.9255631733594516,3668.0
34021001401,NJ1111001,0.941842,0.9172983446138256,0.9739407932687496,3783,595.0,588,0.9882352941176472,3838.0
34021001402,NJ1111001,0.368703,0.3687029257882302,0.9999997987220886,1754,433.0,433,1.0,1754.0
34021001500,NJ1111001,0.627775,0.5652184451004625,0.9003519495049381,2438,516.0,511,0.9903100775193798,2682.0
34021001600,NJ1111001,0.30313,0.2513851384175954,0.8292981176973426,1016,173.0,167,0.9653179190751444,1183.0
34021001700,NJ1111001,0.976782,0.8450597569445286,0.8651467338101322,3049,669.0,652,0.9745889387144993,3434.0
34021001800,NJ1111001,1.15961,0.9880005479298836,0.852011062279459,4424,805.0,779,0.9677018633540372,5025.0
34021001900,NJ1111001,0.714252,0.5760734887910268,0.8065409530404211,1210,260.0,254,0.9769230769230768,1465.0
34021002000,NJ1111001,0.512398,0.4461575712597151,0.8707246539988741,1389,174.0,166,0.9540229885057472,1522.0
34021002100,NJ1111001,0.933849,0.7130535812976336,0.7635641107905385,4329,697.0,679,0.9741750358680056,5524.0
34021002200,NJ1111001,1.163978,0.8075057872526247,0.6937466062525449,4238,791.0,767,0.9696586599241468,5924.0
34021002500,NJ1111001,10.255921,2.470072532473983,0.2408435607561703,1825,2604.0,2493,0.9573732718894008,7256.0
34021002601,NJ1111001,1.8984,1.687878403523665,0.8891057751388879,4254,1303.0,1292,0.9915579432079816,4745.0
34021002602,NJ1111001,1.931899,1.842272021195707,0.953606798903932,4146,1545.0,1538,0.9954692556634304,4328.0
34021002701,NJ1111001,2.557007,2.47717813807128,0.9687803506487388,4443,1262.0,1259,0.997622820919176,4575.0
34021002702,NJ1111001,5.39979,4.612266278795383,0.8541566021633031,5513,1827.0,1826,0.9994526546250684,6450.0
34021002800,NJ1111001,2.317338,1.7493728176200023,0.7549061973781996,5077,1427.0,1413,0.9901892081289418,6659.0
34021002902,NJ1111001,4.99012,4.296690608422537,0.8610395358072626,4192,1587.0,1549,0.9760554505356016,4752.0
34021002903,NJ1111001,5.549311,2.3487266215827365,0.4232465294489237,1507,1261.0,1204,0.9547977795400476,3400.0
34021002904,NJ1103001,7.597739,2.472712575818074,0.3254537403585559,1697,2148.0,1133,0.5274674115456238,2750.0
34021002904,NJ1111001,7.597739,4.142488527422291,0.5452264848032146,2843,2148.0,1045,0.4864990689013035,2537.0
34021002904,NJ2004002,7.597739,0.0005488842267096042,7.22431011001568e-05,0,2148.0,0,0.0,0.0
34021003001,NJ0303001,26.068847,0.0068018974085056,0.00026092053125731493,2,2692.0,1,0.0003714710252600297,2.0
34021003001,NJ1103001,26.068847,3.302671916416072,0.1266903717075048,797,2692.0,804,0.2986627043090639,1878.0
34021003001,NJ1111001,26.068847,2.6406770883780517,0.1012962747596029,637,2692.0,1117,0.4149331352154532,2609.0
34021003002,NJ1103001,6.002549,3.690356969844043,0.614798308159424,3499,2041.0,1987,0.9735423811856933,5540.0
34021003002,NJ1111001,6.002549,0.3084972134005166,0.0513943681926655,292,2041.0,16,0.0078392944634982,45.0
34021003003,NJ0303001,7.953704,0.0077493585438543,0.0009743081391832522,6,2560.0,0,0.0,0.0
34021003003,NJ1103001,7.953704,0.0174909776496004,0.0021990983885747,14,2560.0,1,0.000390625,2.0
34021003003,NJ1111001,7.953704,4.673786757541808,0.5876239243428983,3649,2560.0,2324,0.9078125,5637.0
34021003004,NJ1111001,4.133284,3.924985552454764,0.9496046128102408,5518,2217.0,2217,1.0,5811.0
34021003006,NJ1103001,4.843828,3.7507995991076513,0.7743461574415217,4619,2589.0,1921,0.7419853225183468,4426.0
34021003006,NJ1111001,4.843828,0.9555676201133868,0.1972752996418094,1177,2589.0,822,0.3174971031286211,1894.0
34021003007,NJ1103001,2.0426,1.959033987114275,0.9590884104152916,3255,1445.0,1445,1.0,3394.0
34021003008,NJ1103001,4.002813,2.358550474041228,0.5892232472616702,3175,1727.0,954,0.5524030110017372,2977.0
34021003008,NJ1111001,4.002813,1.430534510567414,0.3573822985404049,1926,1727.0,771,0.4464389114070642,2406.0
34021003009,NJ1103001,4.623638,0.9156575120968768,0.1980383222252427,1075,811.0,374,0.4611590628853267,2504.0
34021003009,NJ1111001,4.623638,3.1393335472823085,0.6789747699284219,3687,811.0,422,0.5203452527743526,2825.0
34021003100,NJ1111001,2.9977,2.5841715007628254,0.8620514063324634,3893,1534.0,1498,0.9765319426336376,4410.0
34021003201,NJ1107002,7.430361,0.4130404127493937,0.0555882026121468,416,2053.0,71,0.0345835362883585,259.0
34021003201,NJ1111001,7.430361,5.308850324436615,0.7144808071151072,5341,2053.0,1885,0.9181685338528982,6863.0
34021003202,NJ1107002,8.576487,0.008428337320438,0.000982726064930555,6,1745.0,1,0.0005730659025787965,3.0
34021003202,NJ1111001,8.576487,5.339989951257922,0.6226313817368256,3514,1745.0,1605,0.9197707736389684,5190.0
34021003301,NJ1107001,11.932456,1.0467676880910557,0.0877244121487693,624,2093.0,128,0.0611562350692785,435.0
34021003301,NJ1107002,11.932456,5.135338185603222,0.4303672425528509,3061,2093.0,1708,0.8160535117056856,5804.0
34021003301,NJ2004002,11.932456,2.435195444848344,0.2040816613820611,1451,2093.0,201,0.0960344003822264,683.0
34021003303,NJ1111001,5.721802,0.2206309732172626,0.0385597008105597,248,767.0,0,0.0,0.0
34021003303,NJ2004002,5.721802,3.507153920491337,0.6129456979621695,3934,767.0,722,0.9413298565840938,6042.0
34021003304,NJ1107001,19.60859,0.0036097972413664,0.00018409264722075685,0,1072.0,0,0.0,0.0
34021003304,NJ1107002,19.60859,0.468547223567575,0.0238949982414633,46,1072.0,100,0.0932835820895522,178.0
34021003304,NJ1111001,19.60859,0.4190196099502579,0.0213691861551625,41,1072.0,21,0.0195895522388059,37.0
34021003304,NJ2004002,19.60859,6.935853934020998,0.353715077627764,676,1072.0,515,0.480410447761194,919.0
34021003400,NJ1111001,2.212965,1.8533146747539224,0.8374803373546,2353,1235.0,1203,0.974089068825911,2737.0
34021003500,NJ1111001,5.212058,5.186233413200429,0.99504522267412,7295,2793.0,2789,0.9985678481919084,7321.0
34021003601,NJ1111001,1.593679,1.572565307350836,0.9867516026444698,3306,1071.0,1069,0.9981325863678804,3344.0
34021003602,NJ1111001,1.727093,1.7270949050268742,1.0000011030250682,3129,1208.0,1208,1.0,3129.0
34021003703,NJ1111001,3.804908,3.603884533565086,0.947167325350596,6732,1565.0,1563,0.9987220447284344,7099.0
34021003704,NJ1111001,3.443426,3.2469680410306236,0.9429469490648626,2526,931.0,917,0.9849624060150376,2639.0
34021003706,NJ1111001,5.070986,3.914467281236028,0.7719341526945702,2885,1083.0,1072,0.989843028624192,3699.0
34021003707,NJ1111001,6.84786,5.413395206700515,0.7905236390201487,1108,623.0,552,0.8860353130016051,1242.0
34021003708,NJ1111001,9.472687,8.238201090215219,0.8696794362798241,4973,1664.0,1630,0.9795673076923076,5601.0
34021003800,NJ1106001,78.841066,0.4221379291978394,0.0053542899736774,37,3717.0,125,0.0336292709174065,231.0
34021003800,NJ1106002,78.841066,0.5282022623865328,0.0066995829608206,46,3717.0,20,0.005380683346785,37.0
34021003800,NJ1108001,78.841066,0.0014550511975514,1.8455498782213403e-05,0,3717.0,0,0.0,0.0
34021003800,NJ1111001,78.841066,6.231358007691501,0.0790369578170277,543,3717.0,219,0.0589184826472962,405.0
34021003902,NJ1105001,1.874277,1.7689221246491211,0.9437890582070426,1810,976.0,967,0.9907786885245902,1900.0
34021003903,NJ1108001,2.488739,2.3692059564094783,0.9519704382056448,2667,1136.0,1125,0.9903169014084507,2775.0
34021003904,NJ1107002,16.061286,0.0074809417173285,0.00046577476531633273,3,1781.0,0,0.0,0.0
34021003904,NJ1108001,16.061286,0.0044499040248016,0.0002770577664080993,2,1781.0,0,0.0,0.0
34021003904,NJ1111001,16.061286,4.060561174361109,0.2528166906660593,1548,1781.0,977,0.5485682201010668,3358.0
34021003905,NJ1105001,55.501631,0.5517000127660587,0.0099402486526217,45,2512.0,53,0.0210987261146496,95.0
34021003905,NJ1108001,55.501631,0.0112310994493555,0.00020235620552043904,1,2512.0,0,0.0,0.0
34021003905,NJ2004002,55.501631,4.131748679640007,0.074443734448813,335,2512.0,287,0.1142515923566879,514.0
34021004000,NJ2004002,1.747469,1.7376025914937263,0.9943538863886722,5654,1269.0,1269,1.0,5686.0
34021004203,NJ2004002,16.376187,16.41089310022738,1.0021193028772435,4208,1458.0,1454,0.9972565157750344,4187.0
34021004204,NJ2004002,14.441099,13.645398479976242,0.9449002794022976,5720,1713.0,1681,0.9813193228254524,5941.0
34021004205,NJ2004002,9.475763,9.116005659779235,0.9620339448949108,4494,1483.0,1460,0.9844908968307484,4599.0
34021004206,NJ2004002,1.500407,1.4914753235516984,0.994047164237236,2428,954.0,953,0.99895178197065,2440.0
34021004306,NJ1103001,18.348919,0.0950097832924532,0.0051779498995255,26,1457.0,5,0.0034317089910775,18.0
34021004306,NJ2004002,18.348919,9.232690775461988,0.5031735534644841,2570,1457.0,1355,0.929993136582018,4750.0
34021004307,NJ2004002,8.429594,8.238427632264418,0.9773219958475364,6077,1871.0,1859,0.9935863174772848,6178.0
34021004309,NJ1101002,34.637514,0.0011145809001523,3.217843232491598e-05,0,1859.0,0,0.0,0.0
34021004309,NJ1103001,34.637514,7.618222854630914,0.2199413865161025,1095,1859.0,1332,0.7165142549757935,3568.0
34021004309,NJ1302001,34.637514,0.0040227246329485,0.00011613779883130692,1,1859.0,0,0.0,0.0
34021004311,NJ1103001,4.444644,3.494198440685906,0.7861593505994868,5483,1536.0,1392,0.90625,6321.0
34021004312,NJ1101002,13.859469,0.00017455416407901792,1.2594578051945418e-05,0,1373.0,0,0.0,0.0
34021004312,NJ1103001,13.859469,5.701967899370316,0.4114131572696122,1449,1373.0,1160,0.8448652585579024,2975.0
34021004312,NJ2004002,13.859469,0.3156615712105929,0.0227758777201776,80,1373.0,21,0.0152949745083758,54.0
34021004313,NJ2004002,2.381007,2.362250045253849,0.9921222597219786,4355,565.0,565,1.0,4390.0
34021004314,NJ2004002,15.702645,9.775286837020849,0.6225248572467152,3440,942.0,784,0.832271762208068,4599.0
34021004315,NJ2004002,7.315343,7.340232066312208,1.0034023102282708,3497,1158.0,1151,0.9939550949913644,3464.0
34021004316,NJ1103001,13.99424,0.0044589623809074,0.0003186284057517586,2,1931.0,3,0.0015535991714137,7.0
34021004316,NJ2004002,13.99424,10.021845724183532,0.716140763927411,3431,1931.0,1832,0.9487312273433454,4545.0
34021004403,NJ1101002,3.194246,0.0026671488704433,0.0008349854301902048,5,1762.0,0,0.0,0.0
34021004403,NJ1104001,3.194246,3.2031908595146903,1.0028003038947817,5917,1762.0,1757,0.9971623155505108,5883.0
34021004404,NJ1101002,3.270296,1.937250231428158,0.5923776414820425,4613,517.0,475,0.9187620889748548,7154.0
34021004404,NJ1213002,3.270296,0.0027160373155802,0.0008305172729258413,6,517.0,0,0.0,0.0
34021004406,NJ1101002,7.961027,5.205764852522617,0.6539061923194855,3774,1391.0,1340,0.96333572969087,5559.0
34021004406,NJ1104001,7.961027,1.1447551531950013e-05,1.4379490902304457e-06,0,1391.0,0,0.0,0.0
34021004406,NJ2004002,7.961027,1.3456938100047407e-05,1.6903520236833024e-06,0,1391.0,0,0.0,0.0
34021004407,NJ1101002,5.095429,4.260663950178983,0.8361737451702266,6466,1537.0,1521,0.9895901106050748,7653.0
34021004407,NJ2004002,5.095429,0.0187442685226723,0.0036786438438593,28,1537.0,2,0.0013012361743656,10.0
34021004408,NJ1101002,8.193897,4.474208684424214,0.5460416068720676,2532,1346.0,1229,0.913075780089153,4234.0
34021004408,NJ1104001,8.193897,0.6118449632964253,0.0746708145460487,346,1346.0,51,0.037890044576523,176.0
34021004409,NJ1101002,15.798661,1.1836006567691812,0.0749177830177621,308,803.0,375,0.4669987546699875,1923.0
34021004409,NJ1104001,15.798661,0.1701613445525285,0.0107706181272279,44,803.0,33,0.0410958904109589,169.0
34021004501,NJ2004002,1.579672,1.498802955983928,0.9488064332240668,6143,707.0,688,0.9731258840169732,6300.0
34021004502,NJ2004002,1.358792,1.3137485976711605,0.966850406589942,1116,449.0,445,0.9910913140311804,1144.0
34021980000,NJ1111001,0.065523,0.0557701497572124,0.8511537896191032,1259,16.0,15,0.9375,1387.0
34023000101,NJ2004002,1.783946,1.7781708445632882,0.9967627072586772,3122,1274.0,1271,0.9976452119309264,3125.0
34023000102,NJ2004002,2.939816,2.049370813691043,0.697108531177136,3178,1674.0,1598,0.954599761051374,4352.0
34023000200,NJ2004002,4.310874,3.88583093400878,0.9014021133553846,6260,2014.0,1946,0.9662363455809336,6711.0
34023000300,NJ2004002,2.75113,2.686978284526244,0.9766816851716364,7459,2508.0,2500,0.9968102073365231,7613.0
34023000401,NJ2004002,2.232068,2.144806588881857,0.960905576748494,3689,1393.0,1381,0.9913854989231874,3806.0
34023000403,NJ2004002,2.232121,2.23270257994198,1.0002605503653164,6557,1060.0,1060,1.0,6555.0
34023000404,NJ2004002,2.430196,2.3985316629905915,0.9869704595804584,5952,1538.0,1535,0.9980494148244472,6019.0
34023000501,NJ2004002,2.499641,2.404507924059445,0.9619413043950892,5072,1691.0,1677,0.9917208752217622,5229.0
34023000503,NJ2004002,1.478476,1.3336566542428343,0.9020482268517276,2473,560.0,552,0.9857142857142858,2703.0
34023000504,NJ2004002,0.871977,0.871975966337468,0.9999988145759212,4690,291.0,291,1.0,4690.0
34023000603,NJ2004002,10.652202,7.043922918039797,0.6612644895430819,1494,1002.0,857,0.8552894211576846,1932.0
34023000608,NJ2004002,0.716364,0.6314679661352262,0.8814903682139613,1418,217.0,217,1.0,1609.0
34023000609,NJ1205001,2.370278,0.0004927858493886888,0.00020790213189705544,1,612.0,0,0.0,0.0
34023000609,NJ2004002,2.370278,2.2124487276897757,0.9334131809390188,2746,612.0,593,0.9689542483660132,2851.0
34023000610,NJ2004002,2.704355,2.656873953468029,0.9824427464101528,5308,1249.0,1245,0.9967974379503602,5386.0
34023000701,NJ2004002,4.303311,4.026845562154409,0.9357551806398396,3408,871.0,863,0.9908151549942594,3609.0
34023000702,NJ2004002,7.880888,5.616316215606057,0.7126501754124734,4178,2131.0,2072,0.9723134678554668,5701.0
34023000801,NJ1225001,1.842791,0.071409383224226,0.0387506685371406,146,1429.0,67,0.046885934219734,176.0
34023000801,NJ2004002,1.842791,1.6718584316518164,0.9072425639433968,3413,1429.0,1361,0.9524142757172848,3583.0
34023000802,NJ1225001,1.674149,0.9883084826588346,0.5903348403629752,1660,1018.0,640,0.6286836935166994,1768.0
34023000802,NJ2004002,1.674149,0.4873623750003359,0.2911105134610694,819,1018.0,376,0.3693516699410609,1039.0
34023000901,NJ1225001,1.39781,0.6709709608665118,0.4800158539905365,1142,882.0,337,0.3820861678004535,909.0
34023000901,NJ2004002,1.39781,0.7795506954840985,0.557694318601311,1327,882.0,545,0.6179138321995464,1471.0
34023000902,NJ1225001,2.589349,2.360506321264398,0.91162153933842,4210,1811.0,1781,0.9834345665378244,4542.0
34023000902,NJ2004002,2.589349,0.2237251534673571,0.0864020854150433,399,1811.0,16,0.0088348978464936,41.0
34023001001,NJ1225001,1.887962,1.564918789239434,0.8288931605823815,2193,1015.0,969,0.954679802955665,2526.0
34023001001,NJ2004002,1.887962,0.2610187259770379,0.13825422650299,366,1015.0,39,0.038423645320197,102.0
34023001003,NJ1205001,8.532326,0.0001408577014208422,1.6508710686961824e-05,0,1942.0,0,0.0,0.0
34023001003,NJ1225001,8.532326,0.255637093487218,0.0299610086964818,173,1942.0,32,0.0164778578784757,95.0
34023001003,NJ2004002,8.532326,5.093442878258451,0.5969583063584832,3453,1942.0,1746,0.8990731204943357,5200.0
34023001004,NJ1205001,3.562518,0.0003680441151142586,0.0001033101068160943,0,435.0,0,0.0,0.0
34023001004,NJ2004002,3.562518,2.3454882982921457,0.6583793536740434,1538,435.0,372,0.8551724137931035,1998.0
34023001100,NJ1205001,2.014472,0.0060715143663436,0.0030139482536086,16,944.0,0,0.0,0.0
34023001100,NJ1207001,2.014472,1.80863967447873,0.8978231886463203,4855,944.0,943,0.9989406779661016,5402.0
34023001200,NJ1205001,1.296681,0.0093629092943567,0.0072206728519634,39,1308.0,0,0.0,0.0
34023001200,NJ1207001,1.296681,1.2408831678363637,0.956968728497112,5211,1308.0,1307,0.9992354740061162,5441.0
34023001300,NJ1207001,1.405416,1.233446300591736,0.877637867074045,3703,1178.0,1175,0.9974533106960952,4208.0
34023001409,NJ1225001,2.693909,2.6055638773169996,0.9672056024598452,3471,1305.0,1276,0.9777777777777776,3509.0
34023001409,NJ2004002,2.693909,0.0614865054652318,0.0228242696636121,82,1305.0,28,0.021455938697318,77.0
34023001410,NJ1225001,1.989399,1.1019291793978092,0.5539005395085698,2453,1200.0,780,0.65,2879.0
34023001410,NJ2004002,1.989399,0.881723879816495,0.4432111807719291,1963,1200.0,420,0.35,1550.0
34023001411,NJ1225001,2.387775,1.41275215688173,0.5916605027197831,2141,1143.0,976,0.8538932633420823,3090.0
34023001411,NJ2004002,2.387775,0.8659734809589302,0.3626696321717625,1313,1143.0,162,0.1417322834645669,513.0
34023001412,NJ1225001,4.39919,1.7206664193156689,0.3911325537918728,1511,807.0,125,0.1548946716232961,599.0
34023001412,NJ2004002,4.39919,2.6858882150056584,0.6105415349202146,2359,807.0,682,0.8451053283767038,3265.0
34023001413,NJ1225001,3.392108,1.9943872018122937,0.5879492049817676,3390,1092.0,623,0.5705128205128205,3289.0
34023001413,NJ2004002,3.392108,1.3936321318017633,0.4108454482586531,2369,1092.0,468,0.4285714285714285,2471.0
34023001414,NJ1205001,3.170899,0.4221822462287926,0.1331427605322,822,860.0,137,0.1593023255813953,983.0
34023001414,NJ1225001,3.170899,1.5130999037543458,0.47718325426144,2946,860.0,713,0.8290697674418605,5118.0
34023001414,NJ2004002,3.170899,0.0079309853094285,0.0025011787853944,15,860.0,6,0.0069767441860465,43.0
34023001415,NJ1225001,5.372214,4.906766426094301,0.913360194901823,5122,1952.0,1788,0.9159836065573772,5137.0
34023001415,NJ2004002,5.372214,0.4085092663443616,0.0760411380381276,426,1952.0,158,0.0809426229508196,454.0
34023001417,NJ1225001,1.670027,1.6655760516793203,0.9973348045746088,2159,693.0,693,1.0,2165.0
34023001418,NJ1225001,1.755076,1.6696233340204854,0.9513111306977504,5633,814.0,794,0.9754299754299754,5776.0
34023001419,NJ1225001,0.820181,0.4245214062213357,0.5175947823972217,1292,85.0,79,0.9294117647058824,2321.0
34023001502,NJ1205001,3.666063,2.7999652263236943,0.7637526213607607,4450,1928.0,1897,0.983921161825726,5732.0
34023001502,NJ1207001,3.666063,0.0032030097322267,0.0008736919502547363,5,1928.0,0,0.0,0.0
34023001504,NJ1205001,3.62582,1.5974782001393637,0.4405839782833576,3227,993.0,718,0.7230614300100705,5296.0
34023001504,NJ1225001,3.62582,0.1302519293415425,0.0359234405849001,263,993.0,123,0.1238670694864048,907.0
34023001504,NJ2004002,3.62582,0.0038453057545125,0.0010605341011171,8,993.0,2,0.0020140986908358,15.0
34023001505,NJ1205001,1.669664,1.675714630714901,1.0036238612768202,2290,159.0,159,1.0,2282.0
34023001505,NJ2004002,1.669664,0.0012169568520784,0.0007288633234461725,2,159.0,0,0.0,0.0
34023001506,NJ1205001,3.596422,1.829242828301637,0.5086285281042207,3314,404.0,313,0.7747524752475248,5048.0
34023001506,NJ1207001,3.596422,1.215734875947237e-05,3.3804010651342837e-06,0,404.0,0,0.0,0.0
34023001506,NJ2004002,3.596422,0.0055911471133269,0.0015546415613426,10,404.0,1,0.0024752475247524,16.0
34023001600,NJ1205001,1.421655,1.4087907561851212,0.9909512196595668,5077,1555.0,1552,0.9980707395498392,5113.0
34023001600,NJ1207001,1.421655,0.00026652319287265346,0.00018747388984855924,1,1555.0,0,0.0,0.0
34023001701,NJ1205001,3.73977,2.3967056396559414,0.6408697967136859,3356,1969.0,1909,0.9695276790248856,5077.0
34023001701,NJ1225001,3.73977,1.0036731433166266,0.2683783075741627,1405,1969.0,34,0.0172676485525647,90.0
34023001702,NJ1205001,1.615242,1.5699189550051913,0.9719403996461156,3412,1086.0,1083,0.9972375690607734,3501.0
34023001803,NJ1205001,2.176243,1.6726391494721886,0.7685902491000264,2558,1243.0,1216,0.9782783588093322,3256.0
34023001804,NJ1205001,2.097336,1.9984586858479516,0.952855758852159,3918,1144.0,1144,1.0,4112.0
34023001805,NJ1205001,4.087501,0.9183947697773258,0.224683680756855,1333,1251.0,386,0.3085531574740208,1830.0
34023001805,NJ1225001,4.087501,2.4492713450729595,0.599209968406848,3554,1251.0,854,0.6826538768984812,4049.0
34023001806,NJ1205001,17.579182,1.9162405556846829,0.1090062413418714,399,511.0,172,0.3365949119373776,1231.0
34023001806,NJ1225001,17.579182,2.2988057412440135,0.1307686410689651,478,511.0,104,0.2035225048923679,744.0
34023001901,NJ1225001,2.850476,2.426393734008233,0.8512240531084047,4317,806.0,783,0.9714640198511166,4926.0
34023001902,NJ1225001,0.843766,0.7556358056958874,0.8955513799985866,2113,859.0,841,0.979045401629802,2310.0
34023001903,NJ1225001,1.255412,1.1238997136405429,0.8952437236863618,3295,998.0,994,0.995991983967936,3666.0
34023002000,NJ1225001,2.611994,2.415372965639641,0.9247237802382552,4478,1415.0,1392,0.9837455830388692,4763.0
34023002101,NJ1225001,1.241167,1.2411630774445137,0.999996839623124,2416,867.0,867,1.0,2416.0
34023002102,NJ1225001,1.849641,1.835470945315649,0.9923390243380468,3976,1353.0,1353,1.0,4007.0
34023002200,NJ1225001,1.676936,1.6246218606591984,0.968803735300094,3666,1163.0,1163,1.0,3784.0
34023002301,NJ1225001,1.709051,1.6636468834873737,0.9734331412505384,3809,1422.0,1421,0.99929676511955,3910.0
34023002301,NJ2004002,1.709051,0.00014105635093990713,8.253489857231125e-05,0,1422.0,0,0.0,0.0
34023002302,NJ1225001,1.71821,1.6497112540774928,0.9601336589110137,3728,1378.0,1377,0.9992743105950652,3880.0
34023002401,NJ1225001,2.733247,2.7000989212005044,0.9878722710389892,5539,2107.0,2105,0.9990507831039392,5602.0
34023002401,NJ2004002,2.733247,0.000277570622317493,0.00010155343527953858,1,2107.0,0,0.0,0.0
34023002401,NJ2013001,2.733247,0.0078935027927779,0.0028879580926194,16,2107.0,2,0.00094921689606075,5.0
34023002402,NJ1225001,2.591873,2.522688351164702,0.9733070837825394,1487,624.0,623,0.998397435897436,1526.0
34023002500,NJ1225001,2.430694,2.294581867388352,0.9440027693277526,6966,2409.0,2401,0.9966791199667911,7354.0
34023002603,NJ1225001,1.900996,1.7236885733154277,0.9067291952825928,4944,827.0,826,0.9987908101571948,5446.0
34023002604,NJ1225001,3.171751,2.8243188268632737,0.8904604512974927,6139,2122.0,2104,0.9915174363807728,6836.0
34023002605,NJ1225001,1.278628,1.278497047654029,0.9998975837022408,2924,928.0,928,1.0,2924.0
34023002605,NJ2013001,1.278628,0.00023209295197576283,0.00018151718246101512,1,928.0,0,0.0,0.0
34023002701,NJ1225001,2.056772,1.8723081060339613,0.91031388313044,5193,1143.0,1132,0.990376202974628,5650.0
34023002703,NJ1225001,2.118399,2.101131455691356,0.9918487762179624,7039,1929.0,1924,0.9974079834110938,7079.0
34023002805,NJ1225001,1.356258,1.3490357080389368,0.9946748391817316,2762,1148.0,1148,1.0,2777.0
34023002901,NJ1225001,2.125046,1.898772559683437,0.8935206859914735,2757,852.0,849,0.9964788732394366,3075.0
34023002902,NJ1225001,0.951053,0.8916967023760984,0.9375888645281582,2550,958.0,952,0.9937369519832986,2703.0
34023003001,NJ1225001,1.804444,1.6813739492576432,0.9317961373462648,4095,1679.0,1676,0.9982132221560452,4387.0
34023003002,NJ1225001,4.044544,2.593288949180202,0.6411820341626154,4331,547.0,509,0.9305301645338208,6286.0
34023003101,NJ1225001,1.747357,0.876867595967625,0.5018250969708108,1408,906.0,868,0.958057395143488,2688.0
34023003102,NJ1225001,1.529092,1.4562560741256436,0.9523665509502656,4703,1089.0,1089,1.0,4938.0
34023003201,NJ1225001,1.293617,1.2533698151960175,0.9688878664983666,3331,1428.0,1428,1.0,3438.0
34023003203,NJ1225001,1.691739,1.4424370080038111,0.8526356654329131,3860,1419.0,1415,0.9971811134601832,4514.0
34023003300,NJ1216001,4.08551,0.0016989171838316,0.00041583968313177103,2,1383.0,0,0.0,0.0
34023003300,NJ1225001,4.08551,2.8746929084637047,0.7036313479745991,4215,1383.0,1341,0.9696312364425164,5809.0
34023003401,NJ1216001,5.203498,8.878195797093212e-06,1.7061975995941984e-06,0,1721.0,0,0.0,0.0
34023003401,NJ1225001,5.203498,2.238269723356519,0.4301471285962864,1675,1721.0,1471,0.8547356188262638,3328.0
34023003500,NJ1225001,2.782504,1.4549196407773204,0.5228814193177513,1934,1530.0,1480,0.9673202614379084,3578.0
34023003601,NJ1225001,1.313825,1.258011130051057,0.9575180332624642,7810,1911.0,1901,0.9947671376242804,8113.0
34023003700,NJ1225001,1.226821,1.159976425308894,0.9455139953659858,3650,1215.0,1215,1.0,3860.0
34023003801,NJ1225001,1.30071,1.1762144983859548,0.9042865038217242,5428,1661.0,1661,1.0,6002.0
34023003802,NJ1225001,0.412846,0.3961411970757245,0.9595374475608932,3409,331.0,328,0.9909365558912386,3521.0
34023004000,NJ1216001,2.084426,1.848656400053837,0.8868899160026966,3786,931.0,916,0.9838882921589688,4200.0
34023004000,NJ1225001,2.084426,0.0082180222676696,0.0039425828826111,17,931.0,0,0.0,0.0
34023004100,NJ1216001,0.544514,0.5232711805484003,0.9609875605556518,2928,810.0,808,0.9975308641975308,3039.0
34023004100,NJ1225001,0.544514,0.0010115543943047,0.0018577197175917,6,810.0,0,0.0,0.0
34023004200,NJ1216001,0.589567,0.5430722776837864,0.9211375088561377,3345,880.0,874,0.9931818181818182,3606.0
34023004300,NJ1216001,0.639457,0.5602344123761884,0.8761095935710899,3471,1030.0,1025,0.9951456310679612,3943.0
34023004400,NJ1216001,0.472411,0.4610922589896387,0.9760404795604646,4553,970.0,969,0.9989690721649483,4660.0
34023004501,NJ1216001,0.50219,0.3740275284261428,0.7447928641074947,3154,636.0,630,0.9905660377358492,4195.0
34023004502,NJ1216001,2.849952,0.7092254100030562,0.2488552122993847,966,367.0,242,0.659400544959128,2558.0
34023004600,NJ1216001,0.735802,0.7176241270555298,0.9752951569247296,6190,635.0,635,1.0,6347.0
34023004700,NJ1216001,0.648594,0.5712921280154203,0.880816239458614,3711,580.0,579,0.9982758620689656,4206.0
34023004700,NJ1225001,0.648594,0.0034383383996859,0.0053012183271598,22,580.0,0,0.0,0.0
34023004800,NJ1216001,1.724461,1.5072970692077488,0.8740685171817447,5507,929.0,911,0.9806243272335844,6178.0
34023004800,NJ1225001,1.724461,0.0014972948751747,0.0008682683314814078,5,929.0,0,0.0,0.0
34023004900,NJ1216001,0.586203,0.5611509312940439,0.9572638340200303,5218,526.0,523,0.994296577946768,5420.0
34023005000,NJ1216001,0.697209,0.6366112740424165,0.9130852786501844,4964,891.0,883,0.9910213243546576,5387.0
34023005100,NJ1214001,1.631211,1.3968607449147634,0.8563335735933386,6283,813.0,800,0.984009840098401,7220.0
34023005100,NJ1808001,1.631211,0.0188377692214883,0.0115483338583962,85,813.0,0,0.0,0.0
34023005200,NJ1214001,0.54812,0.5450999744590117,0.994490211010384,5625,858.0,858,1.0,5656.0
34023005200,NJ1808001,0.54812,0.0009252082551806232,0.0016879666043578,10,858.0,0,0.0,0.0
34023005300,NJ1214001,0.42351,0.3953929549489858,0.9336094896200464,3709,388.0,385,0.9922680412371134,3942.0
34023005300,NJ1808001,0.42351,9.506200877949596e-07,2.244622530270737e-06,0,388.0,0,0.0,0.0
34023005500,NJ1214001,3.062466,1.528226453832105,0.4990182597397343,1805,522.0,373,0.7145593869731801,2585.0
34023005500,NJ1215001,3.062466,0.0026648411698639,0.00087016187930378,3,522.0,0,0.0,0.0
34023005500,NJ1808001,3.062466,0.0012210689903162,0.0003987208316161687,1,522.0,0,0.0,0.0
34023005601,NJ1214001,0.783607,0.4731402001263512,0.6037978222838122,1779,521.0,491,0.9424184261036468,2776.0
34023005601,NJ1215001,0.783607,0.0098753752667768,0.0126024592260876,37,521.0,0,0.0,0.0
34023005602,NJ1214001,0.693787,0.6614043921123773,0.9533248563498268,6942,962.0,959,0.9968814968814969,7259.0
34023005700,NJ1214001,0.723125,0.719485259543108,0.9949666510535634,5597,760.0,760,1.0,5625.0
34023005700,NJ1215001,0.723125,0.0036354611628859,0.0050274311673445,28,760.0,0,0.0,0.0
34023005800,NJ1214001,0.51942,0.4921184413067492,0.9474383760863064,5575,817.0,817,1.0,5884.0
34023006001,NJ1204001,1.932515,5.400712353084236e-05,2.7946548166944297e-05,0,532.0,0,0.0,0.0
34023006001,NJ1214001,1.932515,1.5309588680969095,0.792210600226601,1737,532.0,531,0.9981203007518796,2189.0
34023006001,NJ1215001,1.932515,0.0006300197216570377,0.0003260102620973383,1,532.0,0,0.0,0.0
34023006002,NJ1214001,2.221844,1.828008571180632,0.822743888041029,4221,350.0,316,0.9028571428571428,4632.0
34023006002,NJ1215001,2.221844,0.0002955894406940788,0.00013303789136144518,1,350.0,0,0.0,0.0
34023006101,NJ1214001,3.298264,0.0025417923152605,0.0007706455017732056,5,1548.0,0,0.0,0.0
34023006101,NJ1215001,3.298264,3.273486118024372,0.9924875989382208,5807,1548.0,1546,0.9987080103359172,5843.0
34023006103,NJ1214001,2.845233,0.0037301212222576,0.0013110072961538,7,1018.0,0,0.0,0.0
34023006103,NJ1215001,2.845233,2.681706406647012,0.9425261153118258,5111,1018.0,1011,0.9931237721021612,5386.0
34023006104,NJ1215001,3.023283,2.7797474174435273,0.9194466470533944,3932,1237.0,1215,0.9822150363783346,4201.0
34023006104,NJ1808001,3.023283,4.245153041556478e-06,1.4041533794740608e-06,0,1237.0,0,0.0,0.0
34023006204,NJ1215001,1.170009,1.169987037142456,0.999981228471282,1878,231.0,231,1.0,1878.0
34023006204,NJ1221004,1.170009,1.7068231936777008e-05,1.4588120208286438e-05,0,231.0,0,0.0,0.0
34023006205,NJ1215001,3.828907,3.647336586389206,0.9525790483783508,6984,952.0,936,0.9831932773109244,7209.0
34023006205,NJ1808001,3.828907,0.001922788903743,0.0005021769668845508,4,952.0,0,0.0,0.0
34023006206,NJ1204001,4.154018,0.0003391933986917138,8.165429198711075e-05,0,781.0,0,0.0,0.0
34023006206,NJ1212001,4.154018,0.0031734624204081,0.0007639500889038516,2,781.0,0,0.0,0.0
34023006206,NJ1215001,4.154018,2.728606442571922,0.6568595616513752,1299,781.0,751,0.9615877080665812,1901.0
34023006207,NJ1215001,4.017445,3.8830586002918936,0.966549286995066,7050,1154.0,1153,0.9991334488734837,7288.0
34023006208,NJ1215001,4.880626,4.471959931133525,0.9162676941715108,6588,607.0,586,0.9654036243822076,6941.0
34023006208,NJ1221004,4.880626,0.0064992391631958,0.0013316404828388,10,607.0,0,0.0,0.0
34023006209,NJ1215001,3.944719,3.870915530852205,0.9812905636249896,2633,1079.0,1077,0.9981464318813716,2678.0
34023006209,NJ1221004,3.944719,0.0065500970322239,0.0016604724017665,4,1079.0,0,0.0,0.0
34023006300,NJ1204001,4.02381,0.008560823134398,0.0021275415922715,15,2830.0,0,0.0,0.0
34023006300,NJ1212001,4.02381,3.807002653954345,0.946118890791152,6658,2830.0,2820,0.9964664310954064,7012.0
34023006300,NJ1215001,4.02381,0.0030898206185963,0.000767884323215159,5,2830.0,0,0.0,0.0
34023006403,NJ1204001,6.114286,6.059020212813956,0.9909612034526936,2708,1031.0,1018,0.9873908826382152,2699.0
34023006403,NJ1214001,6.114286,0.0019758968768946,0.00032316068906404304,1,1031.0,0,0.0,0.0
34023006403,NJ1215001,6.114286,0.00018313501016795636,2.9951986244666404e-05,0,1031.0,0,0.0,0.0
34023006403,NJ1223001,6.114286,0.0015212497252225,0.00024880251352694005,1,1031.0,0,0.0,0.0
34023006500,NJ1204001,5.178981,5.049154606999922,0.9749320584493208,7167,2534.0,2519,0.9940805051302288,7307.0
34023006500,NJ1212001,5.178981,0.0010560378411412,0.0002039084215874173,1,2534.0,0,0.0,0.0
34023006601,NJ1204001,10.98929,10.66464380077055,0.9704579459428724,2324,1063.0,1063,1.0,2395.0
34023006601,NJ1212001,10.98929,0.0054504168833341,0.0004959753435694379,1,1063.0,0,0.0,0.0
34023006601,NJ1215001,10.98929,0.0024419789579603,0.0002222144431496826,1,1063.0,0,0.0,0.0
34023006601,NJ1221004,10.98929,0.0070741357730701,0.0006437300110444023,2,1063.0,0,0.0,0.0
34023006604,NJ1204001,8.42389,8.371799824788368,0.9938163751887036,7063,1062.0,1060,0.9981167608286252,7094.0
34023006604,NJ1206001,8.42389,0.0228290388469695,0.0027100352505753,19,1062.0,0,0.0,0.0
34023006604,NJ1213002,8.42389,0.0126757893857955,0.0015047429852236,11,1062.0,0,0.0,0.0
34023006604,NJ1224001,8.42389,0.0029233666172699,0.00034703285741740736,2,1062.0,0,0.0,0.0
34023006605,NJ1204001,4.846389,4.801638333962667,0.9907661836395442,4051,1115.0,1110,0.9955156950672646,4071.0
34023006606,NJ1204001,2.886927,2.721272410440533,0.9426190584107368,2932,1028.0,1028,1.0,3111.0
34023006606,NJ1212001,2.886927,0.000870687001094222,0.0003015964730297032,1,1028.0,0,0.0,0.0
34023006607,NJ1204001,2.631662,2.629667719061944,0.9992421971597965,2903,1011.0,1011,1.0,2905.0
34023006607,NJ1224001,2.631662,0.0019933680943548,0.0007574559705444167,2,1011.0,0,0.0,0.0
34023006608,NJ1204001,2.355461,2.199868297250545,0.9339438425219287,3658,753.0,735,0.9760956175298804,3823.0
34023006701,NJ1204001,3.461695,3.136257279291371,0.9059889098523616,3691,1495.0,1486,0.993979933110368,4049.0
34023006701,NJ1224001,3.461695,0.0007180128878666401,0.00020741656554567635,1,1495.0,0,0.0,0.0
34023006703,NJ1204001,3.526322,3.423469291102063,0.9708328652635984,5805,1947.0,1944,0.9984591679506932,5970.0
34023006703,NJ1223001,3.526322,0.0056658207782781,0.0016067224655825,10,1947.0,0,0.0,0.0
34023006800,NJ1204001,2.502459,0.0053414862021426,0.0021344949915833,10,1877.0,0,0.0,0.0
34023006800,NJ1223001,2.502459,2.4847276338986357,0.9929144229330572,4628,1877.0,1870,0.9962706446457112,4644.0
34023006900,NJ1219001,0.96376,0.0004766105240881443,0.000494532377446817,2,1092.0,0,0.0,0.0
34023006900,NJ1223001,0.96376,0.925595258371159,0.9604001601759348,3424,1092.0,1085,0.9935897435897436,3542.0
34023007000,NJ1204001,3.746778,0.0056375863176924,0.0015046491459308,12,2575.0,0,0.0,0.0
34023007000,NJ1223001,3.746778,3.7541902357657086,1.0019782959560743,7908,2575.0,2575,1.0,7892.0
34023007101,NJ1219001,4.268062,2.334702127397442,0.5470169194818262,1884,1368.0,1368,1.0,3444.0
34023007102,NJ1219001,2.186493,2.31168796089829,1.0572583405930365,5589,1892.0,1892,1.0,5286.0
34023007103,NJ1209002,8.91644,3.546023179078475e-05,3.976949521421638e-06,0,467.0,0,0.0,0.0
34023007103,NJ1219001,8.91644,6.964050970749064,0.7810349164856225,4404,467.0,410,0.8779443254817987,4951.0
34023007202,NJ1219001,2.711365,2.717631419128459,1.0023111676695904,4651,1591.0,1591,1.0,4640.0
34023007203,NJ1219001,2.161942,2.176493163049245,1.006730598253443,5022,1088.0,1088,1.0,4988.0
34023007301,NJ1219001,3.030414,2.9338374737844335,0.9681309133948146,3051,1242.0,1233,0.9927536231884058,3128.0
34023007303,NJ1209002,0.984478,0.003955249419175,0.0040176107736029,8,715.0,0,0.0,0.0
34023007303,NJ1219001,0.984478,0.966784996869378,0.9820280360448664,1887,715.0,715,1.0,1922.0
34023007305,NJ1209002,1.652402,0.0061589539382271,0.0037272733500849,13,550.0,0,0.0,0.0
34023007305,NJ1219001,1.652402,1.555487634427729,0.9413494019177712,3253,550.0,546,0.9927272727272728,3431.0
34023007306,NJ1209002,1.404603,0.0005919830328244716,0.0004214593253926352,1,307.0,0,0.0,0.0
34023007306,NJ1219001,1.404603,0.6775342777104955,0.4823671013877198,1670,307.0,305,0.993485342019544,3440.0
34023007402,NJ1219001,4.271704,2.928588975008561,0.6855786297478854,3398,1855.0,1833,0.9881401617250674,4897.0
34023007402,NJ1225001,4.271704,0.0028265014420165,0.0006616800794288565,3,1855.0,1,0.0005390835579514825,3.0
34023007500,NJ1219001,2.235927,6.280419078469276e-05,2.8088658880496884e-05,0,1182.0,0,0.0,0.0
34023007500,NJ1225001,2.235927,1.7755245386403038,0.7940887777822369,2600,1182.0,1158,0.9796954314720812,3208.0
34023007600,NJ1219001,1.746799,0.0039451234893746,0.0022584873756938,14,1759.0,3,0.0017055144968732,10.0
34023007600,NJ1225001,1.746799,1.7215728159048391,0.985558622317072,6048,1759.0,1754,0.9971574758385446,6120.0
34023007702,NJ1209002,27.854168,2.7376049418603463,0.0982834935820142,687,1576.0,276,0.1751269035532995,1225.0
34023007702,NJ1213002,27.854168,0.1622058624873092,0.005823396429838,41,1576.0,0,0.0,0.0
34023007702,NJ1224001,27.854168,0.0025492312186687,9.152063772534076e-05,1,1576.0,0,0.0,0.0
34023007702,NJ1326001,27.854168,0.0032917341769635,0.00011817743674711652,1,1576.0,0,0.0,0.0
34023007702,NJ1328002,27.854168,0.0051106770117054,0.00018347979418037065,1,1576.0,0,0.0,0.0
34023007703,NJ1204001,3.308143,0.000157712430390995,4.7674006350691306e-05,0,1181.0,0,0.0,0.0
34023007703,NJ1209002,3.308143,2.9457438232723527,0.890452384698108,2779,1181.0,1179,0.9983065198983913,3116.0
34023007703,NJ1224001,3.308143,0.0015507859904495,0.0004687784023996484,1,1181.0,0,0.0,0.0
34023007704,NJ1209002,1.896492,1.8964926281714884,1.0000003312281245,2578,983.0,983,1.0,2578.0
34023007801,NJ1204001,14.573177,0.0031014381711664,0.00021281825995570215,1,675.0,0,0.0,0.0
34023007801,NJ1209002,14.573177,1.7064455353569006,0.1170949570815547,370,675.0,421,0.6237037037037036,1969.0
34023007801,NJ1219001,14.573177,0.0008383292263746261,5.7525495392983026e-05,0,675.0,0,0.0,0.0
34023007804,NJ1204001,5.272119,0.0016849428313788,0.00031959499233209456,2,1734.0,0,0.0,0.0
34023007804,NJ1209002,5.272119,5.041513536606391,0.9562594350784552,5249,1734.0,1734,1.0,5489.0
34023007805,NJ1209002,1.886031,1.82666065762048,0.9685210145647024,4304,1471.0,1471,1.0,4444.0
34023007806,NJ1209002,2.140746,2.112046579449276,0.9865937292183548,4023,1132.0,1131,0.9991166077738516,4074.0
34023007905,NJ1209002,1.73599,1.467374856138863,0.8452668829537402,1961,818.0,809,0.988997555012225,2294.0
34023007905,NJ1219001,1.73599,0.0019480964472293,0.001122181837009,3,818.0,0,0.0,0.0
34023007906,NJ1209002,1.613201,1.4922545827056146,0.9250270627811504,1324,282.0,280,0.9929078014184396,1421.0
34023007907,NJ1209002,2.903119,2.5089061449546666,0.8642105766090424,2725,774.0,773,0.9987080103359172,3149.0
34023007908,NJ1209002,2.587615,0.9305255056832756,0.3596074012877788,1962,158.0,151,0.9556962025316456,5215.0
34023007909,NJ1209002,6.477193,6.459450042720479,0.997260702702618,4000,1210.0,1190,0.9834710743801652,3945.0
34023007909,NJ1329001,6.477193,0.0259562017883815,0.0040073225837768,16,1210.0,19,0.0157024793388429,63.0
34023007909,NJ1330004,6.477193,2.818774414481595e-08,4.351845644373412e-09,0,1210.0,0,0.0,0.0
34023007910,NJ1209002,6.281622,3.5232474112304306,0.5608817931468068,1774,733.0,706,0.9631650750341064,3046.0
34023007910,NJ1329001,6.281622,0.0460918055285559,0.0073375643310845,23,733.0,11,0.015006821282401,47.0
34023007911,NJ1209002,5.803726,5.3593690299289305,0.9234359151222732,3157,1128.0,1128,1.0,3419.0
34023007911,NJ1328002,5.803726,0.0039833513034582,0.0006863437907747895,2,1128.0,0,0.0,0.0
34023007911,NJ1330004,5.803726,0.0048201658242031,0.000830529529513131,3,1128.0,0,0.0,0.0
34023007913,NJ1209002,3.860972,3.404563536485747,0.8817892324745549,3363,911.0,894,0.9813391877058176,3743.0
34023007913,NJ1328002,3.860972,0.0031665382398366,0.0008201401719144014,3,911.0,0,0.0,0.0
34023007914,NJ1209002,3.056218,3.0569442554064508,1.0002376320689332,3613,948.0,948,1.0,3612.0
34023008001,NJ1209002,7.638758,4.473357759517031,0.5856132318260416,3886,2384.0,2360,0.9899328859060402,6568.0
34023008001,NJ1330002,7.638758,0.0105791658477228,0.0013849327138944,9,2384.0,0,0.0,0.0
34023008101,NJ1204001,3.870396,0.00013129989595944062,3.3924150386534256e-05,0,1773.0,0,0.0,0.0
34023008101,NJ1206001,3.870396,9.033088445026078e-05,2.33389256423014e-05,0,1773.0,0,0.0,0.0
34023008101,NJ1213002,3.870396,0.0097221729421269,0.0025119323557917,12,1773.0,0,0.0,0.0
34023008101,NJ1224001,3.870396,3.810568816348601,0.9845423611301276,4537,1773.0,1764,0.9949238578680204,4585.0
34023008102,NJ1204001,2.105615,0.0076711687094624,0.0036431962678184,13,1188.0,0,0.0,0.0
34023008102,NJ1224001,2.105615,2.080834462895807,0.9882312117342472,3513,1188.0,1187,0.9991582491582492,3552.0
34023008103,NJ1206001,2.145337,2.0406193325114867,0.9511882433908924,2335,648.0,648,1.0,2455.0
34023008103,NJ1213002,2.145337,0.0199880539559061,0.0093169762866655,23,648.0,1,0.0015432098765432,4.0
34023008103,NJ1224001,2.145337,2.437585679297626e-06,1.13622506827488e-06,0,648.0,0,0.0,0.0
34023008204,NJ1213002,5.307929,5.034025143587696,0.9483972267880176,4644,2126.0,2115,0.9948259642521168,4872.0
34023008204,NJ2004002,5.307929,0.0031276591699123,0.0005892428421541302,3,2126.0,0,0.0,0.0
34023008205,NJ1213002,2.634233,2.498496756353797,0.9484721952666288,3230,1380.0,1378,0.9985507246376812,3401.0
34023008206,NJ1213002,5.080699,3.6906373038506857,0.726403454298451,2566,1112.0,1074,0.9658273381294964,3412.0
34023008206,NJ2004002,5.080699,0.0005250168269872665,0.0001033355502829958,0,1112.0,0,0.0,0.0
34023008207,NJ1213002,2.666337,2.673450362764196,1.0026678408483984,2712,1186.0,1181,0.9957841483979764,2694.0
34023008209,NJ1213002,3.124988,3.117970434746965,0.9977543704958114,3711,1406.0,1405,0.9992887624466572,3716.0
34023008210,NJ1206001,10.718465,0.0055543172019981,0.0005182008059920996,2,1314.0,0,0.0,0.0
34023008210,NJ1213002,10.718465,10.087538281247424,0.941136466951884,3913,1314.0,1262,0.9604261796042618,3993.0
34023008211,NJ1206001,8.039925,0.0029710272298539,0.0003695341971291896,2,2024.0,0,0.0,0.0
34023008211,NJ1213002,8.039925,7.918219100740917,0.9848623091311072,6064,2024.0,2004,0.9901185770750988,6096.0
34023008211,NJ1224001,8.039925,0.0061929960174216,0.0007702803219459941,5,2024.0,0,0.0,0.0
34023008212,NJ1213002,15.975935,15.75560369335483,0.98620855013211,4274,1421.0,1280,0.900774102744546,3904.0
34023008213,NJ1213002,32.457796,29.168748458242803,0.8986669476338689,5041,2961.0,2563,0.8655859506923337,4855.0
34023008213,NJ1326001,32.457796,0.0042526519745831,0.00013102097180545417,1,2961.0,0,0.0,0.0
34023008213,NJ1326007,32.457796,0.00024738212061047667,7.621654921069707e-06,0,2961.0,0,0.0,0.0
34023008214,NJ1101002,22.626538,0.0099593983453661,0.0004401644805478463,4,3243.0,0,0.0,0.0
34023008214,NJ1213002,22.626538,20.363887442572683,0.9000001433083878,9068,3243.0,3189,0.9833487511563368,9908.0
34023008214,NJ2004002,22.626538,0.00016875739878416062,7.458383548740891e-06,0,3243.0,0,0.0,0.0
34023008300,NJ1213002,2.285188,0.0063064866961243,0.002759723355857,16,1345.0,1,0.0007434944237918215,4.0
34023008403,NJ1221004,8.37497,8.121428963354472,0.9697263349426292,7728,1875.0,1868,0.9962666666666666,7939.0
34023008403,NJ1808001,8.37497,0.0102304009249435,0.0012215447846312,10,1875.0,0,0.0,0.0
34023008404,NJ1221004,3.904774,3.893726325315697,0.997170726222746,4262,1348.0,1348,1.0,4274.0
34023008405,NJ1221004,4.99077,4.990574718458917,0.9999608714604994,5106,1514.0,1514,1.0,5106.0
34023008405,NJ1808001,4.99077,0.0008111089814603329,0.0001625218115561993,1,1514.0,0,0.0,0.0
34023008406,NJ1215001,1.972273,0.0055460094235762,0.0028119887173714,6,749.0,0,0.0,0.0
34023008406,NJ1221004,1.972273,1.9633435605298737,0.9954725134552234,2229,749.0,749,1.0,2239.0
34023008406,NJ1808001,1.972273,0.0017567203638255,0.0008907085194724818,2,749.0,0,0.0,0.0
34023008501,NJ1215001,9.281394,0.0019584396574458,0.00021100705965568017,1,542.0,0,0.0,0.0
34023008501,NJ1221004,9.281394,8.47350176409878,0.9129557223945864,4662,542.0,522,0.96309963099631,4918.0
34023008502,NJ1204001,54.738465,0.0158626408838878,0.0002897896549325576,2,2199.0,0,0.0,0.0
34023008502,NJ1213002,54.738465,0.003002151414378,5.4845370880934993e-05,0,2199.0,0,0.0,0.0
34023008502,NJ1215001,54.738465,0.0053743386883252,9.81821227234855e-05,1,2199.0,0,0.0,0.0
34023008502,NJ1221004,54.738465,36.49458061367954,0.6667081478020902,3780,2199.0,1876,0.8531150522964984,4836.0
34023008502,NJ2004002,54.738465,2.2181960896645787,0.0405235347696465,230,2199.0,58,0.0263756252842201,150.0
34023008504,NJ1221004,14.097149,10.878589821514025,0.7716872270779024,5757,1787.0,1482,0.8293228875209849,6187.0
34023008504,NJ1808001,14.097149,3.733759582042694e-06,2.6485919827070665e-07,0,1787.0,0,0.0,0.0
34023008504,NJ2004002,14.097149,1.956153043518968,0.1387623159490595,1035,1787.0,285,0.1594851706771125,1190.0
34023008505,NJ1221004,5.162997,4.458796691310844,0.8636062913286302,4530,1013.0,1013,1.0,5246.0
34023008506,NJ1221004,2.666717,2.561468134902635,0.9605324205390504,3817,655.0,640,0.9770992366412212,3883.0
34023008601,NJ1221004,12.066472,0.0005270466550886631,4.367860424228914e-05,0,1445.0,0,0.0,0.0
34023008601,NJ2004002,12.066472,10.079369605288402,0.8353203492527396,4530,1445.0,1390,0.9619377162629758,5217.0
34023008602,NJ1221004,7.920079,0.0120328056696037,0.0015192784907326,8,948.0,0,0.0,0.0
34023008602,NJ2004002,7.920079,4.621594441822952,0.5835288311925869,2956,948.0,933,0.9841772151898734,4985.0
34023008604,NJ2004002,8.373264,5.031641947172794,0.6009176286777527,3669,1062.0,949,0.8935969868173258,5456.0
34023008605,NJ2004002,1.123451,1.0316754081743742,0.9183092170235944,2577,300.0,300,1.0,2806.0
34023008606,NJ2004002,0.982781,0.912673043623731,0.9286637039419068,4350,213.0,213,1.0,4684.0
34023008700,NJ1101002,34.403357,0.0095497983838642,0.00027758332955310917,1,1844.0,0,0.0,0.0
34023008700,NJ1213002,34.403357,0.0007741795678286223,2.2503023987706266e-05,0,1844.0,0,0.0,0.0
34023008700,NJ2004002,34.403357,8.408872905600402,0.2444201275358216,939,1844.0,1385,0.7510845986984815,2886.0
34023008801,NJ1207001,6.200031,0.00027433445334434513,4.424727123853818e-05,0,734.0,0,0.0,0.0
34023008801,NJ2004002,6.200031,2.6360135185816707,0.4251613449322545,2281,734.0,650,0.885558583106267,4750.0
34023009000,NJ1225001,5.70739,2.9823600989017827,0.5225435967932422,2683,993.0,850,0.8559919436052367,4395.0
34023009000,NJ2013001,5.70739,0.0025399118779823,0.0004450216084729272,2,993.0,0,0.0,0.0
34023009101,NJ1225001,2.267388,0.970965457807518,0.4282308355727021,1161,997.0,988,0.9909729187562688,2687.0
34023009200,NJ1219001,9.411227,7.0701970895736705,0.7512513606965032,3306,1442.0,1426,0.9889042995839112,4351.0
34023009200,NJ1225001,9.411227,0.0113391867975132,0.0012048574322469,5,1442.0,3,0.0020804438280166,9.0
34023009300,NJ1214001,1.01322,0.7091675962604284,0.699914723614248,3935,351.0,335,0.9544159544159544,5366.0
34023009400,NJ1204001,6.006071,3.9861695805478634,0.6636900530393103,4018,1305.0,1201,0.9203065134099616,5572.0
34023009400,NJ1212001,6.006071,0.0034645200031176,0.0005768363382846473,3,1305.0,0,0.0,0.0
34023009400,NJ1223001,6.006071,0.0052729586487002,0.0008779381144012879,5,1305.0,0,0.0,0.0
34023980000,NJ1225001,4.335805,0.5327884118625266,0.1228810824893016,7,267.0,44,0.1647940074906367,9.0
34023980100,NJ1225001,4.720182,2.4094475872622523,0.5104565008854006,43,175.0,120,0.6857142857142857,58.0
34023980200,NJ2004002,2.104043,0.881160290519906,0.4187938604486249,1923,187.0,76,0.4064171122994652,1866.0
34025800101,NJ1304001,1.235913,0.0014565684883324,0.0011785364247584,4,1323.0,0,0.0,0.0
34025800101,NJ1345001,1.235913,1.1695151517050544,0.9462762764895704,3275,1323.0,1318,0.9962207105064248,3448.0
34025800102,NJ1345001,0.681169,0.681167998043847,0.9999985290637816,1160,400.0,400,1.0,1160.0
34025800200,NJ1304001,3.273914,2.9894327761180506,0.913106690071288,4030,1766.0,1732,0.9807474518686295,4329.0
34025800200,NJ1345001,3.273914,0.0205265741758804,0.0062697353002798,28,1766.0,5,0.0028312570781426,12.0
34025800400,NJ1304001,5.27468,0.000613602069367189,0.00011632972414766184,0,1622.0,0,0.0,0.0
34025800400,NJ1345001,5.27468,2.352667664196597,0.4460304064315934,1591,1622.0,1582,0.9753390875462392,3478.0
34025800500,NJ1345001,4.610278,3.886291013341607,0.8429624012568454,3664,1801.0,1801,1.0,4346.0
34025800601,NJ1321001,3.274087,0.0048334831180583,0.0014762842643027,8,1982.0,4,0.0020181634712411,10.0
34025800601,NJ1345001,3.274087,3.2210031445647815,0.9837866692500172,5048,1982.0,1977,0.9974772956609486,5118.0
34025800602,NJ1339001,2.214518,0.0015268694649189,0.0006894816230524978,2,1413.0,0,0.0,0.0
34025800602,NJ1345001,2.214518,2.2081682176527058,0.9971326571528006,3557,1413.0,1409,0.997169143665959,3557.0
34025800701,NJ1339001,3.019057,0.0005312528164666147,0.00017596647445431294,1,1494.0,0,0.0,0.0
34025800701,NJ1345001,3.019057,3.0197869571103335,1.000241783149617,4780,1494.0,1494,1.0,4779.0
34025800702,NJ1345001,3.69833,3.6785900576117023,0.9946624713348194,3573,1205.0,1205,1.0,3592.0
34025800800,NJ1345001,5.560937,5.525693229448859,0.9936622604156204,6288,2237.0,2234,0.99865891819401,6320.0
34025800900,NJ1304001,21.705707,0.0092271076542157,0.00042510053481398713,3,2508.0,0,0.0,0.0
34025800900,NJ1345001,21.705707,21.639582314339037,0.9969535806568768,6088,2508.0,2494,0.9944178628389154,6073.0
34025801000,NJ1345001,6.489457,6.442865831162997,0.9928204826941605,4162,1316.0,1315,0.9992401215805472,4189.0
34025801100,NJ1339001,9.669173,0.0068663672140734,0.000710129730233745,3,1664.0,0,0.0,0.0
34025801100,NJ1345001,9.669173,9.557595839936033,0.9884605270725876,4591,1664.0,1658,0.9963942307692308,4628.0
34025801200,NJ1339001,6.399124,0.000797638938806951,0.0001246481454034882,0,1292.0,0,0.0,0.0
34025801200,NJ1345001,6.399124,6.016085601572487,0.9401420571897792,3495,1292.0,1290,0.9984520123839008,3711.0
34025801300,NJ1345001,8.344235,7.813913427708347,0.936444554558728,5628,1690.0,1681,0.9946745562130176,5978.0
34025801400,NJ1345001,3.603139,3.557796953650408,0.9874159597091337,3834,1646.0,1645,0.9993924665856622,3881.0
34025801500,NJ1339001,14.457587,0.0029481373848691,0.0002039162818020151,1,2052.0,0,0.0,0.0
34025801500,NJ1345001,14.457587,12.099849798833114,0.8369204210103051,5909,2052.0,2018,0.9834307992202728,6943.0
34025801600,NJ1321001,1.761868,1.5487233596455814,0.8790234907754618,4719,2044.0,1978,0.9677103718199608,5196.0
34025801600,NJ1339001,1.761868,0.003326022550524,0.0018877819169904,10,2044.0,0,0.0,0.0
34025801600,NJ1345001,1.761868,0.0026288589824836,0.0014920862303439,8,2044.0,0,0.0,0.0
34025801700,NJ1321001,1.066779,0.9771505900873008,0.9159822138299508,4180,1408.0,1403,0.9964488636363636,4547.0
34025801700,NJ1339001,1.066779,0.000715572635411052,0.0006707787043155631,3,1408.0,0,0.0,0.0
34025801800,NJ1339001,4.614286,0.0018052875858142,0.0003912387714619919,2,2503.0,0,0.0,0.0
34025801800,NJ1350001,4.614286,2.762901673252176,0.5987712233815105,3427,2503.0,2419,0.9664402716739912,5531.0
34025801900,NJ1322001,1.347924,1.0817577248068846,0.8025361406183766,2847,1125.0,1122,0.9973333333333332,3539.0
34025801900,NJ1339001,1.347924,0.0108810740166251,0.0080724684897851,29,1125.0,0,0.0,0.0
34025802000,NJ1322001,2.229517,1.8458219056925775,0.8279021445867323,3027,1367.0,1344,0.9831748354059984,3594.0
34025802000,NJ1339001,2.229517,0.0016877129788761,0.000756985920661827,3,1367.0,0,0.0,0.0
34025802100,NJ1322001,5.197069,7.951347715593874e-05,1.5299677021016797e-05,0,2273.0,0,0.0,0.0
34025802100,NJ1339001,5.197069,5.22743060500055,1.0058420630937457,6249,2273.0,2271,0.9991201055873296,6208.0
34025802100,NJ1350001,5.197069,0.0020847593026305,0.0004011413553736837,2,2273.0,0,0.0,0.0
34025802200,NJ1321001,2.157652,0.0007786896284036339,0.0003608967657451868,1,1698.0,0,0.0,0.0
34025802200,NJ1339001,2.157652,2.0591243437033335,0.9543357055277372,3601,1698.0,1692,0.9964664310954064,3760.0
34025802300,NJ1322001,3.324432,0.0009564333926553372,0.00028769828730301517,1,1689.0,0,0.0,0.0
34025802300,NJ1339001,3.324432,3.026567456972834,0.9104013729180904,4109,1689.0,1679,0.9940793368857312,4486.0
34025802400,NJ1322001,3.745686,0.0047915842572525,0.0012792274251639,7,1966.0,0,0.0,0.0
34025802400,NJ1330003,3.745686,3.8129993990063666e-05,1.0179709134738916e-05,0,1966.0,0,0.0,0.0
34025802400,NJ1339001,3.745686,3.3076770117461542,0.8830630788982724,4968,1966.0,1964,0.9989827060020344,5620.0
34025802400,NJ1345001,3.745686,0.00015395255497284237,4.110129759217466e-05,0,1966.0,0,0.0,0.0
34025802500,NJ1209002,2.346642,0.0063917623209932,0.0027237909834534,8,1320.0,0,0.0,0.0
34025802500,NJ1330002,2.346642,2.2475983972359823,0.9577934756285714,2908,1320.0,1318,0.9984848484848484,3031.0
34025802600,NJ1209002,3.04109,0.0015132625927165,0.000497605329903607,3,1226.0,0,0.0,0.0
34025802600,NJ1329001,3.04109,0.0093178255883007,0.0030639756101597,17,1226.0,4,0.0032626427406199,18.0
34025802600,NJ1330002,3.04109,2.7432782108093554,0.9020707084661602,4866,1226.0,1205,0.9828711256117456,5302.0
34025802700,NJ1322001,3.150224,3.969962043315172e-05,1.2602157952308064e-05,0,1364.0,0,0.0,0.0
34025802700,NJ1329001,3.150224,0.0305301292960897,0.0096914153711259,40,1364.0,30,0.0219941348973607,91.0
34025802700,NJ1330003,3.150224,0.8491924612032768,0.2695657391992686,1117,1364.0,431,0.3159824046920821,1309.0
34025802700,NJ1339001,3.150224,0.0032511376817606,0.0010320338114878,4,1364.0,0,0.0,0.0
34025802700,NJ1345001,3.150224,1.6050753753009783,0.5095115062614527,2111,1364.0,874,0.6407624633431085,2655.0
34025802800,NJ1328002,3.052533,0.00040657835534214974,0.0001331937624727234,1,1284.0,0,0.0,0.0
34025802800,NJ1329001,3.052533,0.0015626910455226,0.0005119325640452307,2,1284.0,0,0.0,0.0
34025802800,NJ1330003,3.052533,0.0016040111939935,0.00052546891188187,3,1284.0,0,0.0,0.0
34025802800,NJ1339001,3.052533,0.0024967863319937,0.0008179391777234519,4,1284.0,0,0.0,0.0
34025802800,NJ1345001,3.052533,3.0457466657535064,0.9977768187120356,4795,1284.0,1284,1.0,4806.0
34025802900,NJ1328002,2.510466,0.0010992325326526,0.0004378599561406602,1,702.0,0,0.0,0.0
34025802900,NJ1329001,2.510466,0.411251981695582,0.1638149975723957,319,702.0,124,0.1766381766381766,344.0
34025802900,NJ1330004,2.510466,1.031113747498351,0.4107260355242217,801,702.0,40,0.0569800569800569,111.0
34025802900,NJ1345001,2.510466,1.0620154342760986,0.4230351792360854,824,702.0,526,0.7492877492877493,1460.0
34025803000,NJ1209002,3.558564,0.0010986003260749,0.0003087201258920632,2,1822.0,0,0.0,0.0
34025803000,NJ1329001,3.558564,3.5419688249693175,0.9953365528818134,5869,1822.0,1820,0.9989023051591658,5890.0
34025803000,NJ1330002,3.558564,0.0004281356690488755,0.00012031135847180928,1,1822.0,0,0.0,0.0
34025803000,NJ1330003,3.558564,0.0012377473491223,0.0003478221409316692,2,1822.0,0,0.0,0.0
34025803000,NJ1330004,3.558564,0.0007055825554767071,0.00019827732632508703,1,1822.0,0,0.0,0.0
34025803000,NJ1345001,3.558564,0.0030103352494659,0.0008459410170692193,5,1822.0,0,0.0,0.0
34025803100,NJ1329001,2.310024,2.2727818324025115,0.9838780170260186,3610,997.0,993,0.995987963891675,3654.0
34025803100,NJ1330002,2.310024,0.003547544605002,0.001535717639731,6,997.0,0,0.0,0.0
34025803100,NJ1330003,2.310024,0.0027685625012218,0.0011984994533484,4,997.0,0,0.0,0.0
34025803201,NJ1339001,3.898597,2.987823540805427,0.766384302046461,3102,1022.0,981,0.9598825831702544,3885.0
34025803201,NJ1345001,3.898597,0.000637383930499549,0.00016349059174352952,1,1022.0,0,0.0,0.0
34025803202,NJ1339001,12.245088,11.449016625549026,0.9349885133981092,5718,2087.0,2083,0.9980833732630572,6104.0
34025803202,NJ1345001,12.245088,0.0014265235187332,0.00011649761265359724,1,2087.0,0,0.0,0.0
34025803300,NJ1328002,30.080263,0.0061137522397283,0.00020324796494393456,1,2587.0,0,0.0,0.0
34025803300,NJ1339001,30.080263,6.2696194574935715,0.2084296755481683,1508,2587.0,784,0.3030537301894085,2193.0
34025803300,NJ1345001,30.080263,14.52268200884282,0.4827977072156191,3494,2587.0,1605,0.620409741012756,4490.0
34025803400,NJ1340001,1.7046,1.6831369603864246,0.9874087530132728,5277,340.0,338,0.9941176470588236,5313.0
34025803400,NJ1345001,1.7046,0.0049298295663995,0.0028920741325821,15,340.0,0,0.0,0.0
34025803500,NJ1340001,0.968314,0.9410109915957368,0.9718035591716496,2645,205.0,202,0.9853658536585366,2682.0
34025803500,NJ1345001,0.968314,0.006629811831525,0.006846758212238,19,205.0,3,0.0146341463414634,40.0
34025803601,NJ1340001,0.919332,0.8753766071273515,0.9521876831518444,2025,474.0,461,0.9725738396624471,2069.0
34025803602,NJ1340001,0.929003,0.9199715799707092,0.9902783736658648,2716,445.0,445,1.0,2743.0
34025803602,NJ1345001,0.929003,0.0014987552609821,0.0016132943176525,4,445.0,0,0.0,0.0
34025803700,NJ1340001,4.127084,0.0019021495278924,0.00046089430888551585,3,2116.0,0,0.0,0.0
34025803700,NJ1345001,4.127084,4.109291802022647,0.995688917895213,6242,2116.0,2109,0.9966918714555766,6248.0
34025803800,NJ1345001,9.10356,9.050768939923948,0.9942010532059928,3492,1465.0,1465,1.0,3512.0
34025803900,NJ1345001,4.01962,3.615853220271267,0.8995510073766344,3446,1821.0,1812,0.9950576606260296,3812.0
34025804100,NJ1345001,2.698711,2.430637243860605,0.9006660008650815,2859,1338.0,1326,0.9910313901345292,3146.0
34025804200,NJ1340001,7.024115,0.0015510386930019,0.0002208162441819303,1,2259.0,0,0.0,0.0
34025804200,NJ1345001,7.024115,6.961968588601157,0.9911524211379166,6077,2259.0,2238,0.9907038512616202,6074.0
34025804600,NJ1345001,7.729219,6.529221053878735,0.844745252253654,2875,1319.0,1296,0.982562547384382,3344.0
34025804801,NJ1345001,17.672514,7.947968799370797,0.4497361721920717,3297,1402.0,1321,0.942225392296719,6907.0
34025804801,NJ1352003,17.672514,0.0051518329057059,0.00029151669681551573,2,1402.0,0,0.0,0.0
34025804802,NJ1345001,6.214796,3.6275345704201105,0.5836932653010832,1644,441.0,414,0.9387755102040816,2645.0
34025805001,NJ1345001,2.51494,2.402788593276814,0.955405931464295,5498,796.0,787,0.9886934673366834,5690.0
34025805100,NJ1345001,7.568474,6.967349034249022,0.9205751429216804,3944,1603.0,1586,0.9893948845913912,4239.0
34025805300,NJ1345001,6.398635,6.312346295676078,0.9865145137480226,5803,2298.0,2294,0.9982593559617058,5872.0
34025805400,NJ1345001,2.108715,1.9749136700993473,0.9365484051184476,4036,1196.0,1194,0.9983277591973244,4302.0
34025805500,NJ1345001,1.593076,1.611507406472239,1.011569696908521,4523,1202.0,1199,0.997504159733777,4460.0
34025805600,NJ1345001,0.611362,0.5883098528194173,0.9622937847288796,2413,476.0,470,0.9873949579831932,2476.0
34025805700,NJ1345001,1.022872,0.9857327134602848,0.9636911690419572,3128,1009.0,999,0.9900891972249752,3214.0
34025805800,NJ1345001,1.279834,0.9453696395807544,0.7386658266468578,2684,619.0,591,0.9547657512116317,3470.0
34025805900,NJ1345001,1.461911,1.4234904138046045,0.9737189294044608,5541,1458.0,1449,0.9938271604938272,5656.0
34025806000,NJ1345001,1.882129,1.7887654343832189,0.9503947042860604,4127,894.0,890,0.9955257270693512,4323.0
34025806100,NJ1345001,3.312121,3.266551537453623,0.9862416069502362,3418,1488.0,1486,0.9986559139784946,3461.0
34025806201,NJ1345001,3.066993,3.0327737355645037,0.988842731484716,3994,1110.0,1108,0.9981981981981982,4032.0
34025806202,NJ1345001,4.329974,4.290060666894572,0.9907820848103412,4506,1701.0,1698,0.9982363315696648,4540.0
34025806300,NJ1345001,3.582808,3.3571389567333396,0.9370133584421324,2282,1499.0,1489,0.9933288859239492,2419.0
34025806400,NJ1345001,5.50346,4.80855059056106,0.8737322685294452,4487,2114.0,2107,0.9966887417218544,5118.0
34025806501,NJ1345001,3.186949,3.0662276134931337,0.9621200758133042,3979,687.0,656,0.9548762736535662,3949.0
34025806502,NJ1345001,3.480436,3.234202033202714,0.9292519768220746,3528,654.0,643,0.9831804281345564,3733.0
34025806503,NJ1345001,4.117237,4.013507504041632,0.9748060420232384,3896,1599.0,1599,1.0,3997.0
34025806504,NJ1345001,3.114652,2.2044985563894315,0.7077832632311511,1961,552.0,498,0.9021739130434784,2499.0
34025806600,NJ1345001,5.159988,4.919752943668566,0.9534427102676528,5150,2350.0,2342,0.9965957446808512,5384.0
34025807004,NJ1345001,0.580109,0.4713969772114971,0.8126006960959012,2175,385.0,381,0.9896103896103896,2649.0
34025807005,NJ1345001,0.612321,0.4712582978701725,0.7696262219818893,1864,338.0,321,0.9497041420118344,2300.0
34025807006,NJ1345001,0.658525,0.3455981498327776,0.5248064231924036,1008,336.0,319,0.949404761904762,1824.0
34025807100,NJ1345001,0.921997,0.8856883529220382,0.960619560499696,2295,1068.0,1066,0.99812734082397,2385.0
34025807200,NJ1345001,0.375479,0.3381961440889839,0.9007058825899289,2152,286.0,277,0.9685314685314684,2314.0
34025807300,NJ1345001,0.552623,0.5329012004249332,0.9643123800944464,3269,768.0,764,0.9947916666666666,3372.0
34025807401,NJ1345001,0.51315,0.4803693461960449,0.9361187687733508,1103,731.0,731,1.0,1178.0
34025807402,NJ1345001,0.449902,0.4092523425187702,0.9096477511075082,1709,1026.0,1021,0.9951267056530214,1870.0
34025807500,NJ1345001,1.029585,1.0150447208674298,0.9858775340233492,2946,1083.0,1083,1.0,2988.0
34025807600,NJ1345001,1.168145,1.0330525962262094,0.8843530522548223,3038,951.0,933,0.9810725552050472,3370.0
34025807700,NJ1345001,3.736504,3.449424837134673,0.923169047091793,3527,1106.0,1095,0.9900542495479204,3783.0
34025807800,NJ1345001,3.522949,3.497020762560215,0.9926401893868504,4301,1596.0,1596,1.0,4333.0
34025807900,NJ1345001,4.740104,3.999500225003461,0.8437579059454099,3392,1285.0,1250,0.9727626459143968,3911.0
34025808001,NJ1345001,2.625033,2.446927307045535,0.9321510651658608,3799,1834.0,1824,0.9945474372955287,4053.0
34025808001,NJ1352003,2.625033,2.498190921731293e-06,9.516798157323328e-07,0,1834.0,0,0.0,0.0
34025808002,NJ1345001,3.262574,2.052837116829723,0.6292078330881454,1467,893.0,873,0.9776035834266518,2280.0
34025808002,NJ1352003,3.262574,0.012568553241601,0.0038523427335597,9,893.0,0,0.0,0.0
34025808100,NJ1345001,2.320997,2.223579728734818,0.9580278340449458,4432,1790.0,1783,0.9960893854748604,4608.0
34025808201,NJ1305001,0.971078,0.0004589834517983254,0.00047265353740721694,1,1292.0,0,0.0,0.0
34025808201,NJ1345001,0.971078,0.8719173874321953,0.8978860477038871,2379,1292.0,1282,0.9922600619195048,2629.0
34025808202,NJ1345001,0.609995,0.5306786967060184,0.8699722074869769,1420,731.0,729,0.9972640218878248,1628.0
34025808300,NJ1305001,1.102174,0.9386558867074962,0.851640382287639,1646,1371.0,1363,0.9941648431801604,1922.0
34025808300,NJ1345001,1.102174,0.0001385653230082244,0.00012572000701180063,0,1371.0,0,0.0,0.0
34025808401,NJ1306001,1.224319,0.9592706211837908,0.7835136277259365,1691,1123.0,1110,0.9884238646482636,2133.0
34025808402,NJ1306001,1.482618,1.2287050917466604,0.8287401689084177,3107,1970.0,1959,0.9944162436548224,3728.0
34025808402,NJ1347001,1.482618,1.0795254360884427e-05,7.281210912645352e-06,0,1970.0,0,0.0,0.0
34025808402,NJ1352003,1.482618,0.0005173000446710503,0.0003489098639508291,1,1970.0,0,0.0,0.0
34025808501,NJ1349001,5.036907,1.7785353269428017e-06,3.531006879703758e-07,0,1604.0,0,0.0,0.0
34025808501,NJ1352003,5.036907,4.393734466082748,0.8723080386599847,3113,1604.0,1581,0.9856608478802992,3518.0
34025808502,NJ1306001,1.810636,0.0014967555488683,0.0008266462993491345,2,1466.0,0,0.0,0.0
34025808502,NJ1349001,1.810636,0.0027217150708051,0.0015031817940243,4,1466.0,0,0.0,0.0
34025808502,NJ1352003,1.810636,1.7853910510501725,0.9860574135553324,2898,1466.0,1462,0.9972714870395636,2931.0
34025808600,NJ1345001,36.398505,0.0082702482270921,0.0002272139536250785,1,2704.0,0,0.0,0.0
34025808600,NJ1352003,36.398505,29.880966561034363,0.8209393919072875,5032,2704.0,2591,0.9582100591715976,5874.0
34025808701,NJ1352003,14.643571,14.513642867383146,0.9911272917912676,5080,1843.0,1838,0.9972870320130224,5111.0
34025808702,NJ1308001,17.521522,0.0016056439313627,9.16383822913772e-05,0,2054.0,0,0.0,0.0
34025808702,NJ1352003,17.521522,14.772951545314552,0.8431317522139088,3590,2054.0,2001,0.9741966893865628,4148.0
34025808702,NJ1352005,17.521522,0.5580332286126461,0.0318484449360418,136,2054.0,11,0.0053554040895813,23.0
34025808702,NJ1506001,17.521522,0.0127267491125464,0.0007263495210374092,3,2054.0,1,0.0004868549172346641,2.0
34025808800,NJ1308001,3.99577,0.0018144144552797,0.0004540838074463015,2,1990.0,3,0.0015075376884422,7.0
34025808800,NJ1327001,3.99577,0.0734104204238779,0.0183720335314289,83,1990.0,58,0.029145728643216,131.0
34025808800,NJ1344001,3.99577,0.0012872141254149,0.0003221441988440097,1,1990.0,0,0.0,0.0
34025808800,NJ1349001,3.99577,0.0023259953292794,0.0005821144183172314,3,1990.0,0,0.0,0.0
34025808800,NJ1352003,3.99577,3.6531089455193233,0.9142440494621372,4118,1990.0,1912,0.9608040201005024,4327.0
34025808901,NJ1348001,2.32972,3.449119338393212e-05,1.4804866414819e-05,0,1307.0,0,0.0,0.0
34025808901,NJ1349001,2.32972,2.3084042683655723,0.9908505178156912,2404,1307.0,1305,0.9984697781178272,2422.0
34025808901,NJ1352003,2.32972,0.0012066960370265,0.0005179575386855629,1,1307.0,0,0.0,0.0
34025808902,NJ1349001,1.023636,1.008290728663409,0.9850090546477548,2427,778.0,775,0.9961439588688946,2454.0
34025808902,NJ1352003,1.023636,0.0030822622035853,0.0030110920323096,7,778.0,2,0.0025706940874035,6.0
34025809000,NJ1306001,0.651943,0.0109352364003034,0.0167733013473622,28,1047.0,1,0.0009551098376313276,2.0
34025809000,NJ1347001,0.651943,0.6179627218796723,0.9478784523795366,1609,1047.0,1046,0.9990448901623686,1695.0
34025809000,NJ1348001,0.651943,0.00025427445911651013,0.0003900255990424165,1,1047.0,0,0.0,0.0
34025809000,NJ1352003,0.651943,0.0070271360879548,0.0107787584005884,18,1047.0,0,0.0,0.0
34025809100,NJ1347001,3.451114,0.0004271310658529401,0.00012376614213640584,0,2793.0,0,0.0,0.0
34025809100,NJ1348001,3.451114,2.766949162659599,0.8017553644010598,2236,2793.0,2739,0.9806659505907628,2735.0
34025809100,NJ1352003,3.451114,0.0002395415600836277,6.940992389229325e-05,0,2793.0,0,0.0,0.0
34025809200,NJ1327001,2.746249,9.27385894946492e-05,3.3769184620421965e-05,0,2082.0,0,0.0,0.0
34025809200,NJ1344001,2.746249,1.9091893373885451,0.6951989194674427,1297,2082.0,2019,0.9697406340057636,1810.0
34025809200,NJ1348001,2.746249,0.0005448435687320307,0.0001983955456085849,0,2082.0,0,0.0,0.0
34025809200,NJ1352003,2.746249,0.00018792007716465745,6.842790918254587e-05,0,2082.0,0,0.0,0.0
34025809301,NJ1308001,1.670111,0.0019821926720788,0.0011868628325176,4,1460.0,0,0.0,0.0
34025809301,NJ1327001,1.670111,1.645244752806372,0.9851110212473136,3172,1460.0,1455,0.9965753424657534,3209.0
34025809301,NJ1344001,1.670111,0.0003119193830788136,0.0001867656599344676,1,1460.0,0,0.0,0.0
34025809301,NJ1352003,1.670111,0.0052248814650624,0.0031284635961696,10,1460.0,1,0.0006849315068493151,2.0
34025809302,NJ1327001,1.903517,1.8479578932959149,0.9708123926899076,2639,2191.0,2190,0.9995435874030124,2717.0
34025809302,NJ1344001,1.903517,0.0045887204457521,0.0024106537770622,7,2191.0,0,0.0,0.0
34025809400,NJ1308001,4.546762,4.467515444146747,0.9825707710556978,4895,2157.0,2148,0.995827538247566,4961.0
34025809400,NJ1327001,4.546762,0.005743718042945,0.0012632546068927,6,2157.0,0,0.0,0.0
34025809400,NJ1352003,4.546762,0.0086300017677275,0.001898054432523,9,2157.0,0,0.0,0.0
34025809503,NJ1328002,14.977785,12.87820520748943,0.8598204078566644,6158,2201.0,2034,0.9241253975465696,6619.0
34025809503,NJ1329001,14.977785,0.1233132617616384,0.0082330773049311,59,2201.0,47,0.0213539300318037,153.0
34025809503,NJ1330004,14.977785,0.0002776456972097512,1.8537166691186396e-05,0,2201.0,0,0.0,0.0
34025809503,NJ1345001,14.977785,0.0076545446982529,0.0005110598595355012,4,2201.0,1,0.00045433893684688776,3.0
34025809504,NJ1326001,13.398836,0.0037665317581976,0.00028110887827850376,1,895.0,0,0.0,0.0
34025809504,NJ1328002,13.398836,11.62924083043032,0.8679291865674243,2235,895.0,789,0.8815642458100559,2270.0
34025809504,NJ1345001,13.398836,0.0032664138061316,0.00024378340074702036,1,895.0,0,0.0,0.0
34025809505,NJ1326001,7.629767,0.0010826151369423,0.00014189360395177998,1,1208.0,0,0.0,0.0
34025809505,NJ1328002,7.629767,7.60725706403182,0.9970497217060258,4878,1208.0,1208,1.0,4892.0
34025809506,NJ1328002,6.03244,5.842242661665259,0.9684709108860194,3517,611.0,610,0.9983633387888708,3625.0
34025809600,NJ1326001,9.513025,0.0026350317814651,0.0002769919958651536,2,1452.0,0,0.0,0.0
34025809600,NJ1328002,9.513025,9.21129330226322,0.9682822553565474,6847,1452.0,1451,0.9993112947658402,7066.0
34025809701,NJ1316001,14.07632,0.0040999841533304,0.0002912681832560244,2,1942.0,0,0.0,0.0
34025809701,NJ1326001,14.07632,12.759564047153344,0.9064559520637032,4981,1942.0,1897,0.9768280123583934,5368.0
34025809701,NJ1328002,14.07632,0.6343880428974535,0.0450677480262919,248,1942.0,15,0.0077239958805355,42.0
34025809703,NJ1326001,4.811037,2.3377268849547153,0.4859091470206351,2250,1837.0,1154,0.628198149156233,2909.0
34025809703,NJ1328002,4.811037,2.3796293628202414,0.4946188031437383,2290,1837.0,683,0.371801850843767,1721.0
34025809704,NJ1316001,8.14202,0.0094236965395972,0.0011574150566563,7,1669.0,0,0.0,0.0
34025809704,NJ1326001,8.14202,7.778388490912327,0.9553389074102404,5776,1669.0,1669,1.0,6046.0
34025809901,NJ1316001,23.080728,0.00036414324510097504,1.577693931928729e-05,0,2251.0,0,0.0,0.0
34025809901,NJ1326001,23.080728,0.0207667447189646,0.0008997439213773781,5,2251.0,0,0.0,0.0
34025809901,NJ1328002,23.080728,0.0055345243263449,0.000239789850924327,1,2251.0,0,0.0,0.0
34025809901,NJ1345001,23.080728,0.000359232243347913,1.5564164325662214e-05,0,2251.0,0,0.0,0.0
34025809902,NJ1309002,37.69961,0.2935725967852042,0.0077871520895097,36,2300.0,220,0.0956521739130434,441.0
34025809902,NJ1309415,37.69961,0.0536902114538978,0.0014241582725629,7,2300.0,1,0.0004347826086956522,2.0
34025809902,NJ1316001,37.69961,0.0033103364685624,8.780824174474152e-05,0,2300.0,0,0.0,0.0
34025809902,NJ1345001,37.69961,0.0913438942262825,0.0024229400311112,11,2300.0,14,0.0060869565217391,28.0
34025809903,NJ1309001,18.771783,1.0077630387685002,0.053684992990197,10,158.0,66,0.4177215189873418,81.0
34025810001,NJ1312001,7.173228,0.0009304142839945852,0.0001297064981058159,1,1611.0,0,0.0,0.0
34025810001,NJ1326001,7.173228,7.149287239325749,0.9966624843551256,5987,1611.0,1606,0.9968963376784604,5988.0
34025810001,NJ1326004,7.173228,0.0373538466338732,0.005207397092895,31,1611.0,3,0.0018621973929236,11.0
34025810001,NJ1328002,7.173228,1.869591323984787e-05,2.6063458794071328e-06,0,1611.0,0,0.0,0.0
34025810002,NJ1326001,2.89048,2.5281176896183313,0.8746359392275094,3387,484.0,481,0.993801652892562,3849.0
34025810002,NJ1328002,2.89048,0.0177698678227066,0.0061477221162944,24,484.0,0,0.0,0.0
34025810003,NJ1326001,5.361061,5.362090008095739,1.000191941128023,5448,1475.0,1475,1.0,5447.0
34025810004,NJ1312001,5.982529,4.4180950665846467e-05,7.384995654153363e-06,0,1394.0,0,0.0,0.0
34025810004,NJ1326001,5.982529,5.982592975931633,1.0000106937938174,4064,1394.0,1394,1.0,4064.0
34025810101,NJ1316001,4.614966,0.0011911572458862,0.0002581074802904895,1,1406.0,0,0.0,0.0
34025810101,NJ1326001,4.614966,4.614549952738933,0.9999098482500052,4171,1406.0,1406,1.0,4171.0
34025810101,NJ1328002,4.614966,0.0009744178517460824,0.00021114301855010035,1,1406.0,0,0.0,0.0
34025810102,NJ1316001,7.272818,0.0007956882917881012,0.00010940577528381723,0,1262.0,0,0.0,0.0
34025810102,NJ1326001,7.272818,7.040513812287795,0.9680585726588778,4063,1262.0,1250,0.9904912836767036,4157.0
34025810201,NJ1312001,25.772854,0.001162182297687,4.5093271303482586e-05,0,2354.0,0,0.0,0.0
34025810201,NJ1316001,25.772854,0.4704442174595052,0.0182534777661606,115,2354.0,39,0.0165675446049277,105.0
34025810201,NJ1326001,25.772854,1.188641873156395,0.0461199164499358,292,2354.0,59,0.0250637213254035,159.0
34025810201,NJ1326002,25.772854,6.782729121974541,0.2631733808748748,1665,2354.0,919,0.3903993203058624,2469.0
34025810201,NJ1326005,25.772854,0.3050832951702215,0.0118373888732005,75,2354.0,62,0.0263381478334749,167.0
34025810202,NJ1213002,20.318125,0.0224434006956637,0.0011045999911735,8,1972.0,0,0.0,0.0
34025810202,NJ1312001,20.318125,0.0134887384018319,0.0006638771245787686,5,1972.0,0,0.0,0.0
34025810202,NJ1326001,20.318125,0.6207958290671921,0.0305537951492665,208,1972.0,58,0.0294117647058823,201.0
34025810202,NJ1326002,20.318125,4.791119459124638,0.2358051965486302,1608,1972.0,1364,0.691683569979716,4718.0
34025810202,NJ1326005,20.318125,0.6187482375904676,0.0304530185531621,208,1972.0,25,0.0126774847870182,86.0
34025810202,NJ1326007,20.318125,0.2815758504994735,0.0138583580177537,95,1972.0,87,0.0441176470588235,301.0
34025810300,NJ1312001,1.475861,1.4733642798931652,0.9983082958985738,2342,634.0,630,0.9936908517350158,2331.0
34025810300,NJ1326001,1.475861,0.00029328312814235684,0.00019872002047778,0,634.0,0,0.0,0.0
34025810401,NJ1315001,11.471405,0.9851324717080636,0.0858772287882838,355,1617.0,151,0.0933828076685219,386.0
34025810401,NJ1316001,11.471405,9.016632316074274,0.7860094135002882,3253,1617.0,1438,0.8893011750154607,3680.0
34025810401,NJ1326001,11.471405,0.0075788029525421,0.000660669111808204,3,1617.0,0,0.0,0.0
34025810402,NJ1315001,12.538756,0.2120053693463711,0.0169080066113712,134,2494.0,28,0.0112269446672012,89.0
34025810402,NJ1316001,12.538756,11.814039621961337,0.9422018916359276,7475,2494.0,2441,0.9787489975942262,7765.0
34025810402,NJ1326001,12.538756,0.0070158072251201,0.0005595297671571355,4,2494.0,0,0.0,0.0
34025810501,NJ1315001,8.633488,0.3915065325992308,0.0453474346172984,176,1126.0,85,0.0754884547069271,293.0
34025810501,NJ1316001,8.633488,5.0389325389391555,0.5836496835275795,2264,1126.0,951,0.844582593250444,3276.0
34025810503,NJ1316001,6.101694,5.373492402381635,0.8806558313775872,3752,784.0,776,0.9897959183673468,4218.0
34025810503,NJ1326002,6.101694,0.0003107408888339996,5.092698664239793e-05,0,784.0,0,0.0,0.0
34025810504,NJ1316001,5.771297,4.944404013447823,0.8567231964405615,3712,1195.0,1169,0.9782426778242678,4239.0
34025810505,NJ1316001,5.119556,5.130471265274949,1.0021320726396876,3741,1211.0,1211,1.0,3733.0
34025810600,NJ1316001,50.475274,49.43541667201832,0.9793986788861874,6945,2601.0,2589,0.9953863898500576,7058.0
34025810600,NJ1345001,50.475274,0.0068380515045631,0.0001354732914290497,1,2601.0,0,0.0,0.0
34025810600,NJ1511001,50.475274,0.0012517526798769,2.4799324118121344e-05,0,2601.0,0,0.0,0.0
34025810700,NJ1315001,1.172843,1.1725178205152869,0.9997227425284432,2010,686.0,686,1.0,2011.0
34025810700,NJ1316001,1.172843,0.0003291057979694015,0.0002806051602553807,1,686.0,0,0.0,0.0
34025810800,NJ1315001,1.156959,1.1569560970117765,0.999997490846068,4018,787.0,787,1.0,4018.0
34025810900,NJ1315001,1.483938,1.4588570272758992,0.9830983688509218,2891,1044.0,1044,1.0,2941.0
34025810900,NJ1316001,1.483938,0.001237753774509,0.0008341007336620975,2,1044.0,0,0.0,0.0
34025811000,NJ1315001,1.190728,1.144799812688392,0.9614284813058834,3430,817.0,812,0.9938800489596084,3546.0
34025811000,NJ1316001,1.190728,0.0015812594564408,0.0013279770497047,5,817.0,0,0.0,0.0
34025811101,NJ1316001,7.367882,0.0224905288914739,0.0030525093767074,17,1684.0,19,0.0112826603325415,65.0
34025811101,NJ1345001,7.367882,4.280790405532647,0.5810069169854576,3326,1684.0,1581,0.938836104513064,5374.0
34025811102,NJ1314001,48.955696,0.0395520587370377,0.0008079153595740463,6,3579.0,7,0.0019558535903883,14.0
34025811102,NJ1316001,48.955696,0.0139783364093005,0.0002855303376608219,2,3579.0,1,0.0002794076557697681,2.0
34025811102,NJ1319003,48.955696,0.0530242111318099,0.0010831060625061,8,3579.0,106,0.0296172115115954,215.0
34025811102,NJ1345001,48.955696,10.453670011911209,0.2135332732663264,1551,3579.0,1841,0.5143894942721431,3737.0
34025811200,NJ1345001,33.593921,4.457197858787979,0.1326787027566082,796,2887.0,856,0.2965015587114651,1779.0
34025811301,NJ1316001,9.046112,0.0015163297745066,0.0001676222640739669,1,2175.0,0,0.0,0.0
34025811301,NJ1319010,9.046112,0.0654382178681315,0.0072338500637767,47,2175.0,112,0.0514942528735632,337.0
34025811301,NJ1345001,9.046112,3.8845419325289128,0.4294156354165095,2811,2175.0,1462,0.672183908045977,4399.0
34025811303,NJ1345001,4.458495,3.546364492198396,0.7954173980678224,3567,1603.0,1585,0.9887710542732376,4434.0
34025811303,NJ1511001,4.458495,0.00016633561282255685,3.730756966701922e-05,0,1603.0,0,0.0,0.0
34025811304,NJ1345001,6.456439,2.180086733413534,0.3376608581624536,1272,1352.0,998,0.7381656804733728,2780.0
34025811304,NJ1511001,6.456439,0.00023122127372957765,3.581250806049243e-05,0,1352.0,0,0.0,0.0
34025811401,NJ1345001,4.150241,3.8078916150018784,0.9175109626168404,5174,1871.0,1846,0.98663816141101,5564.0
34025811402,NJ1345001,2.919456,2.824628001004966,0.9675186065503184,3649,1161.0,1152,0.992248062015504,3742.0
34025811501,NJ1345001,6.793318,0.027605186666429,0.0040635793387603,26,2186.0,5,0.0022872827081427,15.0
34025811501,NJ1352003,6.793318,0.0022342692757435,0.0003288921960879104,2,2186.0,0,0.0,0.0
34025811501,NJ1506001,6.793318,3.898045603676375,0.5738058491706667,3716,2186.0,1867,0.854071363220494,5531.0
34025811501,NJ1514002,6.793318,0.0011589153463438,0.0001705963634182629,1,2186.0,0,0.0,0.0
34025811502,NJ1314001,32.359075,0.3327939973933677,0.0102844100887731,40,1883.0,44,0.0233669676048858,90.0
34025811502,NJ1319008,32.359075,0.0302863084071464,0.0009359448132292552,4,1883.0,50,0.0265533722782793,103.0
34025811502,NJ1319009,32.359075,0.070133832263427,0.0021673620850851,8,1883.0,73,0.0387679235262878,150.0
34025811502,NJ1345001,32.359075,4.727747098834506,0.1461026651359628,565,1883.0,862,0.4577801380775358,1770.0
34025811502,NJ1506001,32.359075,0.0260129998221322,0.000803885766887103,3,1883.0,4,0.0021242697822623,8.0
34025811502,NJ1514002,32.359075,1.6221795545425264e-05,5.013059101789921e-07,0,1883.0,0,0.0,0.0
34025811600,NJ1314001,1.347873,0.9665739220469804,0.7171105304780052,1079,570.0,533,0.9350877192982456,1406.0
34025811900,NJ1103001,120.37173,1.4552457710420843,0.012089597541234,88,4180.0,560,0.1339712918660287,974.0
34025811900,NJ1302001,120.37173,0.0091533996465947,7.604276890092632e-05,1,4180.0,0,0.0,0.0
34025811900,NJ1341001,120.37173,0.0007743982025813311,6.433389323068889e-06,0,4180.0,0,0.0,0.0
34025811900,NJ1523003,120.37173,0.00020377075481414796,1.692845610959882e-06,0,4180.0,0,0.0,0.0
34025812000,NJ1103001,1.544107,0.0097006971315124,0.0062823995561916,11,769.0,3,0.0039011703511053,7.0
34025812000,NJ1302001,1.544107,1.5393485613686515,0.9969183232565176,1729,769.0,769,1.0,1734.0
34025812100,NJ1331001,9.550368,1.32152977615772,0.1383747491361296,201,807.0,7,0.0086741016109045,13.0
34025812100,NJ1345001,9.550368,1.4884025345322798,0.1558476630986659,227,807.0,638,0.7905824039653035,1150.0
34025812200,NJ1345001,5.782096,4.156551217439581,0.718865826067153,2748,1417.0,1269,0.8955539872971066,3424.0
34025812300,NJ1340001,5.852455,0.0049420811747982,0.0008444458222742929,4,1797.0,0,0.0,0.0
34025812300,NJ1345001,5.852455,5.577861729288004,0.9530806694435076,5013,1797.0,1677,0.9332220367278798,4909.0
34025812300,NJ1346001,5.852455,0.2518937079073967,0.0430406911129426,226,1797.0,106,0.0589872008903728,310.0
34025812400,NJ1345001,4.798642,4.595943228159965,0.9577591385562758,2322,2437.0,2389,0.980303652031186,2376.0
34025812501,NJ1316001,49.031943,0.0101927105331372,0.0002078789847903289,1,2910.0,0,0.0,0.0
34025812501,NJ1332314,49.031943,0.0234790207268074,0.0004788515259696604,3,2910.0,1,0.0003436426116838488,2.0
34025812502,NJ1101002,50.80477,0.0007943293729573488,1.5634936895833775e-05,0,2254.0,0,0.0,0.0
34025812502,NJ1213002,50.80477,0.0003103661765679717,6.108996784513968e-06,0,2254.0,0,0.0,0.0
34025812502,NJ1341001,50.80477,2.0944667124760517,0.0412257886902362,207,2254.0,288,0.1277728482697426,640.0
34025812600,NJ1345001,9.541913,7.369608908235783,0.7723408197324565,4351,1938.0,1746,0.9009287925696594,5076.0
34025812600,NJ1346001,9.541913,0.0011900354532819,0.00012471665307385582,1,1938.0,0,0.0,0.0
34027040101,NJ1416001,7.575226,3.504899253946571,0.4626791667927228,1901,1304.0,1109,0.8504601226993865,3494.0
34027040101,NJ1416004,7.575226,0.931860252666286,0.1230141850112836,505,1304.0,141,0.1081288343558282,444.0
34027040101,NJ1421003,7.575226,4.207049217299681,0.5553694658482375,2281,1304.0,202,0.1549079754601227,636.0
34027040101,NJ1431001,7.575226,1.6898123380564357e-05,2.2307088106103182e-06,0,1304.0,0,0.0,0.0
34027040101,NJ1614001,7.575226,0.0002067229677659925,2.728934658398212e-05,0,1304.0,0,0.0,0.0
34027040102,NJ1416001,8.994947,5.544661371530647,0.616419571069251,4196,1668.0,1651,0.9898081534772182,6738.0
34027040102,NJ1421003,8.994947,1.5825510248146504,0.1759377820474818,1198,1668.0,491,0.2943645083932854,2004.0
34027040102,NJ1614001,8.994947,0.0076095412563869,0.0008459795545640209,6,1668.0,0,0.0,0.0
34027040200,NJ1416001,7.245521,0.00030074815737386236,4.150814791287781e-05,0,2931.0,0,0.0,0.0
34027040200,NJ1431001,7.245521,6.039402771197518,0.8335360246968463,5936,2931.0,2834,0.9669054930058,6885.0
34027040200,NJ1609001,7.245521,0.0006137877776443493,8.471271805634809e-05,1,2931.0,0,0.0,0.0
34027040200,NJ1614001,7.245521,0.0006102887632031924,8.422979702952934e-05,1,2931.0,0,0.0,0.0
34027040301,NJ1416004,7.215058,0.0003279409785442986,4.545229969659268e-05,0,828.0,0,0.0,0.0
34027040301,NJ1421003,7.215058,0.0015452913539081,0.0002141758741105248,1,828.0,0,0.0,0.0
34027040301,NJ1431001,7.215058,5.284213925501011,0.732386894949564,3263,828.0,804,0.9710144927536232,4326.0
34027040301,NJ1431002,7.215058,0.5718188952148929,0.0792535410269595,353,828.0,23,0.0277777777777777,124.0
34027040302,NJ1416001,3.116591,0.0023973236999986,0.0007692134450746567,3,1465.0,0,0.0,0.0
34027040302,NJ1431001,3.116591,3.105930095250516,0.996579305802563,3981,1465.0,1465,1.0,3995.0
34027040400,NJ1403001,5.247885,0.002813290274838,0.0005360807782255213,2,1173.0,0,0.0,0.0
34027040400,NJ1431001,5.247885,0.0008526261771358549,0.00016247043849776718,1,1173.0,0,0.0,0.0
34027040400,NJ1431002,5.247885,0.002965966637633,0.0005651737104820495,2,1173.0,0,0.0,0.0
34027040400,NJ1433001,5.247885,2.4226941616895066,0.4616515342255988,1896,1173.0,894,0.7621483375959079,3130.0
34027040400,NJ1609001,5.247885,0.0016961066498902,0.00032319813599007593,1,1173.0,0,0.0,0.0
34027040500,NJ1403001,1.64313,1.5990850879731109,0.9731945055918344,3524,627.0,627,1.0,3621.0
34027040500,NJ1601001,1.64313,0.0071173780717124,0.0043315976652561,16,627.0,0,0.0,0.0
34027040600,NJ1403001,3.624116,3.5921141375841388,0.9911697466593616,4387,823.0,823,1.0,4426.0
34027040600,NJ1415002,3.624116,0.0001582079868649598,4.3654228193843635e-05,0,823.0,0,0.0,0.0
34027040600,NJ1601001,3.624116,0.0012703895705267,0.0003505377781855702,2,823.0,0,0.0,0.0
34027040701,NJ1403001,21.940555,0.6394833847302809,0.0291461808842247,166,2087.0,89,0.0426449448969813,242.0
34027040701,NJ1415001,21.940555,5.717448373236836,0.2605881379589913,1480,2087.0,995,0.4767609008145663,2708.0
34027040701,NJ1415002,21.940555,1.7997809609063775,0.0820298739437711,466,2087.0,219,0.1049353138476281,596.0
34027040701,NJ1416004,21.940555,0.0040340157660245,0.0001838611541970834,1,2087.0,0,0.0,0.0
34027040701,NJ1421003,21.940555,5.955301555012672,0.2714289385575101,1541,2087.0,384,0.1839961667465261,1045.0
34027040701,NJ1431001,21.940555,0.0002807873522240661,1.2797641273161329e-05,0,2087.0,0,0.0,0.0
34027040701,NJ1431002,21.940555,9.20331660338852e-05,4.194659890503463e-06,0,2087.0,0,0.0,0.0
34027040701,NJ1433001,21.940555,3.926825107634068e-05,1.7897565069042549e-06,0,2087.0,0,0.0,0.0
34027040702,NJ1403001,24.755574,0.00018170532715914303,7.3399763285288015e-06,0,1027.0,0,0.0,0.0
34027040702,NJ1415002,24.755574,0.1910511320987371,0.0077174995861027,33,1027.0,28,0.0272638753651411,117.0
34027040801,NJ1401001,22.0686,0.022588458009541,0.0010235564562111,5,1960.0,15,0.0076530612244897,40.0
34027040801,NJ1415001,22.0686,1.2282006876775997e-06,5.56537654258811e-08,0,1960.0,0,0.0,0.0
34027040801,NJ1416004,22.0686,1.8191336734162186e-08,8.243085983778844e-10,0,1960.0,0,0.0,0.0
34027040801,NJ1421003,22.0686,18.3556716533872,0.8317551477387419,4295,1960.0,1856,0.946938775510204,4890.0
34027040803,NJ1410001,10.513624,0.000130706535320729,1.2432110499741004e-05,0,1972.0,0,0.0,0.0
34027040803,NJ1421003,10.513624,6.638376768647588,0.6314070931819121,4583,1972.0,1622,0.8225152129817445,5970.0
34027040803,NJ1429001,10.513624,0.0074488722653329,0.000708497114347341,5,1972.0,0,0.0,0.0
34027040804,NJ1401001,5.267427,0.0116577176917143,0.0022131711918768,9,990.0,12,0.0121212121212121,47.0
34027040804,NJ1421003,5.267427,5.096562689235472,0.9675620923148004,3721,990.0,979,0.9888888888888888,3803.0
34027040804,NJ1429001,5.267427,0.0003796023843586445,7.206599813507516e-05,0,990.0,0,0.0,0.0
34027040805,NJ1416001,10.394307,0.0153293782338268,0.0014747859798471,9,2090.0,1,0.0004784688995215311,3.0
34027040805,NJ1421003,10.394307,10.093208812518457,0.9710323942248826,6003,2090.0,2050,0.9808612440191388,6064.0
34027040805,NJ1421305,10.394307,0.0028620040097162,0.00027534341728757965,2,2090.0,1,0.0004784688995215311,3.0
34027040900,NJ1401001,21.059387,0.7273797619892023,0.0345394555876295,151,1809.0,150,0.0829187396351575,363.0
34027040900,NJ1401002,21.059387,0.6161485593221554,0.029257668294056,128,1809.0,163,0.0901050304035378,395.0
34027040900,NJ1408001,21.059387,0.0202038253122958,0.00095937385605269,4,1809.0,5,0.0027639579878385,12.0
34027040900,NJ1421003,21.059387,0.00036387686628333175,1.7278606745929106e-05,0,1809.0,0,0.0,0.0
34027040900,NJ1425001,21.059387,0.0003440827817005338,1.6338689331296005e-05,0,1809.0,0,0.0,0.0
34027041000,NJ1401001,4.012305,3.3384420960869665,0.8320509273564614,4321,1887.0,1869,0.9904610492845788,5143.0
34027041000,NJ1421003,4.012305,8.298365763761102e-05,2.0682290513211492e-05,0,1887.0,0,0.0,0.0
34027041000,NJ1429001,4.012305,6.477619818598033e-05,1.6144385380966885e-05,0,1887.0,0,0.0,0.0
34027041100,NJ1401001,2.036485,1.9356306561724272,0.950476264825141,3443,1211.0,1200,0.990916597853014,3589.0
34027041100,NJ1401002,2.036485,2.8179797537624835e-05,1.3837468745227603e-05,0,1211.0,0,0.0,0.0
34027041100,NJ1425001,2.036485,0.003843516810432,0.0018873288094103,7,1211.0,0,0.0,0.0
34027041200,NJ1401001,6.840438,0.0219978492303737,0.0032158539015153,14,1495.0,6,0.0040133779264214,18.0
34027041200,NJ1425001,6.840438,6.8932972921100015,1.0077274718534108,4507,1495.0,1418,0.948494983277592,4242.0
34027041200,NJ1429001,6.840438,0.0342289874388302,0.0050039175033572,22,1495.0,8,0.0053511705685618,24.0
34027041300,NJ1408001,12.438043,12.413616162579142,0.9980361189118852,4989,1793.0,1741,0.9709983268265476,4854.0
34027041300,NJ1425001,12.438043,0.0015585315002202,0.00012530359480348292,1,1793.0,0,0.0,0.0
34027041300,NJ1434001,12.438043,0.0008686855792365968,6.984101753279008e-05,0,1793.0,0,0.0,0.0
34027041400,NJ1408001,6.174743,5.7997834058194835,0.9392752711844822,5380,2324.0,2261,0.9728915662650602,5573.0
34027041400,NJ1425001,6.174743,6.163414120906964e-06,9.98165287349929e-07,0,2324.0,0,0.0,0.0
34027041400,NJ1434001,6.174743,0.0003537491000459995,5.728968801551733e-05,0,2324.0,1,0.0004302925989672978,2.0
34027041500,NJ1408001,12.446,11.912989352906113,0.9571741405195332,6107,2090.0,2066,0.9885167464114832,6307.0
34027041500,NJ1429001,12.446,0.0086862717777879,0.0006979167425508535,4,2090.0,1,0.0004784688995215311,3.0
34027041602,NJ1425001,4.382206,0.0002763541974425316,6.306280385781308e-05,0,1123.0,0,0.0,0.0
34027041602,NJ1429001,4.382206,4.295990152016848,0.9803259253482944,2918,1123.0,1116,0.993766696349065,2958.0
34027041603,NJ1425001,4.445538,0.0055722391669294,0.0012534454023178,6,1057.0,0,0.0,0.0
34027041603,NJ1429001,4.445538,3.3103817684929155,0.7446526761199467,3300,1057.0,1038,0.9820245979186376,4351.0
34027041604,NJ1429001,5.644438,5.514169371682492,0.9769208859557836,4760,1747.0,1747,1.0,4872.0
34027041605,NJ1408001,8.189523,0.0025908942864537,0.0003163669344910219,1,995.0,1,0.0010050251256281,4.0
34027041605,NJ1424001,8.189523,0.0167207290563253,0.0020417219728579,9,995.0,0,0.0,0.0
34027041605,NJ1429001,8.189523,6.445721912046887,0.7870692727826624,3321,995.0,937,0.941708542713568,3973.0
34027041606,NJ1424001,1.875976,0.0016198821635134,0.0008634876797536018,3,341.0,0,0.0,0.0
34027041606,NJ1429001,1.875976,1.809343389614768,0.9644810965677428,3774,341.0,338,0.9912023460410556,3879.0
34027041701,NJ1429001,1.591752,1.5886510747659204,0.9980518791657998,6467,1285.0,1284,0.9992217898832684,6475.0
34027041702,NJ1421003,1.17778,0.0535339784845264,0.0454532921976315,157,1307.0,15,0.0114766641162968,40.0
34027041702,NJ1429001,1.17778,1.1535369939324656,0.979416354440104,3394,1307.0,1305,0.9984697781178272,3460.0
34027041704,NJ1410001,5.390388,0.00012317821093928068,2.2851455394172125e-05,0,1118.0,0,0.0,0.0
34027041704,NJ1421003,5.390388,6.978001689637313e-05,1.2945267928092216e-05,0,1118.0,0,0.0,0.0
34027041704,NJ1429001,5.390388,4.682559090572104,0.8686868348942792,4202,1118.0,1112,0.9946332737030412,4811.0
34027041705,NJ1429001,1.600373,1.2365130501026635,0.7726405344895618,1246,529.0,506,0.9565217391304348,1543.0
34027041706,NJ1421003,5.007741,2.886505899950862e-07,5.764087839109215e-08,0,735.0,0,0.0,0.0
34027041706,NJ1429001,5.007741,2.7141376820040706,0.5419884299136218,3375,735.0,703,0.9564625850340136,5956.0
34027041801,NJ1429001,1.294387,1.140357561760298,0.8810020200761426,2535,530.0,525,0.9905660377358492,2850.0
34027041802,NJ1424001,4.480044,0.0035852292211837,0.0008002665199680605,4,1983.0,0,0.0,0.0
34027041802,NJ1429001,4.480044,3.0630335613809714,0.6837061335515837,3527,1983.0,1937,0.9768028240040344,5039.0
34027041803,NJ1424001,16.120375,0.0043364066754728,0.00026900160048837896,1,1661.0,0,0.0,0.0
34027041803,NJ1429001,16.120375,7.497395023252863,0.46508812749411,2368,1661.0,1613,0.971101745936183,4945.0
34027041901,NJ1410001,9.949138,8.432675802527761,0.8475785341933906,5105,2405.0,2405,1.0,6023.0
34027041901,NJ1424001,9.949138,0.0016768242296512,0.00016853964932954393,1,2405.0,0,0.0,0.0
34027041901,NJ1429001,9.949138,0.001885599646572,0.0001895239212253381,1,2405.0,0,0.0,0.0
34027041902,NJ0710001,10.44655,0.0002495458697080612,2.3887873959159836e-05,0,1911.0,0,0.0,0.0
34027041902,NJ1410001,10.44655,8.358798821429053,0.8001492187783578,4066,1911.0,1803,0.9434850863422292,4795.0
34027041902,NJ1411001,10.44655,0.0079519298091902,0.0007612015267423413,4,1911.0,2,0.0010465724751439,5.0
34027041902,NJ1424001,10.44655,0.0016148339984081,0.0001545806030132589,1,1911.0,0,0.0,0.0
34027042000,NJ1410001,9.631974,0.0007057213741019368,7.326861286190523e-05,0,1832.0,0,0.0,0.0
34027042000,NJ1424001,9.631974,8.030112199268805,0.8336933010065024,3833,1832.0,1771,0.9667030567685588,4445.0
34027042000,NJ1429001,9.631974,0.0054302632039864,0.0005637746949884255,3,1832.0,0,0.0,0.0
34027042100,NJ1410001,9.335539,0.013260087435428,0.0014203879856779,6,1346.0,0,0.0,0.0
34027042100,NJ1424001,9.335539,7.377210327321327,0.7902286442508919,3298,1346.0,1335,0.9918276374442794,4139.0
34027042200,NJ1424001,8.266352,7.295979765510358,0.8826117936316236,5213,1979.0,1961,0.9909044972208186,5852.0
34027042301,NJ1424001,1.592589,1.5933647979434304,1.0004871300400986,2525,1046.0,1043,0.997131931166348,2517.0
34027042302,NJ1424001,5.021004,4.571077066400607,0.910391042588416,3304,1184.0,1160,0.9797297297297296,3555.0
34027042302,NJ1429001,5.021004,0.0122669381169904,0.002443124545806,9,1184.0,1,0.0008445945945945946,3.0
34027042500,NJ1411001,3.0354,2.9430050139099846,0.9695608532351534,3349,1347.0,1332,0.9888641425389756,3416.0
34027042500,NJ1417001,3.0354,0.0005174426529663615,0.00017046934603886195,1,1347.0,0,0.0,0.0
34027042601,NJ1411001,7.220414,1.7678189866670826,0.2448362360755328,761,726.0,411,0.5661157024793388,1760.0
34027042601,NJ1417001,7.220414,0.001150272431034,0.00015930837636650926,0,726.0,0,0.0,0.0
34027042601,NJ1422001,7.220414,0.00010749387383461,1.4887494516880888e-05,0,726.0,0,0.0,0.0
34027042601,NJ1424001,7.220414,7.782833811506862e-07,1.0778930143765805e-07,0,726.0,0,0.0,0.0
34027042602,NJ0712001,8.67054,0.0172458709158766,0.0019890192440005,12,1378.0,0,0.0,0.0
34027042602,NJ1404001,8.67054,0.0015465408531231,0.00017836730504941796,1,1378.0,0,0.0,0.0
34027042602,NJ1410001,8.67054,2.520172680541873e-05,2.9065925311939887e-06,0,1378.0,0,0.0,0.0
34027042602,NJ1411001,8.67054,6.502677455373766,0.7499737565796092,4516,1378.0,1232,0.8940493468795355,5384.0
34027042602,NJ1417001,8.67054,0.0008024068284258247,9.254404321135992e-05,1,1378.0,0,0.0,0.0
34027042700,NJ0712001,3.175821,0.0004652595380693674,0.00014650055468156656,1,1425.0,0,0.0,0.0
34027042700,NJ1404001,3.175821,2.788353316233539,0.8779944827600609,3717,1425.0,1423,0.99859649122807,4228.0
34027042700,NJ1411001,3.175821,8.499402768909931e-05,2.676285209056156e-05,0,1425.0,0,0.0,0.0
34027042700,NJ1417001,3.175821,5.692446693059901e-05,1.7924331040886438e-05,0,1425.0,0,0.0,0.0
34027042800,NJ0712001,2.903723,0.0019973673337679,0.0006878642810515702,3,1781.0,0,0.0,0.0
34027042800,NJ1404001,2.903723,2.7875266660309053,0.9599836713181338,4779,1781.0,1741,0.9775407074677148,4866.0
34027042800,NJ1417001,2.903723,4.675629241392017e-07,1.610218757571579e-07,0,1781.0,0,0.0,0.0
34027042900,NJ1417001,2.066398,1.8048430327453264,0.8734246900864822,3373,1125.0,1119,0.9946666666666668,3841.0
34027043000,NJ1404001,2.868107,0.0016656038146391,0.0005807328020325431,3,1618.0,0,0.0,0.0
34027043000,NJ1411001,2.868107,0.0020801922652946,0.0007252840515694401,3,1618.0,0,0.0,0.0
34027043000,NJ1417001,2.868107,2.7997399826716087,0.9761630171648438,4597,1618.0,1612,0.9962917181705808,4692.0
34027043100,NJ0712001,3.001242,0.003708593247597,0.0012356861751225,5,1273.0,0,0.0,0.0
34027043100,NJ1417001,3.001242,2.9768430405500834,0.991870379179714,3710,1273.0,1271,0.9984289080911232,3734.0
34027043200,NJ0712001,3.235869,0.00020747885826954737,6.411843565655697e-05,0,979.0,0,0.0,0.0
34027043200,NJ1417001,3.235869,2.8991415376702943,0.8959390932297612,4145,979.0,917,0.936670071501532,4333.0
34027043200,NJ1424001,3.235869,0.0964422348944113,0.0298041221367154,138,979.0,56,0.0572012257405515,265.0
34027043301,NJ1424001,4.143535,3.949479520752256,0.9531666851498192,2640,977.0,948,0.970317297850563,2688.0
34027043302,NJ1422001,4.535772,0.1947884500705115,0.0429449386059333,152,1065.0,8,0.0075117370892018,27.0
34027043302,NJ1424001,4.535772,4.259170152109874,0.939017691389663,3330,1065.0,1047,0.9830985915492958,3486.0
34027043303,NJ1424001,7.415254,7.032829046503946,0.9484272617639188,3644,1278.0,1277,0.9992175273865416,3839.0
34027043401,NJ1424001,7.908434,7.92217329048864,1.0017372959663873,7163,2245.0,2245,1.0,7151.0
34027043401,NJ1429001,7.908434,0.0018138303903769,0.0002293539265013742,2,2245.0,0,0.0,0.0
34027043401,NJ1432003,7.908434,0.0002773949677795172,3.507584027122401e-05,0,2245.0,0,0.0,0.0
34027043402,NJ1424001,16.613911,16.325558993692887,0.9826439417962988,5567,2137.0,2133,0.9981282171268132,5654.0
34027043402,NJ1432003,16.613911,1.3259991627186536e-05,7.98125837268933e-07,0,2137.0,0,0.0,0.0
34027043500,NJ1424001,1.121636,1.0596332440546317,0.9447211430933312,3877,600.0,599,0.9983333333333332,4097.0
34027043601,NJ1424001,0.996172,0.9596277588972908,0.963315329980456,3090,510.0,501,0.9823529411764704,3151.0
34027043602,NJ1424001,1.105637,1.0450532536859325,0.945204668155943,2329,448.0,448,1.0,2464.0
34027043700,NJ1424001,2.171696,2.1366313832229227,0.983853809751882,3169,766.0,759,0.9908616187989556,3192.0
34027043801,NJ1424001,1.164896,0.9476063405581224,0.8134686191369209,2117,665.0,658,0.9894736842105264,2576.0
34027043802,NJ1424001,0.974639,0.9264997036537872,0.9506080750450036,4354,798.0,798,1.0,4580.0
34027043900,NJ0712001,4.772036,4.2864489708931774,0.8982432175476416,4520,1320.0,1276,0.9666666666666668,4864.0
34027043900,NJ1404001,4.772036,0.0005046758761497622,0.00010575692977793174,1,1320.0,0,0.0,0.0
34027043900,NJ1417001,4.772036,0.0006211879217512906,0.00013017251373445015,1,1320.0,0,0.0,0.0
34027044000,NJ0712001,18.740696,9.080563470988189,0.4845371522481443,2883,1879.0,1800,0.9579563597658328,5701.0
34027044000,NJ1417001,18.740696,0.0033120413074242,0.00017672989879480733,1,1879.0,0,0.0,0.0
34027044000,NJ1424001,18.740696,0.6826790975949794,0.0364276277463216,217,1879.0,38,0.020223523150612,120.0
34027044101,NJ0712001,7.966303,5.364738186094713,0.6734288397133166,2041,1134.0,1115,0.9832451499118166,2980.0
34027044102,NJ0712001,22.587391,11.3864236180721,0.5041053045069304,2822,2307.0,2162,0.9371478110099696,5246.0
34027044200,NJ0712001,51.939965,0.2658873420981233,0.0051191282492801,20,2098.0,36,0.0171591992373689,66.0
34027044200,NJ1413001,51.939965,0.3177999618060514,0.0061186017704488,24,2098.0,32,0.0152526215443279,59.0
34027044200,NJ1417001,51.939965,3.635069612588268e-06,6.998598502306014e-08,0,2098.0,0,0.0,0.0
34027044200,NJ1424001,51.939965,6.8125032251968145,0.1311611054261745,508,2098.0,465,0.2216396568160152,858.0
34027044300,NJ1408001,5.371571,0.0018215650706733,0.00033911216489056575,2,2485.0,0,0.0,0.0
34027044300,NJ1409001,5.371571,0.0010728684200933,0.0001997308459840371,1,2485.0,0,0.0,0.0
34027044300,NJ1434001,5.371571,5.102176255619293,0.9498480529475068,6267,2485.0,2467,0.9927565392354124,6550.0
34027044401,NJ1408001,85.561034,0.0041405719913288,4.839319720386791e-05,0,2743.0,0,0.0,0.0
34027044401,NJ1435002,85.561034,0.0086697169757671,0.00010132786585733815,1,2743.0,1,0.0003645643456069996,2.0
34027044401,NJ1435003,85.561034,3.674714179378391,0.0429484545427348,225,2743.0,127,0.0462996718920889,243.0
34027044401,NJ1439001,85.561034,0.0041874613784969,4.89412198840064e-05,0,2743.0,0,0.0,0.0
34027044403,NJ1408001,7.650235,0.00035591734986932717,4.652371461390757e-05,0,1878.0,0,0.0,0.0
34027044403,NJ1434001,7.650235,0.0005151834097355604,6.734216788576564e-05,0,1878.0,0,0.0,0.0
34027044403,NJ1435002,7.650235,4.490253824525214,0.586943253968697,2982,1878.0,1782,0.9488817891373802,4820.0
34027044404,NJ1434001,2.625151,8.870181580315692e-05,3.378922424011302e-05,0,1463.0,0,0.0,0.0
34027044404,NJ1435002,2.625151,2.0715200159240625,0.7891050899258987,3309,1463.0,1321,0.9029391660970608,3786.0
34027044502,NJ1409001,2.953876,1.2386458074575757,0.4193289790964737,1818,1355.0,709,0.5232472324723247,2268.0
34027044502,NJ1434001,2.953876,0.9575412231321724,0.3241643261708252,1405,1355.0,508,0.3749077490774907,1625.0
34027044502,NJ1435002,2.953876,0.2155601121323322,0.0729753422731124,316,1355.0,55,0.040590405904059,176.0
34027044503,NJ1435002,5.07334,4.264078641527534,0.840487458267637,1989,378.0,376,0.9947089947089948,2354.0
34027044503,NJ1435003,5.07334,0.0019160030599718,0.00037766107928343854,1,378.0,0,0.0,0.0
34027044503,NJ1439001,5.07334,0.00030535621573508253,6.018839970021377e-05,0,378.0,0,0.0,0.0
34027044504,NJ1409001,4.224955,0.3213946826781267,0.0760705575983949,314,1221.0,117,0.0958230958230958,395.0
34027044504,NJ1434001,4.224955,0.004139532401286,0.0009797814180946445,4,1221.0,1,0.000819000819000819,3.0
34027044504,NJ1435001,4.224955,0.063347235903769,0.0149935883113001,62,1221.0,87,0.0712530712530712,294.0
34027044504,NJ1435002,4.224955,2.4440675064975905,0.5784836776954052,2386,1221.0,966,0.7911547911547911,3263.0
34027044504,NJ1439001,4.224955,0.000479649447709322,0.00011352770567007744,0,1221.0,0,0.0,0.0
34027044601,NJ1414003,17.60873,3.4663790562919456,0.1968557105646997,913,1641.0,753,0.4588665447897623,2129.0
34027044601,NJ1414016,17.60873,0.0905718410665318,0.0051435760027288,24,1641.0,30,0.0182815356489945,85.0
34027044602,NJ1414003,42.921534,2.59663611115353,0.0604972811818312,337,1966.0,932,0.474059003051882,2639.0
34027044602,NJ1414006,42.921534,0.0108062340096421,0.000251767190092557,1,1966.0,31,0.0157680569684638,88.0
34027044602,NJ1414008,42.921534,0.0314077225346592,0.0007317474378865232,4,1966.0,1,0.000508646998982706,3.0
34027044602,NJ1911002,42.921534,0.1084085549194191,0.0025257381276125,14,1966.0,71,0.0361139369277721,201.0
34027044602,NJ1918003,42.921534,0.00024602219472220167,5.731905917486585e-06,0,1966.0,0,0.0,0.0
34027044701,NJ1414011,6.474832,2.510468784150825,0.3877272466916246,1747,2353.0,1179,0.501062473438164,2258.0
34027044701,NJ1426005,6.474832,7.886840760707855e-05,1.2180765092758938e-05,0,2353.0,0,0.0,0.0
34027044702,NJ1414011,33.753496,5.11992915760613,0.1516858922585716,884,2270.0,1833,0.8074889867841409,4705.0
34027044702,NJ1435003,33.753496,0.0075910822692438,0.00022489766005997987,1,2270.0,0,0.0,0.0
34027044702,NJ1436002,33.753496,0.0005767019620751962,1.7085695718013808e-05,0,2270.0,0,0.0,0.0
34027044702,NJ1436006,33.753496,7.737510416366422e-05,2.2923582245721813e-06,0,2270.0,0,0.0,0.0
34027044800,NJ1409001,2.139318,2.091272206218646,0.977541537171494,7171,1869.0,1860,0.9951845906902088,7301.0
34027044900,NJ1409001,2.303245,2.295172921720683,0.996495345358693,5822,1461.0,1461,1.0,5842.0
34027044900,NJ1432003,2.303245,0.0015610739640071,0.0006777715631672663,4,1461.0,0,0.0,0.0
34027045000,NJ1409001,2.487414,2.1316922406242087,0.8569913334186464,4527,1109.0,1073,0.9675383228133454,5111.0
34027045000,NJ1435002,2.487414,0.00010323385637212776,4.150248264749164e-05,0,1109.0,0,0.0,0.0
34027045000,NJ1439001,2.487414,6.146851325035095e-05,2.471181445885203e-05,0,1109.0,0,0.0,0.0
34027045100,NJ1409001,5.366481,0.0461432860948557,0.008598425317234,62,1696.0,37,0.021816037735849,158.0
34027045100,NJ1420001,5.366481,0.003850231082753,0.0007174591846599302,5,1696.0,1,0.0005896226415094339,4.0
34027045100,NJ1439001,5.366481,4.979334071364072,0.9278583249179624,6719,1696.0,1652,0.9740566037735848,7053.0
34027045200,NJ1409001,7.611715,0.00022662224066257475,2.9772822637549456e-05,0,1025.0,0,0.0,0.0
34027045200,NJ1420001,7.611715,5.30450946043815,0.6968875556215847,2798,1025.0,1002,0.977560975609756,3925.0
34027045200,NJ1432003,7.611715,0.0107168471658742,0.0014079412019333,6,1025.0,0,0.0,0.0
34027045200,NJ1436002,7.611715,0.00034656181951914916,4.55300572235231e-05,0,1025.0,0,0.0,0.0
34027045200,NJ1436004,7.611715,0.0863320538541115,0.0113419976778047,46,1025.0,77,0.0751219512195121,302.0
34027045200,NJ1439001,7.611715,0.0013004728251225,0.00017085148683609048,1,1025.0,0,0.0,0.0
34027045300,NJ1420001,19.616972,0.0024522365230967,0.00012500586344807888,1,2085.0,0,0.0,0.0
34027045300,NJ1426005,19.616972,0.0143842559487314,0.0007332556700764752,3,2085.0,1,0.00047961630695443646,2.0
34027045300,NJ1432003,19.616972,0.0014342383484609,7.311211681705923e-05,0,2085.0,0,0.0,0.0
34027045300,NJ1436002,19.616972,13.955023186110653,0.7113749862165604,3216,2085.0,1380,0.6618705035971223,2992.0
34027045300,NJ1436004,19.616972,1.976228592099993,0.1007407561217905,455,2085.0,511,0.245083932853717,1108.0
34027045300,NJ1436006,19.616972,0.1061482048147381,0.0054110392172012,24,2085.0,38,0.0182254196642685,82.0
34027045402,NJ1426002,8.253008,0.0008449085276052356,0.00010237582801388724,1,2130.0,0,0.0,0.0
34027045402,NJ1426005,8.253008,0.0069240234202506,0.000838969672663666,4,2130.0,1,0.00046948356807511736,2.0
34027045402,NJ1428001,8.253008,3.207473326474429e-07,3.8864294406044795e-08,0,2130.0,0,0.0,0.0
34027045402,NJ1436002,8.253008,2.4212537427930365,0.2933783346378722,1498,2130.0,142,0.0666666666666666,340.0
34027045402,NJ1436003,8.253008,3.9506631335843503,0.4786937239833465,2444,2130.0,1947,0.9140845070422536,4667.0
34027045402,NJ1436004,8.253008,0.1194424059028029,0.0144725905879169,74,2130.0,8,0.0037558685446009,19.0
34027045402,NJ1912001,8.253008,0.00017332748501561583,2.1001734763327e-05,0,2130.0,0,0.0,0.0
34027045403,NJ1426002,2.982465,6.041154117602855e-05,2.025557422334497e-05,0,737.0,0,0.0,0.0
34027045403,NJ1426004,2.982465,0.0904505745427012,0.030327455491582,104,737.0,5,0.0067842605156037,23.0
34027045403,NJ1426005,2.982465,1.7504268051740697,0.5869060676903398,2016,737.0,409,0.5549525101763908,1906.0
34027045403,NJ1436003,2.982465,0.5045124284734881,0.1691595470436327,581,737.0,306,0.4151967435549525,1426.0
34027045404,NJ1426002,2.560167,0.4446194011511579,0.1736681244431156,430,891.0,94,0.1054994388327721,261.0
34027045404,NJ1426005,2.560167,1.976443896294948,0.7719980361808225,1910,891.0,774,0.8686868686868687,2149.0
34027045404,NJ1436002,2.560167,0.000674502954640644,0.0002634605299734916,1,891.0,0,0.0,0.0
34027045404,NJ1436003,2.560167,0.0043033453549529,0.0016808846278203,4,891.0,0,0.0,0.0
34027045501,NJ1432003,7.86596,0.0075406490610762,0.0009586431994411704,5,2060.0,0,0.0,0.0
34027045501,NJ1436002,7.86596,7.941920703123843,1.0096568890667943,5093,2060.0,2059,0.999514563106796,5042.0
34027045503,NJ1436002,5.516055,5.398779752556784,0.978739289683802,3730,1340.0,1332,0.9940298507462688,3788.0
34027045503,NJ1436004,5.516055,0.0838573692554235,0.0152024171723131,58,1340.0,4,0.0029850746268656,11.0
34027045504,NJ1428001,12.754235,3.890541669726372e-05,3.050392022513598e-06,0,1356.0,0,0.0,0.0
34027045504,NJ1436002,12.754235,6.2255919109727325,0.4881195862372563,2181,1356.0,345,0.2544247787610619,1137.0
34027045504,NJ1436004,12.754235,5.733370978967956,0.4495268417876851,2008,1356.0,878,0.6474926253687315,2893.0
34027045603,NJ1409001,3.503169,2.252664489706645,0.6430362022804622,3306,956.0,692,0.7238493723849372,3722.0
34027045603,NJ1432003,3.503169,1.2293724376728934,0.3509315244776639,1804,956.0,264,0.2761506276150627,1420.0
34027045701,NJ0712001,20.18759,2.8537312286207457e-05,1.4136066903581584e-06,0,1938.0,0,0.0,0.0
34027045701,NJ1432001,20.18759,0.0272093012920543,0.0013478231572988,8,1938.0,3,0.001547987616099,10.0
34027045701,NJ1432003,20.18759,20.121855099068956,0.9967437965140444,6157,1938.0,1933,0.9974200206398348,6161.0
34027045701,NJ1436002,20.18759,0.0071270714163582,0.0003530422113961211,2,1938.0,0,0.0,0.0
34027045703,NJ1424001,4.914619,0.0007621763616534881,0.00015508350935311327,1,1298.0,0,0.0,0.0
34027045703,NJ1432003,4.914619,4.911642733357968,0.9993944054173818,3947,1298.0,1297,0.9992295839753468,3946.0
34027045704,NJ1408001,11.004485,0.0006918319823007332,6.286818349979424e-05,0,1728.0,0,0.0,0.0
34027045704,NJ1424001,11.004485,3.356814173748717e-07,3.0504055153409877e-08,0,1728.0,0,0.0,0.0
34027045704,NJ1429001,11.004485,9.852451580809429e-08,8.953123731650712e-09,0,1728.0,0,0.0,0.0
34027045704,NJ1432003,11.004485,10.906854731057903,0.9911281383052368,5395,1728.0,1726,0.9988425925925926,5437.0
34027045804,NJ0712001,46.060598,11.074537202641364,0.2404340734490977,1446,2684.0,996,0.3710879284649776,2232.0
34027045804,NJ1424001,46.060598,3.139891319231734,0.0681687050444228,410,2684.0,268,0.0998509687034277,601.0
34027045804,NJ1432003,46.060598,0.0193613395148273,0.0004203449446059596,3,2684.0,1,0.0003725782414307005,2.0
34027045901,NJ1406002,4.123961,0.0361891747866123,0.0087753436045133,15,811.0,53,0.065351418002466,110.0
34027045903,NJ1406002,39.087457,0.00041005101473629474,1.0490603539040537e-05,0,1572.0,0,0.0,0.0
34027045903,NJ1407001,39.087457,0.1892998066278109,0.0048429808730665,15,1572.0,66,0.0419847328244274,131.0
34027045903,NJ1438003,39.087457,0.0007367220643534237,1.884804284795053e-05,0,1572.0,0,0.0,0.0
34027045904,NJ1432003,36.363065,0.012180191789415,0.00033496053727635495,2,1972.0,0,0.0,0.0
34027045904,NJ1436002,36.363065,2.822398964781314e-09,7.761719109160117e-11,0,1972.0,0,0.0,0.0
34027046000,NJ1427017,2.156667,0.0072965532630141,0.0033832544676643,11,1119.0,4,0.0035746201966041,12.0
34027046000,NJ1428001,2.156667,2.047583169579747,0.9494201791837809,3204,1119.0,1106,0.9883824843610366,3336.0
34027046000,NJ1436002,2.156667,0.0019766508327353,0.0009165303835665616,3,1119.0,0,0.0,0.0
34027046000,NJ1919001,2.156667,0.0004998150819838048,0.00023175347978329744,1,1119.0,0,0.0,0.0
34027046103,NJ1427005,6.691931,3.455637561676276,0.5163887018076361,3316,1707.0,1456,0.8529584065612185,5478.0
34027046103,NJ1436002,6.691931,0.0031573578856951,0.0004718156666132945,3,1707.0,0,0.0,0.0
34027046104,NJ1427001,23.562683,1.196434502278252,0.0507766667436918,315,1974.0,151,0.0764944275582573,475.0
34027046104,NJ1427005,23.562683,1.3197136217305157,0.0560086311788227,348,1974.0,316,0.160081053698075,994.0
34027046104,NJ1427010,23.562683,0.176318466445107,0.0074829537215735,46,1974.0,91,0.0460992907801418,286.0
34027046104,NJ1427014,23.562683,0.3658708352119289,0.0155275541079905,96,1974.0,103,0.0521783181357649,324.0
34027046104,NJ1427015,23.562683,2.017221264985673,0.0856108476689888,532,1974.0,361,0.1828774062816616,1136.0
34027046104,NJ2108001,23.562683,0.0443818946900107,0.0018835671086357,12,1974.0,1,0.0005065856129685917,3.0
34027046107,NJ1427001,3.051411,0.2791700208899437,0.0914888295578483,319,785.0,51,0.064968152866242,227.0
34027046107,NJ1427006,3.051411,3.265293382108212e-05,1.070092944578168e-05,0,785.0,0,0.0,0.0
34027046107,NJ1427008,3.051411,0.4881234057336995,0.1599664567420447,558,785.0,300,0.3821656050955414,1334.0
34027046107,NJ1427009,3.051411,0.6330475808498905,0.2074606078466291,724,785.0,273,0.3477707006369426,1214.0
34027046107,NJ1427012,3.051411,0.00010447259188443422,3.423746977527256e-05,0,785.0,0,0.0,0.0
34027046107,NJ1427015,3.051411,0.0005531464012637734,0.00018127561356492895,1,785.0,0,0.0,0.0
34027046107,NJ1427018,3.051411,0.0015598216906217,0.0005111804639302211,2,785.0,1,0.0012738853503184,4.0
34027046108,NJ1427007,3.173384,0.4552153640808306,0.1434479294282792,542,864.0,84,0.0972222222222222,367.0
34027046108,NJ1427017,3.173384,0.2616184245688929,0.0824414645592506,311,864.0,6,0.0069444444444444,26.0
34027046109,NJ1427002,9.115562,0.3929271150675972,0.0431050894138613,143,1121.0,158,0.1409455842997324,467.0
34027046109,NJ1427008,9.115562,0.0013149681236147,0.00014425529919217048,0,1121.0,0,0.0,0.0
34027046109,NJ1427012,9.115562,0.2325475398630692,0.0255110480147103,84,1121.0,121,0.1079393398751115,357.0
34027046109,NJ1427015,9.115562,0.0658290576476235,0.0072216126276825,24,1121.0,14,0.0124888492417484,41.0
34027046109,NJ1427017,9.115562,0.546629382743255,0.0599666134400989,199,1121.0,41,0.0365744870651204,121.0
34027046109,NJ1427018,9.115562,1.460544325754242,0.1602253734607084,531,1121.0,278,0.247992863514719,821.0
34027046109,NJ1428001,9.115562,0.0439893187666097,0.0048257385300664,16,1121.0,7,0.0062444246208742,21.0
34027046109,NJ1436002,9.115562,5.36543445661664e-07,5.8860160861356e-08,0,1121.0,0,0.0,0.0
34027046110,NJ1427006,31.113779,0.5379582875915989,0.0172900337047325,98,1990.0,234,0.1175879396984924,667.0
34027046110,NJ1427009,31.113779,0.4905710698294828,0.0157670037390663,89,1990.0,150,0.0753768844221105,428.0
34027046110,NJ1427017,31.113779,0.8444656210264545,0.0271412103629859,154,1990.0,21,0.0105527638190954,60.0
34027046110,NJ1428001,31.113779,0.0041468418728262,0.0001332799166834157,1,1990.0,2,0.0010050251256281,6.0
34027046110,NJ2108001,31.113779,2.522814771732793,0.0810835216041353,460,1990.0,755,0.3793969849246231,2152.0
34027046201,NJ1438004,16.471128,4.017160595320294,0.2438910434865356,1444,1845.0,728,0.394579945799458,2336.0
34027046201,NJ2108001,16.471128,3.792036862533598,0.2302232647656917,1363,1845.0,486,0.2634146341463415,1559.0
34027046202,NJ1438003,19.541437,0.6582408967692069,0.0336843650121128,126,1525.0,134,0.0878688524590163,329.0
34027046202,NJ1438004,19.541437,4.6608858214469935,0.2385129518083544,894,1525.0,742,0.4865573770491803,1824.0
34027046297,NJ1438001,33.856694,0.2059464132973111,0.0060828860991953,21,1708.0,47,0.0275175644028103,96.0
34027046297,NJ1438003,33.856694,0.0959117701578252,0.002832874649776,10,1708.0,35,0.0204918032786885,72.0
34027046297,NJ2108001,33.856694,0.9025204547217868,0.0266570756944486,93,1708.0,45,0.0263466042154566,92.0
34027046298,NJ1438003,45.597936,10.226946167488077,0.2242852871122955,1128,2608.0,1022,0.3918711656441718,1970.0
34027046298,NJ1438006,45.597936,0.1691773538839295,0.003710197625698,19,2608.0,27,0.0103527607361963,52.0
34027046400,NJ0712001,15.36002,11.342127321099154,0.7384187859845985,3678,1428.0,1291,0.90406162464986,4503.0
34027046500,NJ1408001,14.910362,0.0004984230846837163,3.3427966717623375e-05,0,1678.0,0,0.0,0.0
34027046500,NJ1409001,14.910362,1.1984083400171317,0.0803741948060772,593,1678.0,450,0.268176400476758,1978.0
34027046500,NJ1420001,14.910362,0.0004599479494777233,3.084753740235974e-05,0,1678.0,0,0.0,0.0
34027046500,NJ1432003,14.910362,12.518159592571344,0.8395610778981318,6192,1678.0,1178,0.7020262216924911,5177.0
34027046500,NJ1436002,14.910362,0.0014460389621835,9.698214987560464e-05,1,1678.0,0,0.0,0.0
34029710101,NJ1524001,2.100682,0.0022278339670146,0.0010605288982409,3,2096.0,0,0.0,0.0
34029710101,NJ1525001,2.100682,1.9822365742804549,0.9436157277876684,2599,2096.0,2086,0.9952290076335878,2741.0
34029710102,NJ1345001,1.586481,0.0026789080670718,0.0016885850300582,3,1432.0,0,0.0,0.0
34029710102,NJ1524001,1.586481,0.00020901886411756277,0.00013174999518907743,0,1432.0,0,0.0,0.0
34029710102,NJ1525001,1.586481,1.553671189048512,0.9793191277100148,1970,1432.0,1390,0.9706703910614524,1953.0
34029711100,NJ1345001,2.062706,0.0113745608739182,0.0055143878351632,25,1988.0,1,0.0005030181086519115,2.0
34029711100,NJ1524001,2.062706,2.0417996891193626,0.9898646191553052,4544,1988.0,1985,0.9984909456740444,4584.0
34029711100,NJ1525001,2.062706,0.0076656084078725,0.0037162874437135,17,1988.0,2,0.0010060362173038,5.0
34029711200,NJ1506001,2.029959,0.0008941041153389961,0.0004404542728887609,2,1756.0,0,0.0,0.0
34029711200,NJ1524001,2.029959,1.9973780842073587,0.98394996362358,4213,1756.0,1749,0.996013667425968,4265.0
34029711300,NJ1524001,1.837249,1.80616968141872,0.9830837743924312,4156,1757.0,1750,0.99601593625498,4211.0
34029711400,NJ1345001,3.11194,0.001766688515293,0.0005677129106901325,3,2814.0,0,0.0,0.0
34029711400,NJ1506001,3.11194,0.0004281047605611384,0.00013756844944347847,1,2814.0,0,0.0,0.0
34029711400,NJ1524001,3.11194,3.102684296150511,0.9970257447606672,5823,2814.0,2813,0.9996446339729922,5838.0
34029713000,NJ1506001,2.866445,2.5358586614004763,0.8846702662707556,3662,1511.0,1503,0.9947054930509596,4117.0
34029713000,NJ1524001,2.866445,0.012129181174376,0.0042314369103108,18,1511.0,14,0.0092653871608206,38.0
34029713100,NJ1506001,4.318149,4.303038149401082,0.9965006185291618,6550,2473.0,2468,0.9979781641730692,6560.0
34029713100,NJ1524001,4.318149,4.161163757368922e-05,9.63645246462992e-06,0,2473.0,0,0.0,0.0
34029713201,NJ1352003,4.288578,0.0005198410793969233,0.00012121525582533962,0,972.0,0,0.0,0.0
34029713201,NJ1506001,4.288578,2.951840332063809,0.688302820203762,1622,972.0,964,0.9917695473251028,2337.0
34029713202,NJ1506001,2.79525,2.650327831233993,0.9481541297679968,3546,1065.0,1065,1.0,3740.0
34029713203,NJ1506001,3.624454,3.643662935973212,1.0052998150819992,5172,1549.0,1549,1.0,5145.0
34029713300,NJ1506001,2.739413,2.694942313722657,0.9837663447324873,4190,2117.0,2108,0.9957487009919698,4241.0
34029713401,NJ1352003,3.513233,0.0003266603215523064,9.29799764354674e-05,0,1127.0,0,0.0,0.0
34029713401,NJ1506001,3.513233,3.307095603304827,0.9413254410694728,4778,1127.0,1125,0.9982253771073648,5067.0
34029713401,NJ1514002,3.513233,0.0334590356129545,0.0095237166487262,48,1127.0,0,0.0,0.0
34029713402,NJ1506001,4.97512,3.62339432123654,0.7283028994750961,2803,1198.0,1156,0.9649415692821368,3714.0
34029713402,NJ1514002,4.97512,0.0057695555793362,0.0011596816919664,4,1198.0,1,0.0008347245409015025,3.0
34029713500,NJ1506001,3.330545,2.8860707015563007,0.8665460762596815,2605,1546.0,1501,0.9708926261319534,2919.0
34029713600,NJ1506001,2.255549,2.255545877593985,0.999998615678039,3529,1383.0,1383,1.0,3529.0
34029713700,NJ1506001,2.020423,1.8903773040457452,0.9356344211314884,2394,1444.0,1431,0.9909972299168976,2536.0
34029713800,NJ1345001,6.947269,3.5476433213974815e-05,5.1065293734811205e-06,0,1801.0,0,0.0,0.0
34029713800,NJ1506001,6.947269,3.413528347276774,0.4913482329929607,1608,1801.0,1779,0.9877845641310384,3232.0
34029713900,NJ1506001,3.954192,3.3045993654342505,0.8357205126696555,5333,2309.0,2286,0.9900389779125164,6317.0
34029714000,NJ1506001,3.683869,3.521854530420522,0.9560205670778528,5812,2362.0,2339,0.9902624894157492,6020.0
34029714000,NJ1514002,3.683869,0.002749107438559,0.0007462554826349908,5,2362.0,0,0.0,0.0
34029714100,NJ1506001,3.415067,3.3539567370222545,0.982105691344344,3242,1691.0,1688,0.9982259018332348,3295.0
34029714100,NJ1507005,3.415067,0.0017620235714168,0.0005159557840056539,2,1691.0,0,0.0,0.0
34029714100,NJ1514002,3.415067,0.002534150126025,0.0007420499000532288,2,1691.0,0,0.0,0.0
34029714200,NJ1506001,5.936496,5.77754319360126,0.973224473426961,6244,2578.0,2578,1.0,6416.0
34029714300,NJ1506001,4.08145,3.168351479846327,0.7762808511304382,2556,1837.0,1836,0.9994556341861732,3290.0
34029715001,NJ1345001,9.86655,0.3487820879574683,0.0353499539309554,366,1060.0,165,0.1556603773584905,1612.0
34029715001,NJ1506001,9.86655,2.122823044657707e-06,2.1515352830094687e-07,0,1060.0,0,0.0,0.0
34029715001,NJ1514002,9.86655,7.605696802974039,0.7708567638104544,7981,1060.0,780,0.7358490566037735,7619.0
34029715002,NJ1506001,3.285731,0.0048962553278801,0.0014901570846426,7,1035.0,0,0.0,0.0
34029715002,NJ1514002,3.285731,3.241053521787317,0.9864025758004282,4500,1035.0,1034,0.9990338164251208,4558.0
34029715201,NJ1345001,2.47263,2.2072454468261595,0.8926711423974308,10549,1138.0,1109,0.9745166959578208,11516.0
34029715201,NJ1514002,2.47263,0.2601731433504274,0.1052212192485035,1243,1138.0,29,0.0254833040421792,301.0
34029715202,NJ1345001,1.071388,1.0714059620800342,1.0000167652428755,6784,499.0,499,1.0,6784.0
34029715301,NJ1345001,1.850054,1.7590545758359648,0.95081255781505,9638,854.0,845,0.9894613583138172,10030.0
34029715303,NJ1345001,0.249865,0.2464073130763399,0.9861617796663796,2973,110.0,110,1.0,3015.0
34029715304,NJ1345001,0.711033,0.5228790883752256,0.7353794948690504,3134,310.0,272,0.8774193548387097,3740.0
34029715401,NJ1345001,4.80697,4.7670918978461545,0.9917041083772428,6400,1258.0,1255,0.9976152623211448,6439.0
34029715403,NJ1345001,0.420195,0.3649125677309426,0.8684362444363752,2895,198.0,191,0.9646464646464646,3216.0
34029715404,NJ1345001,0.627624,0.2208337500528255,0.3518567646438401,1082,138.0,133,0.9637681159420288,2965.0
34029715501,NJ1345001,2.09294,2.0169477219481786,0.9636911339781258,4760,1056.0,1056,1.0,4939.0
34029715502,NJ1345001,0.929999,0.9180678276716392,0.9871707686477502,6544,354.0,354,1.0,6629.0
34029715503,NJ1345001,3.508263,3.460695174421191,0.9864412030743396,5551,915.0,910,0.994535519125683,5596.0
34029715600,NJ1345001,2.354771,2.041821405530796,0.867099775532651,9069,1038.0,1037,0.9990366088631984,10449.0
34029715600,NJ1514002,2.354771,0.2950154499020129,0.1252841358679943,1310,1038.0,0,0.0,0.0
34029715701,NJ1345001,3.832296,3.503659598959624,0.9142455590485766,11748,955.0,942,0.9863874345549738,12675.0
34029715702,NJ1345001,4.144732,4.086584789487733,0.9859708153597706,4069,1601.0,1600,0.999375390381012,4124.0
34029715702,NJ1507005,4.144732,0.0038653031446258,0.0009325821656565096,4,1601.0,0,0.0,0.0
34029715800,NJ1345001,12.610503,2.9649429069196556,0.2351169423550873,3053,1808.0,933,0.5160398230088495,6700.0
34029715800,NJ1514002,12.610503,3.09465744627787,0.2454031727582849,3186,1808.0,677,0.3744469026548672,4862.0
34029715901,NJ1345001,1.281417,0.0105648725980818,0.0082446795992887,38,271.0,0,0.0,0.0
34029715901,NJ1507005,1.281417,0.0045062638651728,0.0035166256301991,16,271.0,0,0.0,0.0
34029715901,NJ1514002,1.281417,1.2287451994845382,0.9588956596365884,4404,271.0,268,0.988929889298893,4542.0
34029715902,NJ1507005,3.377191,0.0044954921962171,0.0013311335355972,7,1132.0,0,0.0,0.0
34029715902,NJ1514002,3.377191,3.247430888851983,0.9615775029756928,4775,1132.0,1131,0.9991166077738516,4962.0
34029716000,NJ1506001,4.428437,0.0017605123519007,0.0003975471146819426,2,1770.0,0,0.0,0.0
34029716000,NJ1507005,4.428437,0.0052189908986911,0.0011785175895448,5,1770.0,0,0.0,0.0
34029716000,NJ1514002,4.428437,3.758132039534152,0.8486362207555741,3555,1770.0,1764,0.9966101694915256,4175.0
34029717001,NJ1345001,2.709637,0.0016537323426068,0.0006103150874478279,2,994.0,0,0.0,0.0
34029717001,NJ1511001,2.709637,2.291191612838677,0.8455714226070419,2727,994.0,992,0.9979879275653925,3219.0
34029717002,NJ1345001,3.270788,0.0041049134312166,0.0012550227747003,7,1109.0,0,0.0,0.0
34029717002,NJ1511001,3.270788,2.8815646243670097,0.8810001211839501,4863,1109.0,1060,0.9558160504959424,5276.0
34029717101,NJ1345001,14.342785,0.0006460539265178959,4.504382701950115e-05,0,2814.0,0,0.0,0.0
34029717101,NJ1511001,14.342785,7.935900459806328,0.5533026159010491,4887,2814.0,2115,0.7515991471215352,6638.0
34029717102,NJ1511001,7.79086,2.917488409723091,0.3744757844093067,1865,1908.0,1236,0.6477987421383647,3226.0
34029717102,NJ1511013,7.79086,0.1446137829943094,0.0185619794213102,92,1908.0,140,0.0733752620545073,365.0
34029717200,NJ1511001,40.038839,4.41561323200236,0.1102832485228245,1008,3835.0,1083,0.2823989569752281,2580.0
34029717200,NJ1511003,40.038839,0.0294188570766728,0.0007347579952723606,7,3835.0,41,0.0106910039113428,98.0
34029717200,NJ1511005,40.038839,0.1712215423959172,0.0042763862957144,39,3835.0,234,0.0610169491525423,557.0
34029717300,NJ1511001,42.967095,0.0773031686671357,0.0017991248574551,10,2321.0,15,0.0064627315812149,37.0
34029717400,NJ1511001,94.176022,6.171648359637188,0.0655331179696376,392,2702.0,734,0.2716506291635825,1624.0
34029717400,NJ1511002,94.176022,0.1626159307706253,0.001726723292375,10,2702.0,210,0.077720207253886,465.0
34029717400,NJ1511004,94.176022,0.0611398422128865,0.0006492081626986381,4,2702.0,75,0.0277572168763878,166.0
34029717400,NJ1511007,94.176022,0.0322366642612367,0.00034230225036726203,2,2702.0,66,0.0244263508512213,146.0
34029717400,NJ1511008,94.176022,0.1465954412210751,0.0015566111002339,9,2702.0,250,0.0925240562546262,553.0
34029717400,NJ1511011,94.176022,0.039661660263339,0.0004211439326173604,3,2702.0,12,0.004441154700222,27.0
34029717400,NJ1511016,94.176022,0.0898754915599594,0.0009543351869328212,6,2702.0,33,0.0122131754256106,73.0
34029717400,NJ1518003,94.176022,3.5831190519034864e-05,3.804704186702095e-07,0,2702.0,0,0.0,0.0
34029717400,NJ1518005,94.176022,0.001041568464756,1.1059805273533531e-05,0,2702.0,0,0.0,0.0
34029717501,NJ1345001,7.657902,0.00032554283162951466,4.251070745349244e-05,0,2064.0,0,0.0,0.0
34029717501,NJ1511001,7.657902,5.014026403167495,0.6547519677279097,5186,2064.0,1775,0.8599806201550387,6811.0
34029717502,NJ1345001,18.749525,0.0004136939294188869,2.206423519629894e-05,0,3104.0,0,0.0,0.0
34029717502,NJ1507005,18.749525,3.057858401076737e-05,1.630899130018887e-06,0,3104.0,0,0.0,0.0
34029717502,NJ1511001,18.749525,8.31104898017956,0.4432671750446777,3194,3104.0,2486,0.8009020618556701,5771.0
34029717502,NJ1518005,18.749525,7.246483139369957e-06,3.864888918183238e-07,0,3104.0,0,0.0,0.0
34029718000,NJ1523001,53.929655,0.0410137081142593,0.0007605038102739466,6,4185.0,48,0.0114695340501792,93.0
34029718000,NJ1523002,53.929655,0.6838213276544903,0.0126798758058899,102,4185.0,273,0.0652329749103942,527.0
34029718000,NJ1523003,53.929655,1.7779707522202686,0.0329683316576059,266,4185.0,708,0.1691756272401433,1366.0
34029718000,NJ1523004,53.929655,0.042946403950002,0.0007963411586816571,6,4185.0,34,0.0081242532855436,66.0
34029720001,NJ1518004,35.058334,1.7025954050749066,0.0485646410087514,201,2303.0,1212,0.5262700825010855,2179.0
34029720102,NJ1518004,6.772338,3.982362272323398,0.588033596717027,2105,1473.0,1472,0.9993211133740664,3577.0
34029720104,NJ1518004,2.258412,2.263915943471837,1.0024370856477194,3111,1351.0,1351,1.0,3103.0
34029720105,NJ1507005,59.734302,0.00017802907180786132,2.980349076613657e-06,0,957.0,0,0.0,0.0
34029720105,NJ1513001,59.734302,1.6738800163948329e-06,2.802209049659328e-08,0,957.0,0,0.0,0.0
34029720105,NJ1518004,59.734302,0.1519580552363358,0.0025438994036681,8,957.0,57,0.0595611285266457,194.0
34029720105,NJ1518005,59.734302,1.346288365360749,0.0225379442009843,73,957.0,451,0.4712643678160919,1534.0
34029720105,NJ1518010,59.734302,0.0439692093524662,0.0007360797377772368,2,957.0,10,0.0104493207941483,34.0
34029720106,NJ1518004,4.091823,1.8818079124930944,0.4598947492335555,1167,1539.0,1538,0.9993502274204028,2535.0
34029720107,NJ1518004,3.962869,2.2355865735892606,0.5641333522731286,1428,1262.0,1249,0.9896988906497622,2506.0
34029720202,NJ1507005,7.527621,0.0098191966301451,0.0013044222909396,5,1323.0,0,0.0,0.0
34029720202,NJ1518005,7.527621,6.6522356614688345,0.8837102268391082,3359,1323.0,1171,0.8851095993953136,3364.0
34029720203,NJ1518005,3.820782,3.8107833570562217,0.997383089916206,4500,1703.0,1703,1.0,4512.0
34029720204,NJ1507005,3.680602,0.0009173096764070796,0.00024922816332955305,1,1976.0,0,0.0,0.0
34029720204,NJ1518005,3.680602,3.645347633275855,0.9904215759475912,5763,1976.0,1974,0.998987854251012,5813.0
34029720205,NJ1511010,6.669087,1.3703021500259638e-07,2.0547072635669082e-08,0,2353.0,0,0.0,0.0
34029720205,NJ1513001,6.669087,0.0037598400540789,0.0005637713309301483,2,2353.0,0,0.0,0.0
34029720205,NJ1518005,6.669087,6.20758900907235,0.9308004242668224,3633,2353.0,2331,0.9906502337441564,3867.0
34029720206,NJ1507005,8.865115,0.005667057759617,0.0006392537219897356,4,3108.0,0,0.0,0.0
34029720206,NJ1518003,8.865115,0.4071130799310626,0.0459230455477523,289,3108.0,260,0.0836550836550836,526.0
34029720206,NJ1518005,8.865115,7.831753784593212,0.8834351031648447,5556,3108.0,2845,0.9153796653796654,5757.0
34029721000,NJ1513001,2.337008,1.3972912805366997,0.5978975170545842,1576,919.0,866,0.942328618063112,2484.0
34029721000,NJ1518005,2.337008,0.0078028013774617,0.003338799600798,9,919.0,0,0.0,0.0
34029722001,NJ1507005,4.963692,4.556118049348858,0.9178889522856892,5125,1527.0,1522,0.996725605762934,5565.0
34029722001,NJ1518005,4.963692,0.033632523271577,0.0067757071292048,38,1527.0,0,0.0,0.0
34029722003,NJ1507005,5.549885,5.547179300290233,0.9995124764369412,5779,1519.0,1518,0.999341672152732,5778.0
34029722004,NJ1507005,5.041305,4.911731195103465,0.9742975668211832,4140,1893.0,1892,0.9994717379820393,4247.0
34029722004,NJ1518005,5.041305,0.0302716946669002,0.0060047338272332,26,1893.0,0,0.0,0.0
34029722100,NJ1507005,12.614516,12.362616164199322,0.980030955147175,7402,3128.0,3123,0.9984015345268542,7541.0
34029722200,NJ1507005,3.459865,3.5339865304464526,1.021423243521482,2601,1713.0,1713,1.0,2546.0
34029722300,NJ1507005,11.077075,10.9623587079127,0.9896438101134728,4115,1577.0,1560,0.9892200380469244,4113.0
34029722401,NJ1506001,3.292047,0.0028931663425675,0.0008788350660144067,5,2241.0,0,0.0,0.0
34029722401,NJ1507005,3.292047,3.229024384286086,0.9808561008655362,5095,2241.0,2225,0.9928603302097276,5157.0
34029722402,NJ1507005,2.497316,2.4479492166549375,0.9802320638056768,3988,1686.0,1648,0.9774614472123369,3976.0
34029722500,NJ1345001,2.381989,1.8366581693304544,0.7710607266996005,985,4112.0,3890,0.9460116731517508,1208.0
34029722500,NJ1515001,2.381989,0.00039791959106270225,0.00016705349649503095,0,4112.0,0,0.0,0.0
34029722600,NJ1507005,5.572106,5.517603776103599,0.9902187388580904,3017,1357.0,1347,0.9926308032424466,3025.0
34029722701,NJ1507005,6.014188,5.057832211617097,0.840983389880246,3837,1602.0,1591,0.9931335830212236,4531.0
34029722702,NJ1507005,2.706994,2.602859742255322,0.9615314043013476,4212,1604.0,1601,0.9981296758104738,4373.0
34029722800,NJ1507005,3.019997,2.96967748487514,0.9833378923472904,5064,1108.0,1104,0.9963898916967509,5131.0
34029722900,NJ1507005,3.041223,2.80848984988681,0.9234738294057392,5232,1161.0,1154,0.9939707149009476,5632.0
34029723000,NJ1507005,13.297174,7.955144429121377,0.5982582787230863,3276,2042.0,1909,0.93486777668952,5119.0
34029723100,NJ1507005,3.707977,3.402311951956261,0.917565549073325,3587,1715.0,1670,0.9737609329446064,3806.0
34029723200,NJ1507005,5.084281,5.019538142282054,0.98726607405886,6185,2348.0,2340,0.9965928449744464,6244.0
34029723300,NJ1507005,4.316961,4.166114487918605,0.9650572446493276,6446,2468.0,2449,0.9923014586709886,6628.0
34029723400,NJ1507005,2.026188,1.9363648372866251,0.955668890195098,3147,1945.0,1902,0.9778920308483292,3220.0
34029723500,NJ1507005,1.623291,1.515040369964517,0.9333140946167487,2533,1522.0,1520,0.9986859395532196,2710.0
34029723500,NJ1510001,1.623291,0.0040749706094894,0.0025103142994629,7,1522.0,0,0.0,0.0
34029723600,NJ1507005,2.068214,1.7913407983759169,0.8661293262573005,2213,1246.0,1210,0.971107544141252,2481.0
34029723600,NJ1510001,2.068214,0.0082241544625535,0.0039764523702835,10,1246.0,9,0.0072231139646869,18.0
34029724000,NJ1504001,2.997902,0.0011861817732378,0.0003956706300732592,1,1310.0,0,0.0,0.0
34029724000,NJ1507005,2.997902,2.624112010594071,0.8753161412861632,3189,1310.0,1296,0.9893129770992366,3604.0
34029725001,NJ1504001,3.785681,1.3092595322240903,0.3458451814149397,1011,1159.0,1074,0.9266609145815358,2708.0
34029725002,NJ1504001,2.284016,2.0549815655957686,0.8997229290844586,5237,2112.0,2100,0.9943181818181818,5788.0
34029725100,NJ1504001,1.086664,1.0770715238471258,0.9911725462950146,2097,976.0,976,1.0,2116.0
34029725100,NJ1505002,1.086664,0.0201916191057045,0.0185812901740598,39,976.0,18,0.0184426229508196,39.0
34029725100,NJ1522001,1.086664,0.0003699657476390421,0.00034046011245338217,1,976.0,0,0.0,0.0
34029726000,NJ1507005,1.57708,0.0071467606708169,0.0045316411791519,7,978.0,0,0.0,0.0
34029726000,NJ1510001,1.57708,1.4869866475798856,0.9428733149744372,1556,978.0,976,0.9979550102249488,1647.0
34029727001,NJ1345001,2.113177,0.0021889046938814,0.0010358359445902,2,2996.0,0,0.0,0.0
34029727001,NJ1515001,2.113177,1.9624428523425257,0.9286694168744624,1660,2996.0,2981,0.9949933244325768,1778.0
34029727002,NJ1515001,1.610463,0.0054854330553919,0.0034061217521867,5,2044.0,4,0.0019569471624266,3.0
34029727002,NJ1526001,1.610463,0.0004340413851263002,0.0002695134164065242,0,2044.0,0,0.0,0.0
34029728001,NJ1505003,1.226893,0.6020389856051523,0.4907021114352697,475,2038.0,1258,0.6172718351324828,598.0
34029728001,NJ1527001,1.226893,0.4575463055082698,0.3729308957735269,361,2038.0,705,0.345927379784102,335.0
34029728002,NJ1526001,1.332258,0.00010504905842989684,7.885038665926333e-05,0,1578.0,0,0.0,0.0
34029728002,NJ1527001,1.332258,0.858323547432884,0.6442622580858092,698,1578.0,1437,0.9106463878326996,986.0
34029728003,NJ1526001,0.77843,0.6272848024899939,0.8058332830055289,1179,880.0,853,0.969318181818182,1418.0
34029728003,NJ1527001,0.77843,0.0005704428881569766,0.0007328120552355081,1,880.0,0,0.0,0.0
34029728004,NJ1526001,0.820281,0.3546470719105783,0.4323482707883985,422,708.0,699,0.9872881355932204,965.0
34029729000,NJ1505002,1.165291,0.0243101143060038,0.0208618399232499,40,1326.0,8,0.0060331825037707,12.0
34029729000,NJ1521001,1.165291,1.0290143074822298,0.8830535097947463,1706,1326.0,1281,0.9660633484162896,1866.0
34029730000,NJ1505002,1.665856,0.1813436574493524,0.1088591435570375,234,1078.0,97,0.0899814471243042,193.0
34029730000,NJ1522001,1.665856,1.6160126641471204,0.9700794451303836,2084,1078.0,1063,0.9860853432282004,2118.0
34029731001,NJ1505002,6.953064,2.393331852907978,0.3442125447008654,1210,1771.0,1525,0.8610954263128177,3027.0
34029731001,NJ1521001,6.953064,0.0593423431021467,0.0085347039955545,30,1771.0,39,0.0220214568040655,77.0
34029731002,NJ1505002,8.04404,0.5494092551195603,0.0683001644844581,279,2062.0,268,0.1299709020368574,530.0
34029731002,NJ1505004,8.04404,6.407869786263595,0.7965984488221832,3249,2062.0,1719,0.8336566440349176,3400.0
34029731002,NJ1512001,8.04404,0.0043244387476537,0.0005375953808849445,2,2062.0,0,0.0,0.0
34029731101,NJ1505002,3.134375,2.992950987509387,0.9548796769720876,3152,1151.0,1137,0.9878366637706344,3261.0
34029731101,NJ1521001,3.134375,0.0053151153473582,0.0016957496621681,6,1151.0,0,0.0,0.0
34029731101,NJ1522001,3.134375,0.010369651860112,0.0033083635047216,11,1151.0,1,0.0008688097306689834,3.0
34029731102,NJ1505002,8.952236,3.3425636224612707,0.3733775140044644,2577,2537.0,1505,0.5932203389830508,4095.0
34029731102,NJ1505004,8.952236,2.954567521574872,0.3300368222614855,2278,2537.0,1026,0.4044146629877808,2792.0
34029731102,NJ1512001,8.952236,1.3804289826657622e-06,1.5419935116386145e-07,0,2537.0,0,0.0,0.0
34029731102,NJ1522001,8.952236,0.0107111713758017,0.0011964800051966,8,2537.0,0,0.0,0.0
34029731103,NJ1504001,13.597521,0.0097735354743003,0.0007187733318669175,3,1875.0,0,0.0,0.0
34029731103,NJ1505004,13.597521,4.087674116386471,0.3006190699309433,1456,1875.0,1307,0.6970666666666666,3377.0
34029731201,NJ1507005,3.574992,3.3033560071560375,0.9240177340693456,4072,3172.0,3167,0.9984237074401008,4400.0
34029731201,NJ1518005,3.574992,7.876759581267833e-08,2.2032943238104682e-08,0,3172.0,0,0.0,0.0
34029731202,NJ1507005,4.754444,3.5300152382893923,0.7424664668022996,3380,3285.0,3282,0.9990867579908675,4548.0
34029731203,NJ1507005,5.710599,1.6292296639677055,0.2852992591438666,533,1318.0,1318,1.0,1867.0
34029731204,NJ1507005,41.121194,2.6160435684215644,0.0636178893157033,231,2597.0,2521,0.9707354639969196,3528.0
34029731204,NJ1518004,41.121194,0.0021096922770142,5.130425631644474e-05,0,2597.0,0,0.0,0.0
34029731205,NJ1507005,4.231307,2.674079730358703,0.6319748792414975,2284,2238.0,2221,0.9924039320822162,3587.0
34029731206,NJ1507005,1.72757,1.7462035643419371,1.0107859967132662,2441,1671.0,1671,1.0,2415.0
34029732001,NJ1505004,182.479161,5.895322058815509e-06,3.2306823565544066e-08,0,3019.0,0,0.0,0.0
34029732001,NJ1512001,182.479161,8.478475354508298,0.0464627046071759,326,3019.0,2628,0.8704869161974164,6115.0
34029732003,NJ1512001,2.485682,2.50477881165843,1.0076827251669482,3842,1655.0,1647,0.995166163141994,3795.0
34029732004,NJ1512001,10.19652,4.223331757948927,0.4141934461903597,2007,2316.0,2250,0.9715025906735753,4708.0
34029732101,NJ1512001,8.549739,8.514781603545327,0.9959112908061084,6227,2843.0,2837,0.9978895532887796,6240.0
34029732103,NJ1512001,6.123707,5.784007655819278,0.9445271721555716,2422,1503.0,1497,0.996007984031936,2554.0
34029732104,NJ1512001,5.765783,3.3975051856103993,0.5892530443151258,2448,2384.0,2370,0.9941275167785236,4130.0
34029733001,NJ1520001,7.470854,5.373595802296747,0.7192746374506511,3942,3124.0,3098,0.9916773367477592,5435.0
34029733002,NJ1520001,44.725336,5.443804729587524,0.1217163517695546,408,1984.0,1797,0.9057459677419356,3032.0
34029733002,NJ1533001,44.725336,0.0067773117044328,0.00015153182313561191,1,1984.0,0,0.0,0.0
34029734002,NJ1520001,11.095485,0.9937368003350906,0.0895622679256554,649,2534.0,723,0.2853196527229676,2067.0
34029734002,NJ1533001,11.095485,7.949009798483353,0.7164184169041149,5189,2534.0,1773,0.6996842936069455,5068.0
34029734003,NJ1530004,19.536968,4.470732330251485e-05,2.288345013541244e-06,0,2810.0,0,0.0,0.0
34029734003,NJ1533001,19.536968,14.92132034456542,0.7637480055536469,5948,2810.0,2809,0.999644128113879,7785.0
34029734004,NJ1530004,53.714338,0.0108118996784847,0.00020128517042292804,1,2985.0,0,0.0,0.0
34029734004,NJ1533001,53.714338,7.262334530831648,0.1352029048711658,691,2985.0,1899,0.6361809045226131,3250.0
34029734004,NJ1533002,53.714338,0.6871582385113074,0.0127928270941607,65,2985.0,583,0.1953098827470686,998.0
34029734005,NJ1533001,3.72077,3.553551195301404,0.9550580109228476,3969,2451.0,2441,0.9959200326397388,4139.0
34029735001,NJ1530004,4.206749,3.922124916827284,0.9323410825859312,6566,2725.0,2507,0.92,6480.0
34029735001,NJ1530005,4.206749,0.292625491587539,0.069560958257205,490,2725.0,218,0.08,563.0
34029735003,NJ1530004,46.727286,5.455403098498312,0.1167498385953404,388,1100.0,966,0.8781818181818182,2922.0
34029735004,NJ1530004,3.317103,3.2932130829805377,0.9927979574286772,6692,2515.0,2505,0.9960238568588468,6714.0
34029735101,NJ1530004,9.107788,4.106168180798522,0.4508414316185798,1248,1383.0,1217,0.8799710773680405,2437.0
34029735104,NJ1530003,39.108803,0.0392266352810454,0.0010030129349917,4,2119.0,53,0.0250117980179329,104.0
34029735104,NJ1530004,39.108803,12.815255903468309,0.3276821308867036,1367,2119.0,2023,0.9546956111373288,3983.0
34029735104,NJ1533001,39.108803,0.0329897936502993,0.0008435388229677934,4,2119.0,0,0.0,0.0
34029735105,NJ1530004,2.078995,1.993800492447389,0.9590213023347288,2271,2915.0,2902,0.995540308747856,2357.0
34029735106,NJ1530003,14.888306,0.0189039660665965,0.0012697190712359,3,2038.0,40,0.0196270853778213,43.0
34029735106,NJ1530004,14.888306,3.401870448422902,0.2284927814099805,502,2038.0,1819,0.8925417075564279,1961.0
34029736001,NJ1516001,57.281662,1.3026851894166338,0.0227417491730011,77,1871.0,406,0.2169962586851951,738.0
34029736001,NJ1532002,57.281662,0.0005655843331409851,9.873741672177478e-06,0,1871.0,0,0.0,0.0
34029736002,NJ1508001,41.707316,0.0483348042107112,0.0011589046921818,2,1248.0,70,0.0560897435897435,97.0
34029736101,NJ1516001,25.936096,2.7021145075166566,0.1041835481915496,594,2519.0,2026,0.8042874156411274,4585.0
34029736101,NJ1532002,25.936096,0.0022269050145251,8.586122655179716e-05,0,2519.0,0,0.0,0.0
34029736105,NJ1516001,6.718662,2.9232856442799036,0.4350993760781393,1533,3230.0,3195,0.9891640866873064,3485.0
34029736106,NJ1516001,6.098912,2.5770637592331127,0.4225448341004285,1389,1443.0,1340,0.9286209286209286,3053.0
34029736107,NJ1516001,5.571654,2.509742849760282,0.4504484395047291,2192,1552.0,1184,0.7628865979381443,3713.0
34029736107,NJ1532002,5.571654,1.8439121394592804e-05,3.3094519858183592e-06,0,1552.0,0,0.0,0.0
34029737000,NJ1516001,8.708424,0.0131749670049368,0.0015128991198564,5,2008.0,4,0.0019920318725099,7.0
34029737000,NJ1532002,8.708424,2.8234207177934363,0.3242171853131446,1160,2008.0,1802,0.897410358565737,3210.0
34029738001,NJ1503001,5.678885,0.0003359644646048546,5.916028667684846e-05,0,6079.0,0,0.0,0.0
34029738001,NJ1517001,5.678885,4.247874827648487,0.7480121234447408,1644,6079.0,5822,0.957723309754894,2105.0
34029738001,NJ1528001,5.678885,8.490498400107027e-05,1.495099548609811e-05,0,6079.0,0,0.0,0.0
34029738002,NJ1503001,5.531044,2.032130063566501,0.3674044291758483,475,3182.0,2175,0.6835323695788812,883.0
34029738002,NJ1517002,5.531044,0.8576127950138803,0.1550544155884278,200,3182.0,807,0.2536140791954745,328.0
34029738100,NJ1501001,9.508203,1.481482573278089,0.15581099533509,268,4709.0,1373,0.2915693353153535,502.0
34029738100,NJ1509001,9.508203,1.2832193876152744,0.1349591913020025,232,4709.0,1215,0.2580165640263325,444.0
34029738100,NJ1517003,9.508203,0.7709580742044858,0.0810834680543196,140,4709.0,616,0.1308133361647908,225.0
34029738100,NJ1517004,9.508203,0.9518361049874136,0.1001068345919216,172,4709.0,555,0.1178594181354852,203.0
34029738100,NJ1517005,9.508203,1.0803812672834374,0.1136262306645574,196,4709.0,506,0.1074538118496496,185.0
34029738100,NJ1517006,9.508203,0.5840452771417052,0.0614254109995027,106,4709.0,390,0.0828201316627734,143.0
34029738100,NJ1531001,9.508203,0.0001221244952827692,1.2844119470605456e-05,0,4709.0,0,0.0,0.0
34029739000,NJ1517001,3.771552,1.2925260994583368e-05,3.427040378757437e-06,0,4675.0,0,0.0,0.0
34029739000,NJ1517003,3.771552,2.4978818540927025e-05,6.622954831572527e-06,0,4675.0,0,0.0,0.0
34029739000,NJ1528001,3.771552,1.623913251600005,0.4305689677883282,1008,4675.0,2005,0.4288770053475936,1004.0
34029739000,NJ1531001,3.771552,1.7733303973767032,0.4701858538280006,1101,4675.0,2554,0.5463101604278074,1279.0
34029739100,NJ1511010,141.00129,0.2945802029214194,0.0020892021833376,4,1647.0,43,0.0261080752884031,45.0
34029739100,NJ1518002,141.00129,0.9398714055646904,0.006665693665389,11,1647.0,810,0.4918032786885246,842.0
34029739100,NJ1518004,141.00129,0.0734646609651744,0.0005210211975023378,1,1647.0,2,0.0012143290831815,2.0
34029739200,NJ1345001,4.040492,4.014974611763644,0.9936845838981104,1897,3292.0,3276,0.9951397326852977,1900.0
34029739200,NJ1524001,4.040492,0.00046559297728844106,0.00011523175328362015,0,3292.0,0,0.0,0.0
34031116500,NJ1403001,22.793668,0.1703113993821447,0.0074718733019251,58,2492.0,18,0.0072231139646869,56.0
34031116500,NJ1433001,22.793668,0.0009526526806447656,4.179461948137376e-05,0,2492.0,0,0.0,0.0
34031116500,NJ1601001,22.793668,4.7789451122340605,0.2096610827285042,1631,2492.0,1953,0.7837078651685393,6095.0
34031116500,NJ1613001,22.793668,0.0003338872060662834,1.464824380465151e-05,0,2492.0,0,0.0,0.0
34031124201,NJ1605002,0.896165,0.8548539788749058,0.9539024385854232,3612,1265.0,1265,1.0,3787.0
34031124202,NJ1605002,1.92053,1.8820418778095989,0.9799596350015874,4247,1461.0,1456,0.9965776865160848,4319.0
34031124202,NJ1616001,1.92053,0.0010725292537659,0.0005584548295345246,2,1461.0,0,0.0,0.0
34031124311,NJ1605002,2.4433,2.2912663342980824,0.93777527700163,4669,1937.0,1935,0.9989674754775426,4974.0
34031124312,NJ0713001,2.591192,0.0026297499503157,0.001014880391077,5,1353.0,1,0.0007390983000739098,3.0
34031124312,NJ1605002,2.591192,2.344280306746278,0.904711154845445,4124,1353.0,1338,0.9889135254988912,4507.0
34031124321,NJ1605002,2.437381,2.3230342964605275,0.9530862415274952,6001,1778.0,1761,0.9904386951631046,6236.0
34031124322,NJ0702001,2.371091,0.0122141224254071,0.0051512668326129,25,1692.0,0,0.0,0.0
34031124322,NJ0716001,2.371091,1.8345543367322536e-05,7.737173886334407e-06,0,1692.0,0,0.0,0.0
34031124322,NJ1605002,2.371091,2.058293331140974,0.8680785896201261,4191,1692.0,1660,0.9810874704491724,4737.0
34031124323,NJ1605002,0.907069,0.7207251831740439,0.7945648932705713,2481,392.0,392,1.0,3122.0
34031124402,NJ1605002,3.614514,3.1013779399033523,0.8580345628494875,5077,1653.0,1616,0.9776164549304296,5785.0
34031124403,NJ1605002,2.205554,2.039831530138166,0.924861295682702,3465,1209.0,1193,0.9867659222497932,3696.0
34031124404,NJ1605002,0.744315,0.744315552974548,1.0000007429308129,4014,1182.0,1182,1.0,4014.0
34031124500,NJ1605002,1.699723,1.4415701877781162,0.8481206571765612,5824,1718.0,1672,0.9732246798603028,6683.0
34031124601,NJ1605002,1.598519,0.9878156736852364,0.6179567923091538,2911,1159.0,1123,0.9689387402933564,4564.0
34031124602,NJ1605002,1.236062,0.9756498556278248,0.7893211308395734,4148,1329.0,1302,0.979683972911964,5148.0
34031124700,NJ1605002,1.535406,1.4063214214352924,0.9159280486303248,6371,2017.0,2016,0.9995042141794744,6953.0
34031124800,NJ1605002,1.004092,0.9425092488952408,0.9386682185449547,4622,1286.0,1276,0.9922239502332816,4886.0
34031124900,NJ1605002,0.730196,0.6684939857008363,0.9154993805784152,4907,1167.0,1151,0.9862896315338476,5287.0
34031125000,NJ1605002,0.851789,0.7195028651704826,0.8446961221270556,5599,1288.0,1281,0.9945652173913044,6592.0
34031125100,NJ1605002,0.415448,0.3591804769444572,0.8645618150633947,3471,600.0,596,0.9933333333333332,3988.0
34031133701,NJ1603001,1.058455,1.054055748124077,0.9958437043842931,5779,1328.0,1328,1.0,5803.0
34031133701,NJ1605002,1.058455,0.0019885596424746,0.0018787380119841,11,1328.0,0,0.0,0.0
34031133702,NJ1603001,2.087998,1.474671125988246,0.7062607943054764,2295,856.0,840,0.9813084112149532,3188.0
34031133702,NJ1605002,2.087998,0.0012521952872628,0.0005997109610559096,2,856.0,0,0.0,0.0
34031133702,NJ1612001,2.087998,0.0016101299277041,0.0007711357614825829,3,856.0,0,0.0,0.0
34031133702,NJ1614001,2.087998,0.001513535133101,0.0007248738423605008,2,856.0,0,0.0,0.0
34031143201,NJ0251001,1.145583,0.0006066873133411864,0.0005295882649630681,1,789.0,0,0.0,0.0
34031143201,NJ1604001,1.145583,1.13799545230958,0.9933766931855482,2292,789.0,787,0.9974651457541192,2301.0
34031143202,NJ1604001,2.737977,2.6387086659516563,0.9637439123672904,4175,1870.0,1863,0.9962566844919786,4316.0
34031143301,NJ1604001,0.762206,0.6451466402174294,0.8464203118545766,1673,864.0,834,0.9652777777777778,1908.0
34031143302,NJ0251001,0.922579,0.0002601446576789022,0.0002819754814264168,1,1414.0,0,0.0,0.0
34031143302,NJ1604001,0.922579,0.8923939287440084,0.9672818574279366,4075,1414.0,1412,0.9985855728429984,4207.0
34031143401,NJ0217001,1.524583,6.075058035366237e-05,3.984734209528925e-05,0,1103.0,0,0.0,0.0
34031143401,NJ0251001,1.524583,5.24218731867586e-05,3.4384400971779564e-05,0,1103.0,0,0.0,0.0
34031143401,NJ1604001,1.524583,1.2111474281905106,0.7944122610513895,2545,1103.0,1075,0.9746146872166818,3122.0
34031143402,NJ1604001,1.501927,1.4325089541565477,0.95378067919183,3438,889.0,873,0.9820022497187852,3540.0
34031143402,NJ1605002,1.501927,8.596491614170372e-05,5.7236414380794623e-05,0,889.0,0,0.0,0.0
34031154003,NJ0704001,2.716106,0.0131112973863258,0.0048272406843937,17,1260.0,1,0.0007936507936507937,3.0
34031154003,NJ0713001,2.716106,0.0001637784841877874,6.029900312719291e-05,0,1260.0,0,0.0,0.0
34031154003,NJ1605001,2.716106,2.521163132299154,0.9282270766675358,3364,1260.0,1224,0.9714285714285714,3520.0
34031154004,NJ0713001,1.424741,0.0002944381370600313,0.00020666081558685497,1,247.0,0,0.0,0.0
34031154004,NJ1605001,1.424741,0.7026066960917753,0.4931469622140271,1408,247.0,183,0.7408906882591093,2115.0
34031154004,NJ1605002,1.424741,0.0099751967224031,0.0070014105878915,20,247.0,1,0.0040485829959514,12.0
34031154005,NJ0704001,1.058582,0.0048770700782756,0.0046071726878745,12,931.0,2,0.0021482277121374,5.0
34031154005,NJ1605001,1.058582,1.0172643069827778,0.9609688309292788,2453,931.0,913,0.9806659505907628,2504.0
34031154006,NJ0704001,1.822036,0.0039880658447164,0.0021887964039769,9,1476.0,4,0.002710027100271,12.0
34031154006,NJ0707001,1.822036,0.00035197560406848786,0.00019317708545192732,1,1476.0,1,0.0006775067750677507,3.0
34031154006,NJ1605001,1.822036,1.6564857572809637,0.9091399715927476,3935,1476.0,1443,0.9776422764227642,4231.0
34031154006,NJ1612001,1.822036,7.297336356481537e-06,4.005045101458773e-06,0,1476.0,0,0.0,0.0
34031163501,NJ0251001,4.014244,0.003873966468431,0.0009650550560531564,5,1701.0,2,0.0011757789535567,5.0
34031163501,NJ1603001,4.014244,0.7057811419380214,0.1758191933370322,822,1701.0,399,0.2345679012345679,1097.0
34031163501,NJ1604001,4.014244,0.0052015796087993,0.0012957806273857,6,1701.0,1,0.0005878894767783657,3.0
34031163501,NJ1605002,4.014244,0.000378057744680118,9.417906452126928e-05,0,1701.0,0,0.0,0.0
34031163502,NJ0251001,4.957954,0.0008209679182395339,0.00016558602968876556,1,1608.0,0,0.0,0.0
34031163502,NJ1603001,4.957954,2.5210945907897626,0.5084949539244944,2161,1608.0,1162,0.722636815920398,3071.0
34031163502,NJ1606301,4.957954,0.0406436231619445,0.0081976603982095,35,1608.0,3,0.001865671641791,8.0
34031163502,NJ1614001,4.957954,0.0014245393344163,0.00028732403213430166,1,1608.0,0,0.0,0.0
34031175200,NJ1605002,0.468099,0.4204305804572705,0.898165944505907,4606,212.0,209,0.9858490566037736,5055.0
34031175301,NJ1605002,0.216394,0.199367186408291,0.921315685316095,3332,262.0,261,0.9961832061068704,3603.0
34031175302,NJ1605002,0.515902,0.4503068527807584,0.8728534736844563,4137,383.0,380,0.9921671018276762,4703.0
34031175401,NJ1605002,0.513102,0.4699289523379882,0.915858742195486,5254,682.0,670,0.9824046920821116,5636.0
34031175402,NJ0265001,0.539624,3.581303507089615e-06,6.636664616639762e-06,0,312.0,0,0.0,0.0
34031175402,NJ1605002,0.539624,0.4735070283514509,0.8774758505022959,3898,312.0,308,0.9871794871794872,4385.0
34031175501,NJ1605002,0.340001,0.3386453478573094,0.9960127995426762,4213,458.0,458,1.0,4230.0
34031175502,NJ1605002,0.283395,0.2833934548412253,0.9999945476851224,3396,548.0,548,1.0,3396.0
34031175601,NJ1605002,0.691517,0.6378620019385967,0.9224097194119546,2373,619.0,617,0.9967689822294022,2565.0
34031175603,NJ1605002,0.484111,0.4397896079012396,0.9084478722880488,3593,544.0,540,0.9926470588235294,3926.0
34031175604,NJ1605002,0.640695,0.6406959360004608,1.0000014609142585,3241,616.0,616,1.0,3241.0
34031175701,NJ1605002,0.890983,0.6717312222646734,0.7539214802804021,4366,942.0,924,0.9808917197452228,5680.0
34031175703,NJ1605002,0.603976,0.6039764969483264,1.0000008227948238,4520,495.0,495,1.0,4520.0
34031175704,NJ1605002,0.617536,0.6047013604131397,0.9792163702409896,4407,624.0,622,0.9967948717948718,4487.0
34031175801,NJ1605002,0.37382,0.3333798065999278,0.8918190749556679,3651,237.0,228,0.9620253164556962,3939.0
34031175803,NJ1605002,0.159159,0.1591583204942271,0.9999957306481386,2901,191.0,191,1.0,2901.0
34031175804,NJ1605002,0.210604,0.1874331141838179,0.8899788901626653,3515,274.0,264,0.9635036496350364,3806.0
34031175900,NJ1605002,0.565366,0.3831198209778814,0.6776492059619458,2522,308.0,280,0.9090909090909092,3383.0
34031180101,NJ1605002,0.827797,0.7730378852194826,0.9338495853687347,3903,1016.0,1012,0.9960629921259844,4163.0
34031180101,NJ1612001,0.827797,0.00014074940667673945,0.00017002889195870418,1,1016.0,0,0.0,0.0
34031180102,NJ1605002,0.677422,0.6774212867251289,0.9999989470745398,3843,997.0,997,1.0,3843.0
34031180102,NJ1612001,0.677422,0.0018285838435553,0.0026993275145408,10,997.0,0,0.0,0.0
34031180201,NJ1603001,0.532375,0.0022399134189188,0.0042073978284458,15,508.0,0,0.0,0.0
34031180201,NJ1605002,0.532375,0.5170579554995772,0.9712288433896732,3571,508.0,504,0.9921259842519684,3648.0
34031180201,NJ1612001,0.532375,4.444918532390148e-07,8.349224761474801e-07,0,508.0,0,0.0,0.0
34031180203,NJ1605002,0.259954,0.259953971736513,0.9999998912750448,3944,537.0,537,1.0,3944.0
34031180204,NJ1605002,0.233706,0.2261907660799966,0.967843213610248,3677,429.0,429,1.0,3799.0
34031180301,NJ1605002,0.260281,0.260279464328491,0.9999940999477142,4094,520.0,520,1.0,4094.0
34031180302,NJ1603001,0.459287,0.0043013845884017,0.0093653523578976,32,571.0,0,0.0,0.0
34031180302,NJ1605002,0.459287,0.4201299553463346,0.9147438428397378,3157,571.0,565,0.989492119089317,3415.0
34031180600,NJ1603001,0.396248,4.6831017695367335e-06,1.1818613013912333e-05,0,763.0,0,0.0,0.0
34031180600,NJ1605002,0.396248,0.396242978128786,0.99998732644401,5025,763.0,763,1.0,5025.0
34031180700,NJ1605002,0.311465,0.3086590646344147,0.9909911695837886,2998,424.0,418,0.9858490566037736,2982.0
34031180800,NJ1605002,0.638634,0.3056256040097452,0.4785614358298261,1532,492.0,448,0.9105691056910568,2916.0
34031180900,NJ1605002,0.589293,0.3883054125202029,0.6589343713911466,2479,530.0,509,0.960377358490566,3613.0
34031181000,NJ1605002,0.825894,0.6731365632332722,0.815039900075884,4413,870.0,852,0.9793103448275862,5303.0
34031181101,NJ1605002,0.383274,0.3483120884087384,0.9087808941090144,2089,537.0,533,0.9925512104283054,2282.0
34031181102,NJ1605002,0.378715,0.3787131941023151,0.9999952315126548,4093,676.0,676,1.0,4093.0
34031181200,NJ1605002,0.401623,0.39009529426864,0.9712971972935812,4598,642.0,634,0.9875389408099688,4675.0
34031181300,NJ1605002,0.449277,0.4416031488063863,0.9829195547655152,5562,637.0,633,0.9937205651491364,5623.0
34031181400,NJ1605002,0.344554,0.3219416647000768,0.9343721585007772,4093,436.0,429,0.9839449541284404,4310.0
34031181500,NJ1605002,0.3488,0.3372011727258953,0.9667464814389202,3643,451.0,449,0.9955654101995566,3751.0
34031181702,NJ1605002,0.219351,0.2117407701487186,0.9653056979394606,3649,241.0,240,0.995850622406639,3764.0
34031181800,NJ1605002,0.421765,0.3649107662324448,0.8651992608026858,2752,134.0,121,0.9029850746268656,2872.0
34031181900,NJ1605001,0.953843,0.0016787272639321,0.001759961821738,10,906.0,0,0.0,0.0
34031181900,NJ1605002,0.953843,0.93430716284238,0.9795188126792144,5360,906.0,903,0.9966887417218544,5454.0
34031182000,NJ1605002,0.249923,0.2210970371047787,0.8846606238912734,1606,104.0,104,1.0,1815.0
34031182100,NJ1605002,1.080187,0.8892416817749202,0.8232293869255233,2997,452.0,440,0.9734513274336284,3544.0
34031182200,NJ1605002,0.389591,0.2408869269488511,0.6183072169245468,2263,290.0,269,0.9275862068965516,3395.0
34031182301,NJ1605002,0.218524,0.200194738054362,0.9161224307369538,1691,218.0,217,0.9954128440366972,1838.0
34031182302,NJ1605002,0.43769,0.4300206853661476,0.9824777476436464,6072,637.0,636,0.998430141287284,6170.0
34031182400,NJ1605002,0.645069,0.6283635821721232,0.9741028977863192,6009,876.0,871,0.9942922374429224,6134.0
34031182501,NJ1605002,0.537764,0.5099244565513934,0.9482309276028024,4881,767.0,762,0.9934810951760104,5114.0
34031182502,NJ1605002,0.984859,0.8431383806779991,0.8561005998604867,2580,480.0,468,0.975,2939.0
34031182600,NJ1605002,1.812624,1.5109620992758388,0.8335772334890407,4814,1370.0,1339,0.9773722627737226,5644.0
34031182701,NJ1605002,0.256184,0.2502099354941619,0.9766805713634024,3539,530.0,530,1.0,3624.0
34031182702,NJ1605002,0.271836,0.260573894181652,0.9585702194766405,2885,511.0,508,0.99412915851272,2992.0
34031182800,NJ1605002,0.615613,0.4366848368141154,0.7093496024517277,2699,418.0,402,0.9617224880382776,3659.0
34031182900,NJ1605002,0.456572,0.404421053939592,0.8857771697335625,2099,229.0,226,0.9868995633187772,2339.0
34031183001,NJ1605002,0.522559,0.3805570899908765,0.7282566944419224,2652,473.0,460,0.9725158562367864,3541.0
34031183002,NJ1605002,0.349113,0.3445933417152761,0.9870538814517824,3957,596.0,596,1.0,4009.0
34031183101,NJ1605002,0.681103,0.5949012584140552,0.8734380239318504,3615,829.0,825,0.9951749095295536,4119.0
34031183102,NJ1605002,1.027751,0.8826069395089248,0.8587750724727339,3956,1043.0,1016,0.9741131351869609,4487.0
34031183200,NJ1605002,0.801086,0.6153504483913003,0.7681453032399771,2740,190.0,158,0.8315789473684211,2966.0
34031196401,NJ1433001,2.564182,1.7649769403040408e-05,6.883196825748097e-06,0,1574.0,0,0.0,0.0
34031196401,NJ1609001,2.564182,2.5587285763929875,0.9978732306805784,4178,1574.0,1573,0.9993646759847522,4184.0
34031196401,NJ1614001,2.564182,0.0065933887476287,0.0025713419514015,11,1574.0,0,0.0,0.0
34031196403,NJ1433001,3.041433,5.655501729249954e-05,1.859485883545669e-05,0,220.0,0,0.0,0.0
34031196403,NJ1609001,3.041433,2.9872839953218784,0.9821962197825428,3143,220.0,220,1.0,3200.0
34031196404,NJ1609001,1.87097,1.8524745653394017,0.9901145209914652,3703,560.0,558,0.9964285714285714,3727.0
34031196404,NJ1614001,1.87097,0.0001920843789149076,0.0001026656648235448,0,560.0,0,0.0,0.0
34031203600,NJ1603001,1.204999,0.0024758992710052,0.0020546898968424,13,1347.0,0,0.0,0.0
34031203600,NJ1604001,1.204999,0.0121455031956778,0.0100792641285825,64,1347.0,1,0.0007423904974016332,5.0
34031203600,NJ1605002,1.204999,1.1950981351964003,0.9917835078671438,6320,1347.0,1347,1.0,6372.0
34031216701,NJ1611002,38.272104,12.38231224383554,0.3235336171702381,2032,2487.0,2355,0.9469240048250904,5949.0
34031216702,NJ1611002,28.001468,4.402190197684449,0.1572128360443263,857,2248.0,1331,0.5920818505338078,3229.0
34031216702,NJ1613002,28.001468,0.0062277559199425,0.00022240819373978935,1,2248.0,0,0.0,0.0
34031223801,NJ1605002,1.505971,0.0025190934321284,0.0016727370129493,5,1159.0,0,0.0,0.0
34031223801,NJ1612001,1.505971,1.446037654629929,0.9602028555861494,2969,1159.0,1157,0.998274374460742,3087.0
34031223802,NJ1603001,7.993877,0.00034732968713343143,4.344946602673914e-05,0,3046.0,0,0.0,0.0
34031223802,NJ1605002,7.993877,0.0074660952656064,0.0009339767506563348,7,3046.0,0,0.0,0.0
34031223802,NJ1612001,7.993877,6.079627964433976,0.760535590481812,6058,3046.0,2891,0.9491135915955352,7561.0
34031223802,NJ1614001,7.993877,0.0055022630015183,0.0006883096902189401,5,3046.0,0,0.0,0.0
34031223900,NJ1612001,0.860679,0.4989193064734675,0.5796810500470763,4,26.0,12,0.4615384615384615,3.0
34031236601,NJ1609001,4.121837,0.0061661156155305,0.0014959629930854,7,1518.0,0,0.0,0.0
34031236601,NJ1613001,4.121837,6.0949232518672944e-05,1.47869099429873e-05,0,1518.0,0,0.0,0.0
34031236601,NJ1613002,4.121837,2.273039483209022,0.5514627296540406,2478,1518.0,1460,0.9617918313570488,4321.0
34031236603,NJ1611002,8.622759,0.0009508744761290728,0.00011027496838646106,0,734.0,0,0.0,0.0
34031236603,NJ1613002,8.622759,1.7289442848888374,0.2005094059672591,615,734.0,641,0.8732970027247956,2680.0
34031236604,NJ1611002,8.145163,0.00022064379138872028,2.708893503895751e-05,0,1358.0,0,0.0,0.0
34031236604,NJ1613001,8.145163,0.6364131484962972,0.0781338750981775,293,1358.0,27,0.0198821796759941,75.0
34031236604,NJ1613002,8.145163,2.2312599528637933,0.2739368080005021,1029,1358.0,1136,0.8365243004418262,3141.0
34031246001,NJ1603001,11.70854,0.0010775546504091,9.203151293065952e-05,1,1007.0,1,0.0009930486593843098,6.0
34031246001,NJ1614001,11.70854,11.688992605668494,0.9983305011272536,6253,1007.0,1005,0.9980139026812314,6251.0
34031246002,NJ1614001,3.607314,3.4926784358879948,0.968221351367803,3041,884.0,877,0.9920814479638008,3116.0
34031246003,NJ1609001,6.580966,8.318001098558306e-05,1.2639483471816002e-05,0,1935.0,0,0.0,0.0
34031246003,NJ1614001,6.580966,6.052376749563473,0.9196790789624916,5428,1935.0,1889,0.9762273901808786,5762.0
34031246101,NJ1603001,6.037569,0.0100130334860365,0.0016584545014784,11,1942.0,3,0.0015447991761071,11.0
34031246101,NJ1612001,6.037569,2.888997192494571e-07,4.785033831488421e-08,0,1942.0,0,0.0,0.0
34031246101,NJ1614001,6.037569,6.0479660246066,1.0017220547883758,6887,1942.0,1939,0.9984552008238928,6864.0
34031246102,NJ1614001,0.649014,0.6379249110575989,0.982913944934314,2746,241.0,239,0.991701244813278,2771.0
34031246103,NJ1614001,5.520294,5.507153250264425,0.997619556180237,6592,2165.0,2164,0.9995381062355658,6605.0
34031246104,NJ1603001,3.426242,2.844062124827178e-05,8.300820913488242e-06,0,961.0,0,0.0,0.0
34031246104,NJ1612001,3.426242,0.0026395904817564,0.0007704039824847414,2,961.0,0,0.0,0.0
34031246104,NJ1614001,3.426242,3.2791380299240487,0.9570655049830248,3052,961.0,961,1.0,3189.0
34031246201,NJ1614001,5.289698,5.209435586940393,0.9848266549319816,6231,2173.0,2169,0.9981592268752876,6315.0
34031246202,NJ1614001,3.761249,3.669939809050659,0.9757237048253544,5203,1916.0,1911,0.9973903966597076,5318.0
34031246203,NJ1614001,4.758466,4.412740000600817,0.927345073097258,3580,1527.0,1514,0.991486574983628,3827.0
34031246300,NJ1416001,10.100078,0.0016729772344301,0.00016564003113937723,1,1674.0,0,0.0,0.0
34031246300,NJ1612001,10.100078,0.0026238890755078,0.0002597889912838167,1,1674.0,0,0.0,0.0
34031246300,NJ1614001,10.100078,7.784145441620891,0.7707015175151014,3504,1674.0,1603,0.9575866188769414,4354.0
34031256802,NJ1615001,49.795596,0.1925010476626684,0.0038658247541141,15,2142.0,82,0.03828197945845,149.0
34031256802,NJ1615002,49.795596,0.4882095067345862,0.0098042707779737,38,2142.0,291,0.1358543417366946,528.0
34031256802,NJ1615012,49.795596,0.3970908474325235,0.0079744170033133,31,2142.0,224,0.1045751633986928,406.0
34031256802,NJ1615022,49.795596,0.0416354148668814,0.0008361264491518773,3,2142.0,36,0.0168067226890756,65.0
34031256803,NJ1615001,14.231672,0.0700271321542412,0.0049205133560021,23,1467.0,2,0.0013633265167007,6.0
34031256803,NJ1615006,14.231672,0.0615957616300504,0.0043280762534472,20,1467.0,34,0.0231765507839127,107.0
34031256803,NJ1615009,14.231672,0.0010258857290074,7.208469454660141e-05,0,1467.0,0,0.0,0.0
34031256803,NJ1615016,14.231672,0.0885466086859814,0.0062217994263767,29,1467.0,34,0.0231765507839127,107.0
34031256803,NJ1615018,14.231672,0.3215309682743233,0.0225926348129948,105,1467.0,63,0.0429447852760736,199.0
34031256803,NJ1615020,14.231672,0.3237418596088383,0.0227479848895364,105,1467.0,20,0.0136332651670074,63.0
34031256804,NJ1615008,29.792622,1.0370174822715168,0.0348078622375538,229,2778.0,412,0.148308135349172,975.0
34031256804,NJ1615009,29.792622,0.0108852191937267,0.0003653662706735503,2,2778.0,0,0.0,0.0
34031256804,NJ1615014,29.792622,0.4516265207877187,0.0151590055010169,100,2778.0,228,0.0820734341252699,539.0
34031256804,NJ1615016,29.792622,1.6577139507888197,0.0556417609295623,366,2778.0,604,0.2174226061915047,1429.0
34031256804,NJ1615018,29.792622,0.0615970348541587,0.0020675264786751,14,2778.0,0,0.0,0.0
34031256804,NJ1615340,29.792622,0.0337305978147536,0.0011321795649524,7,2778.0,2,0.0007199424046076314,5.0
34031256805,NJ1403001,87.589139,0.2248779629940867,0.002567418353023,13,2280.0,7,0.0030701754385964,15.0
34031256805,NJ1615003,87.589139,0.9066858348261716,0.0103515783483859,51,2280.0,296,0.1298245614035087,640.0
34031256805,NJ1615017,87.589139,0.1730111018259227,0.0019752574782807,10,2280.0,97,0.0425438596491228,210.0
34031264101,NJ1605001,1.576462,0.2435237340327091,0.1544748519359864,894,1439.0,365,0.2536483669214732,1468.0
34031264101,NJ1616001,1.576462,0.7435839037408782,0.4716789264447086,2731,1439.0,921,0.6400277970813064,3705.0
34031264102,NJ1605001,6.25258,0.9338042353573875,0.149347027204352,1149,1937.0,658,0.3397005678884873,2614.0
34031264102,NJ1605002,6.25258,0.0055058978758624,0.0008805801566493322,7,1937.0,3,0.0015487867836861,12.0
34031264102,NJ1612001,6.25258,0.00022462302107736467,3.5924853592815236e-05,0,1937.0,0,0.0,0.0
34031264102,NJ1616001,6.25258,3.7859965239772952,0.6055094895190938,4659,1937.0,1175,0.6066081569437274,4668.0
34031264200,NJ1605002,0.538505,0.3694608709033894,0.686086240431174,3383,426.0,404,0.9483568075117372,4676.0
34033020100,NJ0809002,50.531558,3.602999984391489,0.0713019769624259,136,1473.0,475,0.3224711473183978,616.0
34033020100,NJ1706001,50.531558,0.144401738277717,0.0028576545824634,5,1473.0,57,0.0386965376782077,74.0
34033020100,NJ1707001,50.531558,0.9011436190268044,0.0178332838862163,34,1473.0,97,0.0658520027155465,126.0
34033020200,NJ1707001,0.951186,0.9446567673227652,0.9931356930429645,1911,711.0,710,0.9985935302391,1921.0
34033020300,NJ1707001,1.360742,1.238115081836188,0.9098823155573856,2650,829.0,817,0.985524728588661,2871.0
34033020400,NJ1707001,5.676738,3.4731956819572853,0.6118294841081772,1693,988.0,931,0.9423076923076924,2607.0
34033020500,NJ1707001,2.898858,2.8896620599786096,0.9968277369842226,3109,1284.0,1282,0.9984423676012462,3114.0
34033020600,NJ1707001,35.225914,5.1536646626935045,0.1463032204840307,402,1707.0,883,0.5172817809021676,1423.0
34033020600,NJ1708001,35.225914,0.0404572309167548,0.0011485076275594,3,1707.0,20,0.0117164616285881,32.0
34033020600,NJ1713001,35.225914,0.0454369591200053,0.0012898731064864,4,1707.0,25,0.0146455770357352,40.0
34033020700,NJ1715001,90.480215,0.5470945611907049,0.0060465656628988,25,2561.0,119,0.0464662241311987,194.0
34033020800,NJ1715001,4.07894,3.644993527064166,0.893612930581025,3287,1408.0,1403,0.9964488636363636,3665.0
34033020900,NJ1702001,104.225486,0.00011835445478744806,1.135561553413606e-06,0,3018.0,0,0.0,0.0
34033020900,NJ1714001,104.225486,0.2256200811232358,0.0021647304299759,7,3018.0,67,0.0222001325381047,76.0
34033020900,NJ1714003,104.225486,0.3428820418740511,0.0032898099594762,11,3018.0,15,0.0049701789264413,17.0
34033021000,NJ1702001,2.314651,1.848261532104401,0.7985054905056533,1076,789.0,766,0.97084917617237,1308.0
34033021101,NJ1702001,49.483696,0.0114427387707647,0.00023124260505449652,1,2436.0,2,0.0008210180623973727,4.0
34033021101,NJ1710001,49.483696,0.3580179425929088,0.0072350687505821,33,2436.0,231,0.0948275862068965,433.0
34033021101,NJ1710003,49.483696,0.13039819975413,0.002635175023186,12,2436.0,64,0.0262725779967159,120.0
34033021102,NJ0614003,66.803858,0.0068235212026726,0.00010214262180296023,0,2500.0,0,0.0,0.0
34033021102,NJ1710002,66.803858,0.1428783429623441,0.0021387738259419,9,2500.0,75,0.03,126.0
34033021102,NJ1710006,66.803858,0.0130985858892425,0.00019607529087979587,1,2500.0,6,0.0024,10.0
34033021102,NJ1710304,66.803858,0.0319016503582298,0.0004775420359439401,2,2500.0,2,0.0008,3.0
34033021202,NJ1712001,61.623445,0.5464351377064348,0.0088673253776453,23,1953.0,204,0.1044546850998463,269.0
34033021300,NJ1712001,87.756329,0.3200178372297922,0.0036466639030649,5,1401.0,46,0.0328336902212705,48.0
34033021400,NJ1708001,8.705644,7.645029892556077,0.8781693683495532,2836,1833.0,1828,0.9972722313147844,3221.0
34033021500,NJ1708001,4.87392,2.7996657634777007,0.5744176686276551,1006,1100.0,936,0.850909090909091,1490.0
34033021600,NJ1708001,27.213485,13.159329939116477,0.4835591597002911,2788,2993.0,2923,0.9766120948880722,5630.0
34033021700,NJ1708001,14.285446,6.935700852553978,0.4855081775223523,941,899.0,858,0.9543937708565072,1850.0
34033021900,NJ1712001,1.603855,1.4006838382363724,0.8733232357266538,1569,786.0,764,0.9720101781170484,1747.0
34033022000,NJ1712001,1.879864,1.87676210772729,0.9983499379355582,1905,540.0,540,1.0,1908.0
34033022100,NJ1712001,2.58834,2.3956654268485895,0.9255605626960096,1473,598.0,588,0.9832775919732442,1564.0
34033022201,NJ1704001,117.349916,0.0569464418337941,0.00048527040985520706,1,1541.0,19,0.0123296560674886,21.0
34033022201,NJ1712001,117.349916,0.023228742331365,0.00019794426040633045,0,1541.0,11,0.0071382219338092,12.0
34033022202,NJ1712001,30.901777,0.0023730483587256,7.679326527809925e-05,0,900.0,0,0.0,0.0
34035050100,NJ2004002,1.33409,1.2815026357324917,0.9605818466014224,2912,982.0,978,0.9959266802443992,3020.0
34035050200,NJ2004002,0.931517,0.9207224587195268,0.988411868725452,2683,616.0,616,1.0,2714.0
34035050300,NJ2004002,1.612474,1.6124725716890147,0.999999114211463,3400,862.0,862,1.0,3400.0
34035050400,NJ2004002,2.176618,1.8588754243188443,0.854020055112493,2733,591.0,582,0.9847715736040608,3151.0
34035050500,NJ2004002,1.161959,0.9902396113671514,0.8522156215211996,3015,1081.0,1070,0.9898242368177612,3502.0
34035050600,NJ2004002,3.996894,3.6348995630638754,0.9094310639871548,3908,1519.0,1494,0.9835418038183016,4226.0
34035050701,NJ2004002,5.426166,4.50945520324906,0.8310573622791968,3454,1740.0,1729,0.9936781609195402,4130.0
34035050703,NJ2004002,5.508891,3.718717558166869,0.6750392335166676,3264,1244.0,1173,0.9429260450160772,4560.0
34035050704,NJ2004002,4.82012,4.781241752162983,0.9919341742867362,6738,1310.0,1309,0.999236641221374,6788.0
34035050801,NJ2004002,8.663687,8.33577987164331,0.962151549524274,3872,1498.0,1490,0.9946595460614152,4003.0
34035050802,NJ0712001,8.957534,1.2516670983750373e-06,1.3973344654622992e-07,0,1406.0,0,0.0,0.0
34035050802,NJ2004002,8.957534,8.348359428800887,0.9319930495157356,4436,1406.0,1405,0.9992887624466572,4757.0
34035050901,NJ0712001,9.621905,0.0102959855396002,0.0010700568691543,5,1794.0,1,0.0005574136008918618,3.0
34035050901,NJ2004002,9.621905,7.909589656092104,0.8220398825484251,3961,1794.0,1566,0.8729096989966555,4207.0
34035050902,NJ2004002,14.057266,13.333091632929293,0.948483982086509,3675,1420.0,1406,0.9901408450704224,3837.0
34035050903,NJ0712001,14.256444,0.0317247317602448,0.002225290665768,12,1617.0,3,0.0018552875695732,10.0
34035050903,NJ2004002,14.256444,13.64145331344543,0.9568622661755926,5162,1617.0,1592,0.984539270253556,5312.0
34035051000,NJ2004002,11.276319,6.705468806869447,0.5946505066830271,4352,1836.0,1698,0.9248366013071896,6769.0
34035051100,NJ2004002,0.949199,0.9369597115114516,0.9871056664739972,4472,861.0,860,0.9988385598141696,4525.0
34035051200,NJ2004002,1.634765,1.5208431959863964,0.9303130394805348,4854,1159.0,1159,1.0,5218.0
34035051300,NJ2004002,1.718776,1.7110095287020557,0.99548139414447,2230,987.0,987,1.0,2240.0
34035051400,NJ2004002,2.80699,2.685601376600213,0.956754878571072,4168,1316.0,1316,1.0,4356.0
34035051500,NJ2004002,0.884074,0.8866024084269161,1.0028599511205123,3428,464.0,464,1.0,3418.0
34035051600,NJ2004002,2.423634,1.8013412006244418,0.7432397798613329,2363,435.0,422,0.9701149425287356,3084.0
34035051700,NJ2004002,0.900413,0.8883017581591032,0.9865492370269012,5175,1084.0,1082,0.9981549815498156,5236.0
34035051800,NJ2004002,1.556799,1.5435499761435882,0.9914895732484336,4395,1039.0,1035,0.9961501443695862,4416.0
34035051900,NJ2004002,2.105334,2.1066558308033687,1.000627848504498,4235,1452.0,1451,0.9993112947658402,4229.0
34035052001,NJ2004002,1.541993,1.5232571758712743,0.9878496049406672,3965,1360.0,1360,1.0,4014.0
34035052002,NJ2004002,1.166747,1.1147421780361122,0.9554275074511546,4665,528.0,526,0.9962121212121212,4865.0
34035052100,NJ2004002,11.41519,11.384944406860887,0.9973504082595984,7262,2418.0,2418,1.0,7281.0
34035052201,NJ0712001,19.557513,0.2253717589048466,0.011523538749781,66,2385.0,41,0.0171907756813417,98.0
34035052201,NJ2004002,19.557513,13.445614315718249,0.687491007456738,3921,2385.0,2050,0.859538784067086,4903.0
34035052203,NJ0712001,14.319512,0.0015864096297733,0.00011078657078351163,1,2138.0,0,0.0,0.0
34035052203,NJ2004002,14.319512,14.261764964908195,0.995967248388646,5250,2138.0,2132,0.9971936389148736,5256.0
34035052204,NJ0712001,16.798228,0.0396391494060978,0.0023597220734292,12,1888.0,0,0.0,0.0
34035052204,NJ2004002,16.798228,14.136971865239438,0.8415751866946584,4164,1888.0,1784,0.9449152542372882,4675.0
34035052300,NJ0712001,15.580586,0.1522651371414442,0.0097727477735076,63,2284.0,30,0.0131348511383537,85.0
34035052300,NJ2004002,15.580586,13.940592697280549,0.8947412309960966,5770,2284.0,2205,0.9654115586690016,6226.0
34035052400,NJ0712001,15.651373,9.619793924449905,0.6146293954178911,3329,2092.0,2005,0.958413001912046,5192.0
34035052603,NJ0712001,7.259762,5.754432320222061,0.7926475165745186,3496,965.0,936,0.9699481865284976,4278.0
34035052604,NJ0712001,21.302817,10.888004154204168,0.5111063083442987,2112,1147.0,820,0.7149084568439407,2955.0
34035052604,NJ2004002,21.302817,0.0041283282945977,0.0001937926000395959,1,1147.0,0,0.0,0.0
34035052605,NJ0712001,5.969316,5.188618400012318,0.8692148983254225,5159,1268.0,1245,0.9818611987381703,5827.0
34035052701,NJ0712001,23.830321,2.236094667813613,0.0938340137261941,401,1700.0,777,0.4570588235294117,1954.0
34035052701,NJ1803002,23.830321,0.2382072022773753,0.0099959711947386,43,1700.0,61,0.0358823529411764,153.0
34035052702,NJ0712001,9.413544,4.3019872265952275,0.4569997470235681,1653,1420.0,1232,0.8676056338028169,3138.0
34035052800,NJ0712001,14.847556,0.00025633259359514343,1.7264295456783824e-05,0,1269.0,0,0.0,0.0
34035052901,NJ0712001,12.552797,2.5658950132700884,0.2044082297570882,189,555.0,252,0.4540540540540541,420.0
34035052904,NJ0712001,63.934517,3.80066637699233,0.0594462358571087,135,1880.0,516,0.274468085106383,624.0
34035052904,NJ2004002,63.934517,0.4770410552282482,0.007461400783371,17,1880.0,8,0.0042553191489361,10.0
34035052905,NJ0712001,2.240702,1.738273844909257,0.7757719879346994,2710,525.0,521,0.9923809523809524,3466.0
34035052906,NJ0712001,1.482548,0.6842061579874384,0.4615069178113885,1156,314.0,222,0.7070063694267515,1770.0
34035053000,NJ2004002,1.669693,1.397602027695503,0.8370413169939043,4071,1392.0,1391,0.9992816091954024,4860.0
34035053102,NJ1808001,1.631296,1.5474421458558645,0.9485967879868916,3387,775.0,774,0.9987096774193548,3566.0
34035053103,NJ1808001,4.046001,3.988360086847439,0.9857536087725728,4924,1747.0,1747,1.0,4995.0
34035053105,NJ1808001,5.281376,5.192102290801782,0.9830965056837048,7569,1358.0,1356,0.9985272459499264,7688.0
34035053200,NJ1214001,3.145759,0.001836201734988,0.0005837070592464362,5,1958.0,0,0.0,0.0
34035053200,NJ1808001,3.145759,3.121489928373885,0.9922851459294512,7663,1958.0,1956,0.9989785495403471,7715.0
34035053300,NJ1214001,2.365913,0.0097535893322134,0.0041225477573408,25,1342.0,0,0.0,0.0
34035053300,NJ1808001,2.365913,2.1961228686551477,0.9282348373144524,5663,1342.0,1315,0.9798807749627422,5978.0
34035053402,NJ1221004,32.917288,0.0121091649010992,0.0003678664202561066,3,2155.0,0,0.0,0.0
34035053402,NJ1808001,32.917288,29.98666404353142,0.910970066657114,6641,2155.0,1964,0.9113689095127612,6644.0
34035053402,NJ2004002,32.917288,1.179213002585653,0.0358235162807353,261,2155.0,180,0.0835266821345707,609.0
34035053403,NJ1221004,2.12897,0.0007444197757095098,0.0003496619377959811,2,320.0,0,0.0,0.0
34035053403,NJ1808001,2.12897,2.067472584073818,0.9711140053987696,4720,320.0,320,1.0,4860.0
34035053405,NJ1214001,25.109536,0.00011058964180701878,4.404288546272571e-06,0,1327.0,0,0.0,0.0
34035053405,NJ1215001,25.109536,0.0165262904701875,0.0006581678956627293,3,1327.0,0,0.0,0.0
34035053405,NJ1808001,25.109536,23.610937023256003,0.9403175360650234,3883,1327.0,1239,0.9336850037678976,3855.0
34035053405,NJ2004002,25.109536,0.1937863528218259,0.0077176397374219,32,1327.0,66,0.0497362471740768,205.0
34035053406,NJ1215001,9.982059,0.0082412007199227,0.0008256012832545641,6,836.0,0,0.0,0.0
34035053406,NJ1808001,9.982059,9.954051250792537,0.9971941911776454,6659,836.0,836,1.0,6678.0
34035053501,NJ1808001,18.914776,8.732952531753018,0.4617000239258989,2797,2134.0,701,0.3284910965323336,1990.0
34035053501,NJ2004002,18.914776,8.646076000170744,0.4571069728856817,2769,2134.0,1397,0.654639175257732,3966.0
34035053602,NJ2004002,27.282722,8.671822127322718,0.3178503276660854,2030,2260.0,1287,0.5694690265486726,3637.0
34035053603,NJ2004002,11.330776,10.953547053955958,0.9667075806596088,4644,1920.0,1912,0.9958333333333332,4784.0
34035053604,NJ2004002,13.369083,7.465017994552471,0.5583792092959907,2094,1330.0,1052,0.7909774436090226,2966.0
34035053703,NJ2004002,53.29903,8.269956803038495,0.1551614879865261,603,1913.0,940,0.4913748039728176,1909.0
34035053704,NJ2004002,5.012801,2.6390731180504985,0.5264667634024368,1527,886.0,858,0.9683972911963884,2808.0
34035053705,NJ2004002,3.225393,3.2119409665344056,0.995829335071542,7105,719.0,719,1.0,7135.0
34035053706,NJ2004002,12.326137,4.548043077468362,0.3689755417669269,1795,1242.0,1164,0.9371980676328504,4559.0
34035053707,NJ2004002,15.391465,2.539508453753215,0.1649945897777252,639,1572.0,688,0.4376590330788804,1696.0
34035053801,NJ2004002,1.762708,1.5498588060180227,0.8792487502286385,394,41.0,41,1.0,448.0
34035053804,NJ2004002,10.097323,4.126884745174834,0.408710778606848,1963,962.0,855,0.8887733887733887,4269.0
34035053805,NJ2004002,16.913773,15.756409733691395,0.9315727326889984,6025,1639.0,1603,0.9780353874313604,6326.0
34035053806,NJ2004002,11.794843,10.792127095493868,0.9149869222925534,2257,1004.0,999,0.9950199203187252,2455.0
34035053807,NJ2004002,13.389186,12.798653330336142,0.9558948042350104,6575,1508.0,1507,0.9993368700265252,6873.0
34035053901,NJ1808001,1.581982,0.0017982827566653,0.0011367276977015,1,336.0,0,0.0,0.0
34035053901,NJ1817001,1.581982,0.7371561358929121,0.4659699894770687,346,336.0,226,0.6726190476190477,500.0
34035053901,NJ2004002,1.581982,0.7484684308891287,0.4731206997861725,352,336.0,108,0.3214285714285714,239.0
34035053904,NJ2004002,11.155574,8.32646367192749,0.7463949118106779,2703,1300.0,1044,0.803076923076923,2909.0
34035053905,NJ1808001,8.6912,0.0005542711929678917,6.377383939707885e-05,0,1500.0,0,0.0,0.0
34035053905,NJ2004002,8.6912,7.815091765496775,0.8991959413541024,5961,1500.0,1381,0.9206666666666666,6103.0
34035054100,NJ0712001,12.498287,10.721299317397747,0.8578215012503512,6806,1867.0,1823,0.9764327798607392,7747.0
34035054201,NJ1808001,21.194747,0.0874432920398432,0.0041257058666396,30,1918.0,6,0.0031282586027111,22.0
34035054201,NJ1817001,21.194747,0.000752798501166515,3.551816406048702e-05,0,1918.0,0,0.0,0.0
34035054201,NJ2004002,21.194747,21.081705593090824,0.994666536623005,7135,1918.0,1905,0.9932221063607924,7124.0
34035054202,NJ2004002,42.615215,22.978039892869443,0.5391980280486546,3379,2726.0,2007,0.7362435803374908,4613.0
34035054301,NJ1808001,7.160097,6.529614425039924,0.9119449673712414,3153,1516.0,1488,0.9815303430079156,3393.0
34035054302,NJ1808001,6.897291,6.826161398646832,0.9896873132722444,5743,1428.0,1428,1.0,5803.0
34037371000,NJ1914002,117.148295,2.212897840893379,0.018889714450333,72,1790.0,295,0.164804469273743,625.0
34037371100,NJ1921001,86.988226,0.6562980979285279,0.0075446773443629,28,2198.0,95,0.0432211101000909,163.0
34037371100,NJ1924002,86.988226,0.3662102113258336,0.0042098825112933,16,2198.0,66,0.0300272975432211,113.0
34037371100,NJ1924003,86.988226,0.039963866727136,0.000459416964396263,2,2198.0,2,0.0009099181073703368,3.0
34037371100,NJ1924004,86.988226,0.249316771964814,0.0028660979011666,11,2198.0,62,0.0282074613284804,106.0
34037371200,NJ1921001,1.536014,1.5019721112359483,0.977837514004396,1979,650.0,646,0.9938461538461538,2012.0
34037371300,NJ1922006,32.330267,0.3508239426275715,0.0108512541089614,38,1541.0,123,0.0798182998053212,281.0
34037371400,NJ1922010,26.538103,0.1656962787082223,0.0062437122468106,19,1356.0,29,0.021386430678466,64.0
34037371400,NJ1922015,26.538103,0.035661860499094,0.0013437984056017,4,1356.0,23,0.0169616519174041,51.0
34037371400,NJ1922021,26.538103,0.0689972729221135,0.0025999323660064,8,1356.0,20,0.0147492625368731,44.0
34037371400,NJ1922022,26.538103,0.054588211530968,0.0020569748911958,6,1356.0,19,0.0140117994100294,42.0
34037371502,NJ1922004,37.375271,0.0556051452857246,0.0014877522971197,8,2104.0,36,0.0171102661596958,87.0
34037371502,NJ1922013,37.375271,0.0022147546960711,5.9257221066601506e-05,0,2104.0,0,0.0,0.0
34037371502,NJ1922017,37.375271,2.8530968140538846,0.0763364849997712,389,2104.0,1076,0.5114068441064639,2608.0
34037371502,NJ1922027,37.375271,0.0748927011684775,0.002003803562213,10,2104.0,16,0.0076045627376425,39.0
34037371503,NJ1922001,34.603529,0.1074006544112008,0.0031037485919774,8,1164.0,56,0.0481099656357388,126.0
34037371503,NJ1922011,34.603529,0.1847820300516684,0.0053399764530279,14,1164.0,85,0.0730240549828178,192.0
34037371503,NJ1922017,34.603529,0.3076553463313896,0.0088908661983981,23,1164.0,59,0.0506872852233677,133.0
34037371600,NJ1922012,25.451121,0.0367622325666788,0.0014444248866947,4,846.0,21,0.0248226950354609,77.0
34037371600,NJ1922013,25.451121,0.1638237393158821,0.0064367985722861,20,846.0,28,0.0330969267139479,102.0
34037371600,NJ1922026,25.451121,0.9673594971642108,0.0380085221851018,117,846.0,190,0.2245862884160756,693.0
34037371700,NJ1922005,18.772837,0.0522712448098845,0.0027844083880281,14,1956.0,25,0.0127811860940695,64.0
34037371700,NJ1922008,18.772837,0.8246183697669685,0.0439261455136998,221,1956.0,234,0.1196319018404908,602.0
34037371801,NJ1921001,53.275838,1.5016661892795624,0.0281866272902091,108,2005.0,57,0.028428927680798,109.0
34037371802,NJ1921001,32.643675,1.067624632712985,0.032705405647893,106,1481.0,138,0.0931802835921674,301.0
34037371802,NJ1924006,32.643675,0.040552183066979,0.0012422677001587,4,1481.0,9,0.0060769750168804,20.0
34037372000,NJ1920001,39.430545,0.1503231851259071,0.0038123537254153,11,1577.0,32,0.020291693088142,60.0
34037372100,NJ1910002,24.207354,0.1210231538953507,0.0049994375219757,10,890.0,132,0.148314606741573,286.0
34037372100,NJ1910003,24.207354,0.2554017607446273,0.0105505856090106,20,890.0,60,0.0674157303370786,130.0
34037372100,NJ1915001,24.207354,0.0025196251500286,0.00010408511190560568,0,890.0,0,0.0,0.0
34037372200,NJ1903001,21.711939,0.0004447745833396912,2.048525391213061e-05,0,1448.0,0,0.0,0.0
34037372200,NJ1905002,21.711939,0.0461657196603119,0.0021262826714975,4,1448.0,26,0.0179558011049723,36.0
34037372300,NJ1903001,67.562085,1.5923271205601082,0.023568353767651,97,2432.0,437,0.1796875,739.0
34037372300,NJ1905004,67.562085,0.0154274410140812,0.0002283446553504268,1,2432.0,3,0.0012335526315789,5.0
34037372500,NJ1909001,22.072036,0.0005846164946943608,2.6486749781232723e-05,0,937.0,0,0.0,0.0
34037372500,NJ1911001,22.072036,0.9363111876285678,0.0424206986445911,138,937.0,135,0.144076840981857,470.0
34037372500,NJ1911005,22.072036,0.3114168955813117,0.0141091150622131,46,937.0,141,0.1504802561366061,491.0
34037372600,NJ1906001,60.768099,0.0205782332399785,0.0003386354613459037,2,1930.0,0,0.0,0.0
34037372600,NJ1909001,60.768099,0.0016523319553956,2.719077908617215e-05,0,1930.0,0,0.0,0.0
34037372600,NJ1911002,60.768099,0.0839677474553948,0.001381773477156,7,1930.0,50,0.0259067357512953,126.0
34037372600,NJ1911003,60.768099,0.3300397958699473,0.0054311357653289,26,1930.0,214,0.110880829015544,539.0
34037372600,NJ1911004,60.768099,0.3087943014752667,0.0050815198526329,25,1930.0,103,0.0533678756476683,260.0
34037372600,NJ1911006,60.768099,0.9033713291397528,0.0148658810133216,72,1930.0,396,0.205181347150259,998.0
34037372600,NJ1916001,60.768099,0.00020523749099299313,3.3773887018087094e-06,0,1930.0,0,0.0,0.0
34037372700,NJ1909001,2.964811,2.9592905983064783,0.9981380257650414,3260,929.0,927,0.9978471474703984,3259.0
34037372700,NJ1911006,2.964811,4.332663577690255e-05,1.461362487420026e-05,0,929.0,0,0.0,0.0
34037372800,NJ1906001,4.687084,0.1831670236293566,0.0390790998474438,64,655.0,179,0.2732824427480916,445.0
34037372800,NJ1906002,4.687084,0.8180207869401395,0.1745265898669918,284,655.0,316,0.482442748091603,786.0
34037372800,NJ1909001,4.687084,0.0003050772921293974,6.508893208003045e-05,0,655.0,0,0.0,0.0
34037372800,NJ1916001,4.687084,0.0099044864047642,0.0021131446342255,3,655.0,7,0.0106870229007633,17.0
34037372900,NJ1906002,6.59511,2.3710626283417495,0.3595182837498918,1180,1280.0,989,0.77265625,2536.0
34037372900,NJ1909001,6.59511,0.0016581156431761,0.00025141591924564743,1,1280.0,0,0.0,0.0
34037373000,NJ1916001,5.707308,4.776560044348275,0.8369199707372154,1890,1003.0,997,0.9940179461615156,2244.0
34037373100,NJ1916001,45.237343,0.0011064699744768,2.4459216680273283e-05,0,2593.0,0,0.0,0.0
34037373100,NJ1918004,45.237343,7.0170569733305745,0.1551164703313935,982,2593.0,799,0.3081372927111453,1951.0
34037373200,NJ1916001,32.266079,0.0111745172093473,0.00034632398964086497,1,1312.0,0,0.0,0.0
34037373200,NJ1918003,32.266079,3.0281742583045186,0.09385008504766,340,1312.0,425,0.3239329268292683,1174.0
34037373200,NJ1918004,32.266079,0.4681340664894469,0.0145085514260795,53,1312.0,39,0.0297256097560975,108.0
34037373200,NJ1918013,32.266079,0.9422888332843976,0.0292036982022016,106,1312.0,126,0.0960365853658536,348.0
34037373300,NJ1918004,10.728845,4.010064806225718,0.3737648186944371,1138,1136.0,736,0.647887323943662,1973.0
34037373400,NJ1918004,7.050646,8.379196222507778,1.1884295740429711,7842,2701.0,2674,0.9900037023324696,6533.0
34037373500,NJ1901001,23.260347,2.499007857559695,0.1074363962652704,408,1613.0,289,0.1791692498450093,681.0
34037373500,NJ1902003,23.260347,1.315760154570229,0.0565666606164658,215,1613.0,354,0.2194668319900806,834.0
34037373500,NJ1902004,23.260347,0.072029433567157,0.0030966620389264,12,1613.0,34,0.0210787352758834,80.0
34037373500,NJ1902007,23.260347,0.014688245787777,0.0006314714818217031,2,1613.0,0,0.0,0.0
34037373500,NJ1902008,23.260347,0.0398485312910282,0.0017131529160346,7,1613.0,0,0.0,0.0
34037373500,NJ1904003,23.260347,0.0871347756907727,0.0037460651679346,14,1613.0,28,0.0173589584624922,66.0
34037373500,NJ1918004,23.260347,0.0065163363299183,0.0002801478554863498,1,1613.0,0,0.0,0.0
34037373600,NJ1901001,32.145624,0.0022750168196801,7.077220898496495e-05,0,1211.0,0,0.0,0.0
34037373600,NJ1902005,32.145624,0.0389420727566201,0.0012114268728029,3,1211.0,7,0.0057803468208092,16.0
34037373600,NJ1902007,32.145624,0.1450181969583198,0.0045112889069541,13,1211.0,46,0.0379851362510322,106.0
34037373600,NJ1902346,32.145624,0.1661819161385968,0.0051696590533939,14,1211.0,10,0.0082576383154417,23.0
34037373600,NJ1915001,32.145624,0.3884620253659565,0.0120844450045815,34,1211.0,90,0.074318744838976,207.0
34037373700,NJ1915001,3.820497,3.047771096418323,0.7977420467594459,3169,1024.0,992,0.96875,3849.0
34037373800,NJ1915001,4.88212,4.328201108561301,0.8865413198695038,3902,1618.0,1610,0.9950556242274412,4379.0
34037373900,NJ1920001,69.732911,1.2936540413401454,0.0185515565432245,74,2254.0,360,0.1597160603371783,640.0
34037374000,NJ1907001,45.686444,0.1845717833379544,0.0040399682526824,13,1675.0,44,0.0262686567164179,85.0
34037374000,NJ1907002,45.686444,0.5384995858761388,0.0117868570790087,38,1675.0,90,0.053731343283582,174.0
34037374000,NJ1915001,45.686444,0.0016421761744785,3.594449536231356e-05,0,1675.0,0,0.0,0.0
34037374100,NJ1908001,41.527374,0.5942137426636751,0.0143089650374636,52,1821.0,76,0.0417353102690829,151.0
34037374100,NJ1908308,41.527374,0.0932628995024007,0.0022458174095573,8,1821.0,15,0.0082372322899505,30.0
34037374200,NJ1427017,19.954961,0.0007424808038296178,3.720783036507151e-05,0,1161.0,0,0.0,0.0
34037374200,NJ1904001,19.954961,0.8248798991290218,0.0413370840027711,93,1161.0,452,0.3893195521102497,878.0
34037374200,NJ1904004,19.954961,0.0372328486437234,0.0018658442200775,4,1161.0,30,0.0258397932816537,58.0
34037374200,NJ1904006,19.954961,0.0406628814825369,0.0020377329468364,5,1161.0,17,0.0146425495262704,33.0
34037374300,NJ1904002,16.362014,0.2984415733626419,0.018239904535141,62,1534.0,183,0.1192959582790091,407.0
34037374300,NJ1904003,16.362014,1.364838927215114,0.0834150934729131,284,1534.0,389,0.2535853976531942,864.0
34037374300,NJ1904007,16.362014,0.0612645806159079,0.0037443178215046,13,1534.0,22,0.014341590612777,49.0
34037374300,NJ1919001,16.362014,8.126618655514904e-06,4.966759382747689e-07,0,1534.0,0,0.0,0.0
34037374400,NJ1904009,19.29797,0.791881202065297,0.0410344301532905,97,999.0,175,0.1751751751751751,414.0
34037374400,NJ1918004,19.29797,1.632008218212205,0.0845689063778317,200,999.0,453,0.4534534534534534,1072.0
34037374500,NJ1912001,17.100209,0.0481546935339011,0.0028160295312122,5,1093.0,42,0.0384263494967978,72.0
34037374600,NJ1428001,4.759593,0.0015060809625976,0.0003164306197184555,1,1185.0,0,0.0,0.0
34037374600,NJ1904001,4.759593,0.00013145177119039,2.76182797962746e-05,0,1185.0,0,0.0,0.0
34037374600,NJ1919001,4.759593,3.22144608751018,0.6768322601344654,2387,1185.0,1145,0.9662447257383966,3407.0
34037374700,NJ1912001,3.731646,3.126861000325735,0.837930768439915,3420,2037.0,1608,0.7893961708394698,3222.0
34037374800,NJ1436003,5.541899,0.0033096168664749,0.000597199058747727,3,1847.0,0,0.0,0.0
34037374800,NJ1912001,5.541899,2.4240682251852412,0.4374075069187008,1874,1847.0,1134,0.6139685977260422,2631.0
34037374900,NJ1912001,1.979625,1.6991624919964028,0.8583254363813363,3536,1727.0,1499,0.8679791546033584,3576.0
34039030200,NJ2004001,0.396855,0.3635436169604648,0.916061576546761,3568,470.0,470,1.0,3895.0
34039030400,NJ2004001,0.538486,0.4987712742461486,0.9262474312166864,6348,777.0,777,1.0,6854.0
34039030500,NJ2004001,0.943692,0.6444622482344707,0.6829158753433013,4058,915.0,895,0.9781420765027322,5812.0
34039030600,NJ2004001,1.688959,0.760964442742309,0.4505523477729826,1681,645.0,582,0.9023255813953488,3366.0
34039030600,NJ2004002,1.688959,0.0030553070327141,0.0018089882778173,7,645.0,2,0.0031007751937984,12.0
34039030701,NJ2004001,0.324112,0.2352460544248949,0.7258171694503596,1590,438.0,428,0.9771689497716894,2140.0
34039030701,NJ2004002,0.324112,0.00032957981736725194,0.0010168701478725,2,438.0,0,0.0,0.0
34039030703,NJ2004001,0.515482,0.4984358235753033,0.96693157777634,5109,667.0,667,1.0,5284.0
34039030704,NJ2004001,0.263824,0.2565670227281036,0.9724931118022,2971,345.0,345,1.0,3055.0
34039030802,NJ2004001,0.601392,0.4851233876588859,0.8066675108064056,2425,479.0,466,0.9728601252609604,2924.0
34039030900,NJ2004001,0.760385,0.544567029857749,0.716172767555579,4644,1097.0,1094,0.9972652689152234,6467.0
34039031000,NJ2004001,0.280705,0.2660711892087682,0.9478676518365128,4316,531.0,531,1.0,4553.0
34039031100,NJ2004001,0.603716,0.5295716149173374,0.8771866488834773,5491,828.0,819,0.9891304347826086,6192.0
34039031200,NJ2004001,0.866687,0.7260501544504478,0.8377305237651516,5623,1003.0,986,0.9830508474576272,6598.0
34039031301,NJ2004001,0.858253,0.3411342871347816,0.3974752050208757,1355,749.0,691,0.9225634178905208,3144.0
34039031302,NJ2004001,0.417085,0.4068842111598662,0.97554266195108,4077,670.0,670,1.0,4179.0
34039031400,NJ2004001,0.498555,0.4732592634261976,0.9492618937252612,5512,662.0,660,0.9969788519637462,5789.0
34039031500,NJ2004001,0.833929,0.8322193564266189,0.9979498931283346,5678,1014.0,1013,0.9990138067061144,5684.0
34039031601,NJ2004001,0.482172,0.4521336742840756,0.9377020529688068,4123,286.0,276,0.965034965034965,4243.0
34039031602,NJ2004001,0.858367,0.5846359229839665,0.6811025155719715,3929,828.0,819,0.9891304347826086,5705.0
34039031602,NJ2004002,0.858367,6.68856105133891e-05,7.792192676720925e-05,0,828.0,0,0.0,0.0
34039031700,NJ2004001,0.758872,0.7543719804198293,0.9940701204153392,6089,571.0,569,0.9964973730297724,6104.0
34039031700,NJ2004002,0.758872,0.0026884584768805,0.0035427034821163,22,571.0,2,0.0035026269702276,21.0
34039031801,NJ2004001,0.570315,0.5695674557276525,0.9986892431860508,5609,845.0,845,1.0,5616.0
34039031801,NJ2004002,0.570315,0.0007481076815519482,0.0013117447052101,7,845.0,0,0.0,0.0
34039031802,NJ2004001,0.282443,0.2809845121984046,0.9948361694161464,3328,298.0,298,1.0,3345.0
34039031802,NJ2004002,0.282443,0.00015824709239881487,0.0005602797463517059,2,298.0,0,0.0,0.0
34039031903,NJ2004001,0.517212,0.5157435846852408,0.9971609024640588,6498,613.0,613,1.0,6516.0
34039031904,NJ2004001,0.288073,0.2679038236067027,0.9299858841568028,3058,186.0,184,0.989247311827957,3253.0
34039032002,NJ2004001,0.487019,0.4849958522463282,0.995845854568976,4073,769.0,768,0.9986996098829648,4085.0
34039032002,NJ2004002,0.487019,0.0020230995320365,0.0041540464171553,17,769.0,1,0.0013003901170351,5.0
34039032003,NJ2004001,0.468144,0.4677794495003278,0.9992212855453192,3872,769.0,769,1.0,3875.0
34039032003,NJ2004002,0.468144,0.0003629981470461935,0.0007753984821896543,3,769.0,0,0.0,0.0
34039032004,NJ2004001,0.232569,0.229205284651272,0.9855366994366058,3047,339.0,337,0.9941002949852508,3074.0
34039032004,NJ2004002,0.232569,0.0033632270529493,0.014461200989596,45,339.0,2,0.0058997050147492,18.0
34039032101,NJ2004001,0.840475,0.757593157298911,0.9013869029999834,3466,1081.0,1072,0.9916743755781684,3813.0
34039032101,NJ2004002,0.840475,0.0002079486998730572,0.0002474180670133641,1,1081.0,0,0.0,0.0
34039032102,NJ2004001,0.765935,0.7623173143981884,0.9952767720474824,3224,1228.0,1228,1.0,3239.0
34039032102,NJ2004002,0.765935,0.0036153715147744,0.0047202066947905,15,1228.0,0,0.0,0.0
34039032200,NJ0714001,1.042522,0.0007342718252353371,0.0007043226188371441,4,1821.0,1,0.0005491488193300384,3.0
34039032200,NJ2004002,1.042522,1.0294479673377288,0.9874592261244644,5909,1821.0,1820,0.99945085118067,5981.0
34039032300,NJ0712001,2.082087,6.587507412070408e-05,3.16389632713254e-05,0,751.0,0,0.0,0.0
34039032300,NJ2004002,2.082087,1.307210798957234,0.6278367805750836,1555,751.0,645,0.8588548601864181,2127.0
34039032401,NJ2004002,0.814882,0.8148851626454584,1.000003881108502,4340,1219.0,1219,1.0,4340.0
34039032402,NJ2004002,0.946433,0.857086039521607,0.9055961061391636,3315,1137.0,1135,0.9982409850483728,3655.0
34039032500,NJ2004001,2.279888,0.00036728968540986534,0.00016109988096339175,1,2020.0,0,0.0,0.0
34039032500,NJ2004002,2.279888,1.9193144139051157,0.8418459213369759,5046,2020.0,2006,0.9930693069306932,5952.0
34039032600,NJ2004002,1.482748,1.4041505489991637,0.946992037081934,4850,942.0,942,1.0,5121.0
34039032701,NJ2004002,1.238964,1.0486181744404002,0.8463669440277524,2867,890.0,873,0.9808988764044944,3322.0
34039032702,NJ2004002,1.884903,1.8060384881942888,0.9581599096581038,4627,1552.0,1549,0.9980670103092784,4820.0
34039032800,NJ0712001,1.174766,0.0039013956786123,0.003320998120998,18,1359.0,0,0.0,0.0
34039032800,NJ2004002,1.174766,1.1307278745865927,0.9625132788883852,5146,1359.0,1352,0.9948491537895512,5318.0
34039032901,NJ0712001,1.48904,9.51766960802488e-05,6.391815940488422e-05,0,1275.0,0,0.0,0.0
34039032901,NJ2004002,1.48904,1.356408854309137,0.9109284198605392,3735,1275.0,1275,1.0,4100.0
34039032902,NJ0712001,1.776284,0.0050603626960748,0.0028488477608731,15,1755.0,0,0.0,0.0
34039032902,NJ2004002,1.776284,1.7599897610560815,0.9908267827982924,5054,1755.0,1755,1.0,5101.0
34039033000,NJ0712001,3.958239,0.0017886920738294,0.0004518908721351768,2,1497.0,0,0.0,0.0
34039033000,NJ2004002,3.958239,2.3858428203504656,0.6027536033954659,2595,1497.0,1381,0.92251169004676,3971.0
34039033100,NJ2004002,1.63701,1.5645335643433465,0.9557263329749645,5693,2020.0,2019,0.9995049504950496,5954.0
34039033200,NJ2004002,2.483032,2.2099080329510987,0.890003847292785,3864,1547.0,1516,0.9799612152553328,4254.0
34039033300,NJ2004002,1.051076,1.0121265440834777,0.9629432544206868,3898,1432.0,1432,1.0,4048.0
34039033400,NJ2004002,1.234455,1.199037963688149,0.9713095768482034,3708,1420.0,1416,0.9971830985915492,3807.0
34039033501,NJ2004002,1.762663,1.7626614525258493,0.9999991220816736,4543,1379.0,1379,1.0,4543.0
34039033502,NJ2004001,2.268292,0.0026870558189965,0.0011846163628829,6,842.0,0,0.0,0.0
34039033502,NJ2004002,2.268292,1.9099720520764216,0.8420309431397814,4069,842.0,812,0.9643705463182898,4660.0
34039033600,NJ0712001,5.559876,0.0009565099058412016,0.0001720379925453736,1,3326.0,0,0.0,0.0
34039033600,NJ2004002,5.559876,4.426052958192981,0.7960704444115266,6708,3326.0,3198,0.9615153337342152,8103.0
34039033700,NJ2004001,0.999501,0.0053470958158876,0.0053497653487967,26,1541.0,0,0.0,0.0
34039033700,NJ2004002,0.999501,0.9941532236353228,0.9946495537626504,4785,1541.0,1541,1.0,4811.0
34039033800,NJ2004002,1.327714,1.3046031834540075,0.982593528014322,5732,1530.0,1527,0.9980392156862744,5823.0
34039033900,NJ2004002,0.844237,0.8207155861590107,0.9721388498241734,3229,848.0,843,0.9941037735849056,3302.0
34039034000,NJ2004002,1.49135,1.4171883898388222,0.9502721626974368,5710,1405.0,1386,0.986476868327402,5928.0
34039034100,NJ2004002,1.556596,0.9558986827830144,0.6140955538771874,2251,1067.0,1060,0.993439550140581,3641.0
34039034200,NJ2004002,1.05359,1.0535910760980205,1.000001021363168,3747,1093.0,1093,1.0,3747.0
34039034300,NJ2004002,1.524131,1.5230789975485113,0.99930976900838,4419,1124.0,1124,1.0,4422.0
34039034400,NJ2004002,1.19898,1.1615964552241893,0.9688205434821175,4701,1341.0,1332,0.9932885906040269,4819.0
34039034500,NJ2004001,0.985278,8.7155288182199e-05,8.845756038620471e-05,0,1247.0,0,0.0,0.0
34039034500,NJ2004002,0.985278,0.9317630348281836,0.9456854155154014,4516,1247.0,1235,0.9903769045709704,4729.0
34039034600,NJ2004002,0.781048,0.7483655355634827,0.9581556262399784,4252,1021.0,1019,0.9980411361410382,4429.0
34039034700,NJ2004002,0.808242,0.808239577041951,0.9999970021874032,4139,1048.0,1048,1.0,4139.0
34039034800,NJ2004002,1.447723,1.4286934688260111,0.9868555440688662,5001,1860.0,1859,0.999462365591398,5065.0
34039034800,NJ2021001,1.447723,2.8734701320528984e-05,1.98482039178275e-05,0,1860.0,0,0.0,0.0
34039034900,NJ2004002,1.712234,1.6516541788133856,0.9646194263245476,6445,1959.0,1954,0.9974476773864216,6664.0
34039034900,NJ2013001,1.712234,0.0001692188670441392,9.882928796189024e-05,1,1959.0,1,0.0005104645227156713,3.0
34039035000,NJ2004002,1.367484,0.8256187746234034,0.6037502264183007,1725,978.0,901,0.9212678936605316,2632.0
34039035000,NJ2013001,1.367484,0.0003037649682536721,0.00022213420285259068,1,978.0,0,0.0,0.0
34039035100,NJ2004002,0.867081,0.7483752594829102,0.8630972878922617,3605,797.0,780,0.9786700125470514,4088.0
34039035200,NJ2004001,1.826245,0.0008726713120043277,0.00047785007597793714,1,806.0,0,0.0,0.0
34039035200,NJ2004002,1.826245,0.6611507900430476,0.3620274333635671,959,806.0,713,0.8846153846153846,2343.0
34039035300,NJ2004002,1.10927,1.0643861034332662,0.9595374466390204,5817,1223.0,1214,0.9926410466067048,6017.0
34039035400,NJ2004002,16.77619,2.9939745072714707,0.178465700929202,516,2014.0,1017,0.5049652432969215,1460.0
34039035500,NJ2013001,2.048209,1.7583248776060838,0.8584694616643536,6229,1985.0,1971,0.9929471032745592,7205.0
34039035600,NJ1225001,1.483424,0.0033366412917784,0.0022492836112793,8,1505.0,0,0.0,0.0
34039035600,NJ2013001,1.483424,1.4337383343456909,0.9665060928943382,3602,1505.0,1505,1.0,3727.0
34039035700,NJ1225001,1.770113,3.3136925939470526e-05,1.8720231950994385e-05,0,1799.0,0,0.0,0.0
34039035700,NJ2013001,1.770113,1.6518458872138944,0.9331866876373962,5228,1799.0,1788,0.9938854919399668,5568.0
34039035800,NJ1225001,2.025275,0.000504093269020319,0.0002489011462741203,1,1116.0,0,0.0,0.0
34039035800,NJ2013001,2.025275,1.4433254735983043,0.7126565397777114,2380,1116.0,1049,0.9399641577060932,3139.0
34039035900,NJ2013001,0.774796,0.7310292441042572,0.943511897459792,3951,724.0,717,0.9903314917127072,4148.0
34039036000,NJ2013001,1.989182,1.4103089435262364,0.7089893954028522,3860,1128.0,1066,0.9450354609929078,5145.0
34039036100,NJ2004002,0.469196,0.0096034260342431,0.0204678344108711,29,268.0,0,0.0,0.0
34039036100,NJ2021001,0.469196,0.442803125840825,0.9437487230087744,1343,268.0,267,0.996268656716418,1418.0
34039036200,NJ1225001,3.90912,0.0004285234238076955,0.00010962145541904456,1,2642.0,0,0.0,0.0
34039036200,NJ2004002,3.90912,3.604676570904051,0.9221197023637164,5935,2642.0,2626,0.9939439818319457,6397.0
34039036200,NJ2013001,3.90912,0.0130148460921006,0.0033293544562716,21,2642.0,0,0.0,0.0
34039036200,NJ2021001,3.90912,0.0059565014184451,0.001523744837315,10,2642.0,0,0.0,0.0
34039036301,NJ2004002,3.619438,3.0697537116404607,0.8481299338848906,4435,1523.0,1497,0.9829284307288249,5140.0
34039036302,NJ1225001,3.539041,0.0020712131937367,0.0005852470185388437,2,1309.0,0,0.0,0.0
34039036302,NJ2004002,3.539041,2.646086915819298,0.7476847303603711,2900,1309.0,1300,0.9931245225362872,3852.0
34039036400,NJ0712001,4.9627,6.125091153755784e-05,1.2342255533793667e-05,0,2551.0,0,0.0,0.0
34039036400,NJ2004002,4.9627,4.801136291983642,0.9674443935727814,7162,2551.0,2540,0.995687965503724,7371.0
34039036500,NJ2004002,3.302807,3.2982228404308063,0.9986120413426538,5606,1927.0,1927,1.0,5614.0
34039036600,NJ2004002,2.30904,2.150933421555844,0.9315271374925702,3819,1451.0,1436,0.9896623018607856,4058.0
34039036700,NJ2004002,2.397871,2.397867101960631,0.9999983743748646,6071,2125.0,2125,1.0,6071.0
34039036800,NJ2004002,4.442989,4.370847338688729,0.9837628089308188,7717,2528.0,2526,0.9992088607594936,7838.0
34039036900,NJ2004002,1.684494,1.5624678221512427,0.9275591496029328,4131,1720.0,1706,0.9918604651162792,4418.0
34039037000,NJ2004002,2.961425,2.8235618285467536,0.9534470157261296,5766,1969.0,1968,0.999492127983748,6045.0
34039037100,NJ2004002,2.927058,2.242618735533583,0.7661681919297749,3350,1632.0,1630,0.9987745098039216,4368.0
34039037200,NJ2004002,1.992502,1.7118785740101785,0.8591602788906502,3672,1245.0,1209,0.9710843373493976,4150.0
34039037300,NJ2004002,2.789543,2.385437501571134,0.8551355908731767,3969,1729.0,1711,0.9895893580104106,4593.0
34039037400,NJ2004002,1.852226,1.5814256403354776,0.8537973445656619,3851,1613.0,1613,1.0,4511.0
34039037500,NJ0712001,3.156603,2.889824764449775,0.915485654816198,5474,1721.0,1710,0.9936083672283555,5941.0
34039037500,NJ2004002,3.156603,0.0060249815729723,0.0019086915817327,11,1721.0,0,0.0,0.0
34039037601,NJ0712001,5.58049,5.236202411780336,0.9383051330224292,4427,1440.0,1439,0.9993055555555556,4715.0
34039037602,NJ0712001,4.619185,3.3369794890637485,0.7224173721259808,4682,1792.0,1711,0.9547991071428572,6188.0
34039037602,NJ2004002,4.619185,0.0089902672269717,0.0019462886260177,13,1792.0,0,0.0,0.0
34039037700,NJ0712001,4.336244,4.236997961484392,0.9771124414318918,4740,1688.0,1687,0.9994075829383886,4848.0
34039037700,NJ1404001,4.336244,0.0019460033102137,0.0004487762474191463,2,1688.0,0,0.0,0.0
34039037800,NJ0712001,3.802284,3.3704314222730423,0.8864228506531974,5388,1532.0,1491,0.9732375979112272,5915.0
34039037800,NJ1404001,3.802284,0.0025685813354589,0.0006755364237544863,4,1532.0,0,0.0,0.0
34039037900,NJ0712001,4.917627,3.9563672134166943,0.8045277149764906,4916,2015.0,2013,0.9990074441687344,6105.0
34039038000,NJ0712001,2.468339,2.3304239739902552,0.9441263837707282,5362,1732.0,1716,0.9907621247113164,5627.0
34039038101,NJ0712001,3.518528,3.300798500093056,0.9381191509895777,4724,1312.0,1301,0.9916158536585366,4994.0
34039038103,NJ0712001,3.143689,2.7838640033452906,0.8855405236794386,3011,1230.0,1215,0.9878048780487804,3359.0
34039038104,NJ0712001,2.89044,2.8904422328882684,1.0000007725080848,5214,1557.0,1557,1.0,5214.0
34039038201,NJ0712001,9.582311,7.445188767819357,0.7769721487665509,4770,2051.0,2022,0.9858605558264262,6052.0
34039038202,NJ0712001,6.528346,6.388484932778632,0.9785763396699,6993,2510.0,2493,0.993227091633466,7098.0
34039038300,NJ0712001,10.350652,0.0090885879308664,0.0008780691236519686,6,2769.0,0,0.0,0.0
34039038300,NJ2004002,10.350652,7.699400546162968,0.7438565750411634,5222,2769.0,2710,0.978692668833514,6870.0
34039038400,NJ2004002,4.556513,2.7206904457546672,0.5970992392109201,3651,2078.0,2064,0.9932627526467758,6074.0
34039038500,NJ2004002,3.169513,3.1705963719722137,1.0003418102314816,6138,2242.0,2242,1.0,6136.0
34039038601,NJ2004002,7.830647,7.852105919651917,1.0027403763254703,8499,2208.0,2206,0.9990942028985508,8468.0
34039038602,NJ1225001,7.808023,2.113087948318571e-05,2.706303437270319e-06,0,1508.0,0,0.0,0.0
34039038602,NJ2004002,7.808023,7.777041101965784,0.9960320431901628,4224,1508.0,1507,0.9993368700265252,4238.0
34039038701,NJ2004002,1.822253,1.8010654093985974,0.9883728600795816,4036,1436.0,1434,0.9986072423398328,4077.0
34039038702,NJ2004002,1.647416,1.6427072780067724,0.9971417529068386,3680,1295.0,1294,0.9992277992277993,3688.0
34039038800,NJ2004002,1.584903,1.4416400012047426,0.9096077180778523,4455,1337.0,1313,0.9820493642483172,4810.0
34039038900,NJ2004002,1.105233,1.105232271118037,0.9999993405173724,5982,901.0,901,1.0,5982.0
34039039000,NJ2004002,1.001035,0.8768292176650915,0.8759226377350358,4037,756.0,737,0.9748677248677248,4493.0
34039039100,NJ2004002,2.22367,2.229251021271053,1.0025098244213633,3289,1342.0,1341,0.9992548435171386,3279.0
34039039200,NJ2004002,1.308388,1.215496584181272,0.9290031582231508,5424,991.0,983,0.9919273461150352,5791.0
34039039301,NJ2004002,0.499702,0.4483481643596104,0.8972310784419724,3317,349.0,337,0.9656160458452722,3570.0
34039039302,NJ2004002,0.412609,0.368389100298952,0.8928285623894583,2300,183.0,177,0.9672131147540984,2492.0
34039039400,NJ2004002,1.733134,1.6683072035813922,0.9625956236398294,5907,1126.0,1126,1.0,6137.0
34039039501,NJ2004002,0.590924,0.5909250172499697,1.0000017214565151,3940,725.0,725,1.0,3940.0
34039039502,NJ2004002,0.868293,0.757319289714001,0.8721932454989283,2862,692.0,677,0.9783236994219652,3210.0
34039039600,NJ2004002,1.538879,1.5373664510982714,0.9990171099210992,4511,1152.0,1151,0.9991319444444444,4511.0
34039039700,NJ2004002,2.567721,2.437263010945067,0.9491930824825076,5536,1692.0,1690,0.9988179669030732,5825.0
34039039801,NJ0714001,1.035061,0.1510488267975678,0.145932294616035,706,620.0,4,0.0064516129032258,31.0
34039039801,NJ2004001,1.035061,0.6918259098177068,0.6683914376231997,3234,620.0,606,0.9774193548387096,4729.0
34039039900,NJ2004001,0.670963,0.4949979122321383,0.7377424868914357,1413,198.0,177,0.8939393939393939,1712.0
34039980000,NJ0714001,13.255733,3.2891461350171567,0.2481300834150142,74,296.0,41,0.1385135135135135,41.0
34039980000,NJ2004001,13.255733,0.3162309092782847,0.0238561616530964,7,296.0,36,0.1216216216216216,36.0
34041030600,NJ2119001,2.488204,1.6721547161778156,0.6720328060632551,2763,1435.0,1301,0.9066202090592336,3727.0
34041030700,NJ2119001,1.167485,0.9884986051246504,0.8466906256822575,4283,1475.0,1463,0.991864406779661,5018.0
34041030800,NJ2119001,2.790435,1.5705981139714713,0.5628506358225407,1726,1202.0,1157,0.9625623960066556,2952.0
34041030900,NJ2119001,1.820195,1.0867606271980903,0.5970572533152164,1798,769.0,733,0.953185955786736,2871.0
34041031101,NJ2104001,131.068988,1.0274429723752028,0.0078389479315671,45,3292.0,245,0.0744228432563791,425.0
34041031102,NJ2106304,104.712203,0.065750560219407,0.0006279168839510241,2,2383.0,1,0.000419639110365086,2.0
34041031200,NJ2113002,141.094471,0.0252646588514931,0.00017906200485696668,1,4889.0,32,0.0065453057885048,48.0
34041031200,NJ2113003,141.094471,0.0434565428015701,0.00030799607166442504,2,4889.0,14,0.0028635712824708,21.0
34041031200,NJ2113301,141.094471,0.0017146492643356,1.2152490825353671e-05,0,4889.0,1,0.0002045408058907752,2.0
34041031301,NJ2108001,51.359481,6.737223187002383,0.1311777894913381,717,2126.0,499,0.2347130761994355,1284.0
34041031301,NJ2112001,51.359481,0.0802169216468334,0.0015618717340004,9,2126.0,35,0.0164628410159924,90.0
34041031301,NJ2112002,51.359481,0.751176638808189,0.014625861168811,80,2126.0,126,0.0592662276575729,324.0
34041031302,NJ2101001,51.779533,3.3053609351240367,0.0638352789918757,341,1548.0,833,0.5381136950904393,2871.0
34041031302,NJ2108001,51.779533,0.3559537171382103,0.0068744095690899,37,1548.0,0,0.0,0.0
34041031401,NJ2108001,5.030897,3.9918110141222254,0.7934591016516985,3905,1570.0,1549,0.986624203821656,4856.0
34041031402,NJ2108001,4.323739,4.288642211610489,0.9918827689669728,5283,1460.0,1448,0.9917808219178084,5282.0
34041031500,NJ1438001,76.626862,0.0533605482472617,0.0006963686996247057,5,3052.0,6,0.0019659239842726,15.0
34041031500,NJ2108001,76.626862,5.0275509421366955,0.0656108159843045,511,3052.0,864,0.2830930537352555,2203.0
34041031500,NJ2116002,76.626862,0.0492624129252135,0.0006428869934046572,5,3052.0,0,0.0,0.0
34041031500,NJ2116004,76.626862,0.0121873124828934,0.00015904752151919596,1,3052.0,1,0.000327653997378768,3.0
34041031601,NJ2103001,70.878257,2.120181722882803,0.0299130059431738,138,2876.0,413,0.1436022253129346,661.0
34041031601,NJ2123002,70.878257,0.0807728154198635,0.0011395993473691,5,2876.0,15,0.0052155771905424,24.0
34041031601,NJ2123003,70.878257,0.2358425648470358,0.0033274317799185,15,2876.0,235,0.0817107093184979,376.0
34041031602,NJ2117002,15.432458,0.1033283879567679,0.0066955236785201,16,1081.0,57,0.0527289546716003,129.0
34041031602,NJ2117003,15.432458,0.0226446009206864,0.0014673359824265,4,1081.0,4,0.003700277520814,9.0
34041031700,NJ2103001,3.754042,1.9292794469982832,0.5139205813356066,1295,1113.0,1047,0.9407008086253368,2371.0
34041031800,NJ2110001,61.513096,0.2318955810489224,0.0037698570894386,9,1785.0,78,0.0436974789915966,109.0
34041031800,NJ2110003,61.513096,0.107415280396213,0.0017462180800688,4,1785.0,22,0.0123249299719887,31.0
34041031800,NJ2119001,61.513096,0.0012887315620286,2.0950523479238145e-05,0,1785.0,0,0.0,0.0
34041031900,NJ1013001,46.51781,1.1601719677448272e-05,2.4940382355593e-07,0,3260.0,0,0.0,0.0
34041031900,NJ2121001,46.51781,7.566621092060759,0.1626607334279227,1056,3260.0,1714,0.5257668711656441,3413.0
34041032000,NJ2121001,5.089764,4.39210364862201,0.8629287425943541,6299,2453.0,2446,0.9971463514064411,7278.0
34041032101,NJ2121001,60.657041,1.6534126860748612,0.0272583802113733,81,2012.0,307,0.1525844930417495,453.0
34041032102,NJ2119001,27.404571,6.7151732483654305,0.2450384371412138,1341,2279.0,1637,0.7182974989030276,3931.0
34041032200,NJ2110003,18.945929,0.0380264769619198,0.0020071054294524,18,3058.0,11,0.0035971223021582,32.0
34041032200,NJ2119001,18.945929,7.708809374555339,0.4068847389090996,3571,3058.0,2596,0.8489208633093526,7450.0
34041032300,NJ2102001,34.627544,0.0080980431162512,0.00023386131907741423,1,2036.0,0,0.0,0.0
34041032300,NJ2119001,34.627544,1.6208465911283532,0.0468080147736828,152,2036.0,921,0.4523575638506876,1466.0
34041032300,NJ2120001,34.627544,0.1758408450606395,0.0050780628583026,16,2036.0,24,0.0117878192534381,38.0
34041032300,NJ2120002,34.627544,0.6218822713303667,0.0179591792975663,58,2036.0,95,0.0466601178781925,151.0
34041032400,NJ2102001,4.352916,3.849088459675109,0.8842551658876738,2059,1153.0,1145,0.9930615784908932,2312.0
34041032400,NJ2119001,4.352916,0.1906441470172975,0.0437968816805326,102,1153.0,96,0.0832610581092801,194.0
