ZIPCODE,NAME,total_pop,pct_white,pct_black,pct_native,pct_asian,pct_pacific_islander,pct_hispanic,pct_nonhispanic_white,hh_total,hh_less_than_10k,hh_10k_to_15k,hh_15k_to_25k,hh_25k_to_35k,hh_35k_to_50k,hh_50k_to_75k,hh_75k_to_100k,hh_100k_to_150k,hh_150k_to_200k,hh_200k_or_more,hh_median_income,hh_mean_income,pct_poc,zhvi,max_pfas,mean_pfas,total_detections,num_contaminants
07001,ZCTA5 07001,17121,45.1,34.4,1.4,17.0,0.0,25.3,27.9,5615,4.0,1.2,3.2,4.5,11.0,9.7,15.0,22.6,9.7,19.0,101670,125172,54.9,498164.455781928,,,,
07002,ZCTA5 07002,71553,65.5,17.3,1.5,10.2,0.1,32.1,42.5,28951,4.9,4.7,6.0,6.7,8.2,14.5,14.8,19.5,8.2,12.6,83887,106298,34.5,578074.9484615728,0.0046,0.00016375,3.0,20.0
07003,ZCTA5 07003,53771,56.5,20.1,1.7,11.0,0.0,30.9,37.4,21215,2.7,2.0,4.9,5.5,5.6,14.8,12.6,20.0,12.6,19.1,103663,139365,43.5,582757.3291699187,0.0053,8e-05,4.0,20.0
07004,ZCTA5 07004,7824,94.7,1.8,0.2,4.2,0.2,11.7,82.2,3039,6.3,0.0,2.5,4.5,3.6,5.0,16.0,23.8,15.1,23.1,115980,145876,5.299999999999997,770204.2155529688,0.0115,0.00141375,17.0,20.0
07005,ZCTA5 07005,15307,86.6,5.3,1.5,8.7,0.2,11.6,74.1,5801,5.4,0.8,3.7,5.2,3.7,7.1,11.8,17.6,16.1,28.6,132629,168824,13.400000000000006,691455.4331793509,0.0111,0.0009619289340101523,36.0,20.0
07006,ZCTA5 07006,26654,84.6,5.2,1.3,11.2,0.2,12.7,72.0,10074,3.5,0.6,2.4,3.0,5.6,9.6,9.2,16.2,13.7,36.1,149102,196078,15.400000000000006,807492.0629393406,0.0423,0.0011405,69.0,20.0
07008,ZCTA5 07008,25526,34.7,24.5,1.6,27.3,0.2,34.3,18.7,8230,4.2,2.9,4.3,3.0,8.9,17.0,11.3,19.7,14.9,13.7,97021,121147,65.3,523086.60427457985,0.0073,0.0002515,11.0,20.0
07009,ZCTA5 07009,13535,85.1,4.9,0.7,10.2,0.4,7.9,76.1,4992,5.2,0.3,2.7,2.8,4.4,7.2,6.1,20.0,19.1,32.3,151625,184350,14.900000000000006,731485.4798077065,0.0423,0.00050625,15.0,20.0
07010,ZCTA5 07010,25781,63.5,5.8,4.6,15.5,0.0,34.5,41.4,10609,4.4,4.1,4.3,5.6,10.4,14.9,8.6,22.4,9.1,16.3,93452,121080,36.5,606978.1962323772,0.014,0.0011375,48.0,20.0
07011,ZCTA5 07011,38587,62.7,9.4,1.1,5.2,0.3,55.0,33.6,13771,5.9,3.7,7.7,6.1,11.3,15.7,10.2,20.7,9.8,8.9,74194,94396,37.3,548756.7240348505,0.0119,0.00197875,23.0,20.0
07012,ZCTA5 07012,14653,73.4,9.1,1.7,12.4,0.4,25.4,56.1,5595,3.4,2.0,2.6,4.7,9.3,13.4,12.5,17.8,14.2,20.1,101737,139204,26.599999999999994,606019.9730004895,0.0119,0.00197875,23.0,20.0
07013,ZCTA5 07013,30811,72.5,4.2,0.9,13.1,0.0,27.4,55.5,12193,2.1,1.4,6.0,6.1,5.4,10.9,11.7,16.4,14.8,25.1,116273,153353,27.5,587619.291135846,0.0119,0.00197875,23.0,20.0
07014,ZCTA5 07014,4975,74.3,4.1,0.0,11.7,0.0,34.8,51.3,1916,2.4,1.1,4.1,4.3,1.3,9.2,13.0,25.9,11.8,26.9,119545,154919,25.700000000000003,542622.3879449033,0.0119,0.00197875,23.0,20.0
07016,ZCTA5 07016,24074,91.9,3.2,0.7,3.7,0.0,8.2,84.0,9426,1.3,1.5,3.8,2.2,5.2,11.2,9.7,14.0,13.0,38.3,155972,203986,8.099999999999994,709746.8271688787,0.0075,0.00025416666666666665,19.0,20.0
07017,ZCTA5 07017,40910,5.9,84.6,1.8,2.0,0.3,12.4,2.2,15916,5.6,7.3,11.0,6.9,11.9,15.8,11.6,17.9,5.2,6.8,58853,78812,94.1,487773.6381699185,0.0053,0.00012000000000000002,4.0,20.0
07018,ZCTA5 07018,28924,4.7,88.5,0.5,2.1,0.1,9.2,1.6,12287,9.9,5.9,7.8,6.9,7.4,21.5,14.2,13.8,5.6,6.9,62564,81099,95.3,466857.2777088443,0.013,0.00062,3.0,20.0
07020,ZCTA5 07020,14759,52.6,5.8,0.3,41.2,0.0,16.6,36.9,7217,5.9,1.4,1.8,7.2,4.9,9.3,9.5,19.8,6.1,34.1,124050,173399,47.4,661099.8311703958,0.014,0.0011375,48.0,20.0
07021,ZCTA5 07021,2361,89.9,4.1,0.2,8.8,0.0,11.1,75.8,752,0.5,0.3,2.3,2.3,3.9,2.5,4.4,8.8,9.8,65.3,"250,000+",347851,10.099999999999994,1306684.2017867218,0.0423,0.00117125,9.0,20.0
07022,ZCTA5 07022,15099,60.6,2.3,2.2,7.0,0.0,65.8,25.8,5463,9.5,6.0,5.3,8.9,8.3,17.6,14.7,9.6,9.0,11.1,63606,96588,39.4,612674.5737697884,0.014,0.0011375,48.0,20.0
07023,ZCTA5 07023,7799,86.7,9.9,1.6,9.8,0.0,11.2,69.4,2835,0.0,0.0,4.3,4.0,3.0,4.4,4.1,20.6,11.8,47.8,195529,198434,13.299999999999997,741050.2787769692,0.0075,0.00025416666666666665,19.0,20.0
07024,ZCTA5 07024,40024,48.3,4.5,0.8,45.7,0.2,13.4,37.3,18267,5.0,3.2,4.3,4.8,7.5,12.3,9.5,18.4,10.4,24.5,107396,150252,51.7,551931.9325247692,0.014,0.0011375,48.0,20.0
07026,ZCTA5 07026,32783,70.0,9.8,0.9,4.0,0.1,47.3,41.8,11191,4.3,3.8,7.4,5.3,9.8,15.9,15.3,16.7,9.8,11.7,79700,103293,30.0,568054.90101731,0.0236,0.0009425,22.0,20.0
07027,ZCTA5 07027,4885,76.0,0.8,0.1,7.3,0.0,21.2,63.3,2129,2.8,1.7,4.9,9.1,6.0,11.7,10.7,15.9,15.0,22.2,110670,143718,24.0,658651.1397515876,0.0075,0.00025416666666666665,19.0,20.0
07028,ZCTA5 07028,8022,87.7,5.9,0.4,9.0,0.0,10.7,74.1,2533,2.6,0.6,0.0,1.1,2.7,2.7,6.4,8.6,12.1,63.3,247361,295749,12.299999999999997,1083207.678555841,0.0082,0.00028571428571428574,7.0,20.0
07029,ZCTA5 07029,22866,47.6,6.2,2.0,22.2,0.0,42.6,26.4,10192,5.7,2.7,5.6,5.2,7.7,18.4,8.9,18.7,12.6,14.4,88333,111679,52.4,554469.1700768418,0.0088,0.00079875,10.0,20.0
07030,ZCTA5 07030,58668,80.1,5.9,0.5,14.6,0.0,13.4,65.5,28088,3.9,3.1,2.7,2.6,3.4,7.5,6.0,13.3,13.2,44.3,180579,230343,19.900000000000006,854368.0354802246,0.014,0.001068796992481203,50.0,20.0
07031,ZCTA5 07031,16461,74.7,6.5,1.6,10.7,0.2,30.3,52.7,6649,1.8,1.2,4.0,6.3,7.6,16.4,15.7,20.4,11.5,15.1,94201,116978,25.299999999999997,591529.4773550864,0.0114,0.0012975,17.0,20.0
07032,ZCTA5 07032,40614,61.8,8.3,1.6,5.9,0.4,51.7,30.7,14751,5.1,2.3,3.8,6.6,8.3,21.4,13.8,19.1,10.1,9.5,79154,101127,38.2,557101.5854806761,0.0048,0.00014516129032258063,2.0,20.0
07033,ZCTA5 07033,8401,71.6,6.9,0.3,6.4,0.0,31.6,56.2,2842,2.0,3.9,4.7,6.3,4.4,12.8,11.4,18.0,14.1,22.5,118611,161119,28.400000000000006,601389.313912448,0.0075,0.00025416666666666665,19.0,20.0
07034,ZCTA5 07034,11018,58.7,3.5,0.2,37.4,0.0,10.1,49.1,4510,3.9,0.5,2.1,4.8,4.9,15.4,17.0,20.5,14.5,16.5,104663,130396,41.3,512171.5135619856,0.0109,0.0009456896551724138,100.0,20.0
07035,ZCTA5 07035,11120,86.6,6.3,0.3,7.0,0.0,16.4,71.8,4017,2.0,0.8,3.7,3.8,6.9,10.0,13.8,16.0,22.3,20.7,123234,152194,13.400000000000006,519140.3997888446,0.0054,0.00014125000000000002,5.0,20.0
07036,ZCTA5 07036,45671,52.5,29.9,1.8,4.0,0.1,34.4,31.9,16239,3.7,1.6,4.3,5.7,8.9,17.7,13.7,16.7,14.7,12.9,91882,115184,47.5,514550.6777886969,0.0075,0.00025416666666666665,19.0,20.0
07039,ZCTA5 07039,31488,59.7,5.1,0.3,36.2,0.2,5.1,53.4,10451,2.1,0.2,0.8,2.1,3.2,4.5,5.5,13.2,12.7,55.7,229806,302041,40.3,1011399.4511826496,0.044,0.0010005882352941177,144.0,20.0
07040,ZCTA5 07040,25613,58.4,31.5,1.3,6.6,0.0,11.2,51.2,8662,2.0,2.5,1.5,0.4,5.6,8.0,9.3,16.0,10.0,44.8,173500,221713,41.6,877490.2803483332,0.0275,0.000448,44.0,20.0
07041,ZCTA5 07041,7532,58.1,4.2,0.3,35.0,0.0,9.3,48.1,2637,0.9,3.8,1.0,1.2,5.4,10.8,5.5,9.7,9.4,52.3,202750,253530,41.9,1173632.3988874613,0.0275,0.000448,44.0,20.0
07042,ZCTA5 07042,27326,62.0,32.3,1.0,9.0,0.1,12.8,48.8,11549,5.3,1.1,4.5,5.7,5.5,11.0,9.2,15.4,11.0,31.3,122847,191011,38.0,877245.9218695475,0.013,0.00045250000000000005,10.0,20.0
07043,ZCTA5 07043,13256,86.8,8.6,1.2,9.5,0.0,6.1,74.1,4258,2.2,0.4,2.3,1.0,4.5,2.5,4.9,9.3,11.5,61.4,"250,000+",333015,13.200000000000003,1259879.3327035925,0.0423,0.0006920833333333333,19.0,20.0
07044,ZCTA5 07044,14545,91.9,3.8,3.4,4.9,0.0,7.9,81.2,5829,5.6,2.6,2.7,1.5,3.3,9.5,11.4,10.3,12.7,40.4,161843,200791,8.099999999999994,699974.4513439523,0.0423,0.0005330882352941177,53.0,20.0
07045,ZCTA5 07045,10561,69.8,2.8,2.1,28.7,0.0,6.4,62.0,3825,2.9,1.5,2.7,0.9,8.0,4.8,5.8,13.7,11.2,48.5,185078,226439,30.200000000000003,790746.9431121164,0.0111,0.0006744444444444445,46.0,20.0
07046,ZCTA5 07046,4585,84.7,0.2,0.6,17.5,0.0,3.8,76.5,1443,1.9,0.0,0.0,0.7,0.6,4.4,1.8,7.8,16.2,66.6,"250,000+",368558,15.299999999999997,1123382.3139820865,0.0133,0.0006626923076923077,29.0,20.0
07047,ZCTA5 07047,61250,55.3,7.5,2.8,8.0,0.0,71.4,17.5,23804,6.1,4.3,6.4,6.9,9.2,14.6,13.1,17.6,9.4,12.4,78911,106746,44.7,565547.1681703259,0.014,0.0011375,48.0,20.0
07050,ZCTA5 07050,34181,16.5,60.5,1.0,2.7,0.3,34.9,5.0,12099,8.5,6.0,8.5,10.5,15.5,15.1,11.7,9.2,8.2,6.7,52563,77303,83.5,476252.6476441485,0.013,0.0005933333333333333,12.0,20.0
07052,ZCTA5 07052,48620,51.1,31.2,0.7,6.5,0.1,22.5,40.4,17184,3.4,2.5,3.5,6.0,5.9,8.5,9.9,16.2,13.3,30.7,129475,175674,48.9,628563.8556259644,0.0423,0.0005330882352941177,53.0,20.0
07054,ZCTA5 07054,29480,49.3,5.6,1.0,45.1,0.0,8.9,40.5,12252,6.2,1.0,3.6,3.9,4.7,12.9,14.7,19.1,11.0,22.9,104214,140505,50.7,707430.3592085956,0.0109,0.0009456896551724138,100.0,20.0
07055,ZCTA5 07055,70002,70.2,9.8,1.9,4.8,0.2,73.3,14.1,21151,5.2,6.7,9.9,9.9,13.6,17.6,12.8,12.4,4.9,6.9,55371,78683,29.799999999999997,528951.8127635985,0.0119,0.00197875,23.0,20.0
07057,ZCTA5 07057,11889,81.7,6.3,0.2,4.9,0.0,18.9,70.2,4726,3.8,3.7,7.7,4.6,10.2,14.2,14.6,19.2,10.6,11.3,85862,106284,18.299999999999997,614351.1927476019,0.014,0.001115357142857143,56.0,20.0
07058,ZCTA5 07058,5946,61.5,4.2,0.8,33.1,0.0,1.9,58.2,2280,3.4,0.0,0.7,4.0,2.9,1.8,11.0,32.5,15.3,28.3,127805,159869,38.5,877201.5668648453,,,,
07059,ZCTA5 07059,16811,76.2,6.0,1.5,20.4,0.0,9.2,65.5,5597,1.7,1.0,1.6,1.8,3.1,6.4,4.0,16.2,10.9,53.3,212479,304191,23.799999999999997,1060716.0230433007,0.0275,0.0003753125,63.0,20.0
07060,ZCTA5 07060,48363,25.6,25.9,2.0,3.1,0.0,62.9,9.2,14951,3.0,3.8,5.8,5.9,12.9,16.4,14.8,19.2,9.4,8.8,78602,100081,74.4,507225.5910085631,0.0075,0.00025416666666666665,19.0,20.0
07062,ZCTA5 07062,15399,17.4,50.4,1.5,1.2,0.0,38.6,11.4,4843,3.7,2.1,3.1,2.7,6.4,17.3,16.4,20.8,14.9,12.7,98344,120766,82.6,468263.4262578784,0.0075,0.00025416666666666665,19.0,20.0
07063,ZCTA5 07063,14235,14.4,37.5,0.8,1.4,0.3,53.9,7.4,3931,3.4,1.1,4.5,3.6,8.0,16.7,16.0,22.0,14.1,10.6,93304,106796,85.6,477174.2679680872,0.0075,0.00025416666666666665,19.0,20.0
07064,ZCTA5 07064,3481,53.1,15.4,1.3,8.9,0.0,40.1,38.3,1101,3.0,1.4,2.2,3.5,5.4,7.1,17.9,14.8,22.0,22.8,133854,143283,46.9,501834.3515556956,,,,
07065,ZCTA5 07065,30109,47.8,36.4,0.2,7.1,0.0,27.4,29.3,12257,3.4,4.0,7.2,6.0,8.1,14.4,13.8,20.1,11.1,11.9,91461,104551,52.2,511524.1572652505,0.0069,0.00027875,4.0,20.0
07066,ZCTA5 07066,15622,88.5,3.2,1.9,5.0,0.0,12.6,77.7,5929,1.3,2.0,2.4,2.1,5.5,12.6,13.0,21.4,13.7,25.9,133504,152086,11.5,696826.7776666376,0.0075,0.0002532142857142857,30.0,20.0
07067,ZCTA5 07067,18587,67.8,7.9,1.8,16.9,0.0,17.5,56.4,6262,2.3,2.3,3.6,7.1,3.9,9.5,9.2,19.1,14.9,28.0,122713,153720,32.2,601422.3357554795,0.014,0.0011375,48.0,20.0
07068,ZCTA5 07068,6268,84.8,0.4,0.0,17.7,0.4,6.2,71.1,2513,1.1,0.6,4.9,1.5,1.8,7.3,12.0,16.8,11.1,43.0,164458,203213,15.200000000000003,750203.8073036852,0.0079,0.0004316666666666667,4.0,20.0
07069,ZCTA5 07069,6623,83.9,3.2,0.3,16.3,0.0,8.6,69.9,2412,4.0,0.0,4.1,3.1,2.2,7.4,9.3,10.1,16.4,43.4,171705,238798,16.099999999999994,1028731.6951848896,0.0275,0.0003753125,63.0,20.0
07070,ZCTA5 07070,18894,78.6,5.1,0.7,14.8,0.2,20.8,59.8,6875,2.3,2.3,1.7,3.9,6.1,11.3,6.0,18.6,18.0,29.8,143153,169304,21.400000000000006,694962.916519725,0.014,0.0011375,48.0,20.0
07071,ZCTA5 07071,22463,81.1,6.1,0.7,6.3,0.4,29.1,60.6,9208,4.5,3.8,2.8,3.4,7.2,12.2,12.7,20.8,12.5,20.2,111711,134479,18.900000000000006,612611.4820100454,0.008,0.0009062499999999999,13.0,20.0
07072,ZCTA5 07072,6378,82.6,0.0,1.4,15.3,0.0,23.0,59.1,2586,6.9,1.2,2.9,11.1,5.5,10.5,6.6,15.0,18.1,22.2,115444,127627,17.400000000000006,628569.0291017299,0.014,0.0011375,48.0,20.0
07073,ZCTA5 07073,10313,63.6,6.9,1.0,18.0,0.0,22.7,51.7,4217,3.6,0.9,5.8,4.3,5.7,15.6,16.1,22.6,12.0,13.4,97993,118724,36.4,600782.0643000278,0.014,0.0011375,48.0,20.0
07074,ZCTA5 07074,3126,67.1,0.5,1.4,17.2,0.0,45.7,35.0,1061,2.8,6.7,6.7,3.8,6.1,15.1,10.8,15.8,15.4,16.8,90260,117570,32.900000000000006,632876.0671271066,0.014,0.0011375,48.0,20.0
07075,ZCTA5 07075,10218,58.2,8.5,1.1,22.0,0.0,20.9,49.0,3910,3.0,0.8,2.6,1.2,6.0,8.1,14.1,20.2,13.3,30.7,136108,178767,41.8,656173.8600573326,0.014,0.0011375,48.0,20.0
07076,ZCTA5 07076,24843,76.2,13.4,1.0,15.5,0.0,13.8,59.6,8563,2.1,1.0,1.3,6.6,4.9,5.1,4.9,14.8,13.0,46.4,183655,217722,23.799999999999997,773255.6620502978,0.0075,0.00025416666666666665,19.0,20.0
07077,ZCTA5 07077,3248,60.9,22.6,0.2,12.5,0.0,24.7,46.4,1291,5.1,0.0,0.6,3.2,4.9,20.4,11.7,22.2,10.5,21.3,108948,134393,39.1,491163.757486497,0.019,0.002175,23.0,20.0
07078,ZCTA5 07078,14613,56.1,2.2,0.3,42.9,0.2,4.4,49.9,4519,1.6,0.5,0.8,0.8,0.5,2.8,1.6,7.9,3.6,79.9,"250,000+",538045,43.9,2186568.696637982,0.0275,0.00045875000000000006,47.0,20.0
07079,ZCTA5 07079,18539,72.8,22.0,0.9,9.2,0.2,9.6,60.8,6113,3.5,1.3,4.0,2.2,3.6,8.3,3.3,11.5,13.4,48.8,195417,258167,27.200000000000003,983455.1178350928,0.0275,0.00044985294117647057,52.0,20.0
07080,ZCTA5 07080,24411,59.8,11.2,1.3,22.4,0.0,17.0,48.0,8324,1.9,0.6,2.1,1.9,5.5,10.9,11.4,23.1,15.7,26.8,130205,148749,40.2,529143.8289657246,0.0075,0.0002532142857142857,30.0,20.0
07081,ZCTA5 07081,17171,69.7,11.1,0.2,10.1,0.1,17.8,60.8,6883,3.0,3.7,2.8,2.9,5.1,7.7,10.3,13.6,14.2,36.7,155906,178477,30.299999999999997,679659.7816664432,0.0275,0.000448,44.0,20.0
07082,ZCTA5 07082,5723,84.2,4.2,0.2,13.6,0.0,9.9,74.5,2123,0.4,0.0,0.8,8.0,2.1,16.1,6.3,8.3,7.9,50.2,205023,254737,15.799999999999997,826063.9762048101,,,,
07083,ZCTA5 07083,58170,38.7,40.6,1.2,11.8,0.1,19.3,27.9,20278,3.1,1.3,3.9,3.5,6.6,10.9,10.8,25.0,12.8,22.3,121887,140179,61.3,547327.6917115451,0.0275,0.0003753125,63.0,20.0
07086,ZCTA5 07086,17295,65.3,6.4,1.6,22.2,0.3,34.8,38.7,8588,2.1,2.5,2.9,2.8,7.8,11.1,10.8,16.7,11.2,32.0,127763,191656,34.7,822545.1863717757,,,,
07087,ZCTA5 07087,66463,47.1,9.7,3.4,4.5,0.2,81.8,9.5,25725,7.4,5.6,8.8,9.4,9.3,15.6,13.4,16.8,5.1,8.7,64310,86916,52.9,506978.4146887906,0.014,0.0011375,48.0,20.0
07088,ZCTA5 07088,2901,9.2,72.8,0.6,3.3,0.0,18.8,7.1,1096,4.2,1.0,7.6,7.1,7.4,10.8,19.0,22.4,4.0,16.5,93240,106157,90.8,474874.1179818216,0.0275,0.000448,44.0,20.0
07090,ZCTA5 07090,31111,85.2,4.1,0.5,11.3,0.2,8.0,76.5,10900,1.7,0.3,1.6,3.3,2.5,4.1,7.6,13.4,9.7,55.7,232629,306889,14.799999999999997,1181911.9331208284,0.0075,0.00025416666666666665,19.0,20.0
07092,ZCTA5 07092,7049,84.1,2.8,0.0,13.0,0.0,13.2,71.3,2508,2.0,0.7,0.7,0.7,5.5,9.3,6.9,16.3,6.9,50.8,211538,237360,15.900000000000006,1004116.6414711856,0.0075,0.00025416666666666665,19.0,20.0
07093,ZCTA5 07093,63758,51.4,8.1,3.6,8.6,0.1,74.2,13.6,25656,3.6,7.1,9.1,7.8,9.1,14.6,12.0,15.1,9.8,11.8,73174,104502,48.6,438920.4425492918,0.014,0.0011375,48.0,20.0
07094,ZCTA5 07094,21778,50.8,9.0,2.2,37.5,0.0,18.3,33.7,8704,3.1,2.4,3.4,4.2,2.6,9.5,12.3,18.1,9.1,35.4,139821,172458,49.2,600192.86277906,0.014,0.0011375,48.0,20.0
07095,ZCTA5 07095,20756,53.5,12.2,1.8,26.5,0.0,24.6,38.0,7921,1.9,2.0,8.2,3.7,5.8,11.1,14.7,18.7,16.6,17.3,104926,122083,46.5,442222.2969471556,0.0073,0.0002515,11.0,20.0
07102,ZCTA5 07102,12358,25.9,53.9,1.0,8.9,0.2,19.4,15.0,6270,17.2,13.0,10.3,5.8,8.6,10.9,9.2,14.1,6.1,4.8,38864,66509,74.1,440359.1264656018,0.0053,0.00012000000000000002,4.0,20.0
07103,ZCTA5 07103,37293,14.2,71.4,2.2,4.7,0.0,22.6,4.6,12878,13.7,10.0,7.9,6.5,10.0,18.1,10.8,13.8,5.2,4.1,51534,67765,85.8,387466.3892796223,,,,
07104,ZCTA5 07104,52266,33.9,29.6,1.7,1.0,1.1,65.5,7.2,20207,10.0,7.6,7.3,8.1,14.5,16.9,11.2,14.6,3.6,6.2,53978,74052,66.1,512414.2841024899,,,,
07105,ZCTA5 07105,57093,51.5,8.9,3.9,0.8,0.0,50.3,24.5,19099,4.4,1.9,11.0,7.8,15.4,22.9,13.6,14.5,4.0,4.4,59847,76392,48.5,561278.2734925385,,,,
07106,ZCTA5 07106,36383,10.0,79.9,0.8,4.5,0.0,16.5,2.6,12944,9.8,4.8,7.1,12.8,13.1,15.8,9.5,13.5,6.8,6.7,53440,79734,90.0,462551.4834958259,,,,
07107,ZCTA5 07107,43293,20.8,37.7,1.5,2.2,0.3,55.2,6.1,15184,8.2,8.7,11.3,7.4,13.3,17.7,12.3,10.8,6.7,3.6,51242,75162,79.2,522301.4539491621,,,,
07108,ZCTA5 07108,28790,16.1,82.2,0.7,0.8,0.0,18.1,1.9,11383,18.6,9.7,10.0,10.5,9.6,15.0,6.5,11.4,3.5,5.2,36200,60252,83.9,511856.5434467236,,,,
07109,ZCTA5 07109,37984,54.3,10.2,0.9,10.7,0.3,51.9,29.2,14249,4.9,2.0,4.0,6.1,8.0,16.1,14.7,17.1,12.5,14.5,90438,119626,45.7,494646.5820071081,0.0053,8.64864864864865e-05,4.0,20.0
07110,ZCTA5 07110,29980,75.3,3.8,1.0,14.0,0.0,20.9,60.1,11914,4.2,2.2,2.9,3.2,5.7,10.4,9.2,23.3,11.2,27.8,119646,148468,24.700000000000003,628119.3060288971,0.0053,0.00012000000000000002,4.0,20.0
07111,ZCTA5 07111,60867,6.9,87.2,0.7,1.2,0.3,12.3,1.6,23542,9.2,6.5,5.9,9.7,10.1,17.7,14.8,14.3,6.8,5.1,61609,77197,93.1,408892.32274288574,0.0275,0.000448,44.0,20.0
07112,ZCTA5 07112,29456,6.0,87.7,0.5,1.0,0.0,10.5,1.6,11263,11.2,3.1,9.9,6.1,12.0,23.4,9.7,13.1,5.7,5.7,58200,77246,94.0,489189.82179792575,,,,
07114,ZCTA5 07114,13670,37.3,50.7,1.1,1.9,0.9,33.9,12.5,4401,13.3,19.2,10.3,6.5,10.6,9.5,7.4,14.6,4.8,3.7,36019,58546,62.7,495792.02648810646,,,,
07201,ZCTA5 07201,28467,46.9,26.3,3.9,1.5,0.0,66.2,9.0,9583,1.9,8.2,8.8,9.7,13.2,19.1,15.3,12.9,5.6,5.2,60080,78526,53.1,469679.9377282786,0.0053,0.00014625,8.0,20.0
07202,ZCTA5 07202,44968,36.4,15.9,2.2,2.5,0.1,70.3,12.2,15451,6.1,3.1,7.2,8.4,10.9,16.8,16.0,16.1,8.7,6.7,71250,85775,63.6,480039.3471687332,0.0045,0.00019875,4.0,20.0
07203,ZCTA5 07203,22646,28.6,45.9,2.9,1.9,0.1,44.2,11.3,8407,3.2,1.5,3.6,7.3,8.7,16.9,13.2,22.0,11.9,11.8,92762,114289,71.4,492929.166400074,0.0075,0.00025416666666666665,19.0,20.0
07204,ZCTA5 07204,14093,61.2,11.8,0.4,15.0,0.0,32.2,40.3,5408,1.8,1.1,2.4,3.2,6.7,19.5,8.4,21.8,17.7,17.3,109679,135068,38.8,533930.4620710223,0.0075,0.00025416666666666665,19.0,20.0
07205,ZCTA5 07205,22349,26.5,51.5,1.0,1.7,0.0,27.5,15.9,7032,2.6,3.2,3.9,3.8,10.5,12.0,14.3,23.2,13.1,13.4,99528,115506,73.5,501649.82570383494,,,,
07206,ZCTA5 07206,31930,22.7,21.7,0.8,2.0,0.2,71.2,7.4,9308,6.5,4.9,5.4,8.2,13.1,16.2,16.5,15.7,6.1,7.5,68420,84877,77.3,479236.2518934855,0.0045,0.00019875,4.0,20.0
07208,ZCTA5 07208,31937,49.8,19.7,3.2,3.5,0.0,60.6,19.2,11779,3.9,5.0,4.1,7.5,18.4,17.0,14.7,11.5,8.3,9.6,65511,90591,50.2,545494.231549187,0.0045,0.00019875,4.0,20.0
07302,ZCTA5 07302,56220,53.9,7.2,0.8,37.3,0.0,14.5,40.1,28824,4.2,2.0,2.7,2.6,3.0,7.1,6.7,15.0,11.7,44.9,175077,223346,46.1,900331.6483794762,0.0092,0.0010584415584415584,15.0,20.0
07304,ZCTA5 07304,51306,34.3,38.9,2.0,15.4,0.1,28.8,18.4,20852,7.3,5.2,6.7,6.6,10.2,16.8,12.1,13.4,10.1,11.6,70986,97204,65.7,541486.2815145556,0.0092,0.0010584415584415584,15.0,20.0
07305,ZCTA5 07305,72161,24.0,44.9,1.7,18.6,0.3,29.8,10.6,26177,7.1,4.5,8.4,5.0,8.2,16.4,7.8,20.2,8.8,13.7,76527,110030,76.0,549833.4969723378,0.0092,0.0010584415584415584,15.0,20.0
07306,ZCTA5 07306,54017,39.2,15.4,1.9,37.7,0.1,24.2,23.9,22937,8.5,4.6,7.3,6.6,8.8,14.2,12.8,14.5,10.2,12.4,74953,102430,60.8,542035.1240745606,0.0092,0.0010584415584415584,15.0,20.0
07307,ZCTA5 07307,42645,49.5,9.5,2.8,25.9,0.5,39.2,28.0,17557,4.5,4.1,6.1,4.2,9.4,17.7,10.4,15.4,10.1,18.0,83297,121636,50.5,735904.646071087,0.0092,0.0010584415584415584,15.0,20.0
07310,ZCTA5 07310,16015,34.8,3.7,2.4,59.6,0.3,7.2,26.0,7822,8.1,1.7,0.4,2.8,3.1,8.1,6.0,11.6,10.5,47.7,183464,234665,65.2,970490.7476733292,0.0092,0.0010584415584415584,15.0,20.0
07311,ZCTA5 07311,1714,43.5,12.3,0.0,54.3,1.1,10.4,24.6,1054,0.0,0.0,2.1,0.0,2.0,1.5,4.6,5.3,34.4,50.1,202679,241726,56.5,,0.0092,0.0010584415584415584,15.0,20.0
07401,ZCTA5 07401,6865,81.1,1.0,0.0,22.1,0.0,3.1,73.1,2504,5.2,0.6,4.0,2.8,1.7,6.0,9.7,19.9,12.1,38.1,160162,233010,18.900000000000006,1018449.3135934452,0.0178,0.0010493750000000002,78.0,20.0
07403,ZCTA5 07403,7685,86.8,3.3,0.8,4.1,0.5,22.3,72.6,2867,2.8,1.3,2.6,1.8,11.1,9.6,11.3,21.5,12.6,25.6,128010,158323,13.200000000000003,526039.3939176929,0.0079,0.00035125,4.0,20.0
07405,ZCTA5 07405,17983,88.3,2.6,0.5,6.2,0.0,14.7,76.3,6794,2.9,2.0,1.4,3.9,4.3,10.4,10.1,19.6,14.4,31.1,135169,181841,11.700000000000003,648237.9090287379,0.009,0.00044124999999999996,5.0,20.0
07407,ZCTA5 07407,21412,61.6,13.2,0.7,10.5,0.2,29.5,48.6,7462,2.4,4.9,4.0,6.6,10.1,11.0,9.2,23.6,10.7,17.2,101740,123193,38.4,592711.5227463928,0.0093,0.0004325,6.0,20.0
07410,ZCTA5 07410,35610,76.1,6.7,0.8,15.5,0.1,13.7,64.9,12229,3.2,1.1,2.6,4.5,5.7,8.1,9.2,16.9,14.5,34.2,144574,168307,23.900000000000006,671378.8891136571,0.013,0.0011394999999999999,35.0,20.0
07416,ZCTA5 07416,5851,89.5,3.7,6.3,0.1,0.0,18.2,72.7,2591,2.2,1.7,6.9,6.6,10.0,10.5,20.3,19.0,15.3,7.6,93983,104359,10.5,376410.1359869333,0.0,0.0,0.0,20.0
07417,ZCTA5 07417,11112,79.6,7.0,0.1,15.2,0.0,7.9,71.2,3809,1.2,0.1,1.6,1.3,7.9,4.6,3.7,12.8,8.1,58.7,236023,307689,20.400000000000006,1392217.2186941823,0.023,0.0013490740740740742,110.0,20.0
07418,ZCTA5 07418,2559,96.2,0.4,0.3,0.4,0.0,9.3,87.9,904,0.0,3.4,2.3,1.1,1.2,9.5,11.5,16.5,13.1,41.4,156439,159870,3.799999999999997,439152.6950962005,,,,
07419,ZCTA5 07419,9693,87.3,5.4,1.8,3.2,0.0,20.1,71.3,4265,2.6,2.3,5.3,3.9,10.9,11.2,13.2,23.1,12.9,14.7,100713,127715,12.700000000000003,375357.089429442,0.0109,0.000775,14.0,20.0
07420,ZCTA5 07420,5316,75.7,10.7,0.6,8.2,0.0,19.2,56.8,1866,1.7,2.7,5.1,3.8,8.3,11.6,12.8,22.7,18.5,12.8,109278,113898,24.299999999999997,467985.885541858,,,,
07421,ZCTA5 07421,6977,94.4,2.0,2.4,2.9,0.0,11.9,81.6,2780,0.5,0.0,2.9,1.6,3.9,11.2,18.5,15.9,10.9,34.6,129800,176114,5.599999999999994,465886.6200296486,,,,
07422,ZCTA5 07422,5280,95.3,0.8,0.5,2.0,0.0,7.7,86.9,2268,1.4,1.9,0.8,1.7,6.2,15.2,15.6,19.9,14.6,22.8,108722,148448,4.700000000000003,390513.1652709514,,,,
07423,ZCTA5 07423,4270,84.8,1.0,0.3,17.0,0.0,6.0,74.2,1368,0.0,0.0,0.7,0.6,3.0,5.0,4.7,12.1,8.9,65.0,"250,000+",441123,15.200000000000003,1171923.69301248,0.0304,0.00409375,68.0,20.0
07424,ZCTA5 07424,28085,77.6,5.2,0.8,9.3,0.1,24.8,60.7,10913,2.0,1.8,3.6,3.4,7.5,13.2,14.5,24.4,11.2,18.3,105050,131335,22.400000000000006,605107.6300266897,0.0119,0.0008590000000000001,57.0,20.0
07430,ZCTA5 07430,25491,82.7,2.8,0.8,15.2,0.2,7.6,73.8,10031,2.3,1.5,3.9,3.3,7.2,10.7,11.1,16.6,14.2,29.1,131327,177239,17.299999999999997,671620.8418929505,0.0136,0.0009456,80.0,20.0
07432,ZCTA5 07432,7019,94.3,1.7,0.6,3.2,0.0,11.1,82.9,2917,1.9,0.8,2.1,4.2,5.0,14.1,10.9,12.9,14.9,33.3,146841,175375,5.700000000000003,699099.7482671454,0.0314,0.002871842105263158,249.0,20.0
07435,ZCTA5 07435,2703,95.4,0.9,0.0,4.3,0.0,2.3,91.3,1181,0.0,0.0,3.5,3.1,2.8,7.6,8.6,30.7,19.2,24.5,145342,173762,4.599999999999994,592423.9136233157,,,,
07436,ZCTA5 07436,12740,90.3,3.2,1.1,5.7,0.1,11.5,77.7,4480,2.3,1.0,2.3,2.6,4.4,10.1,7.5,15.2,17.7,36.9,161971,189242,9.700000000000003,705952.1719363633,0.023,0.002043571428571429,34.0,20.0
07438,ZCTA5 07438,11160,92.1,7.2,1.8,2.6,0.0,11.0,78.4,4391,5.7,3.1,4.3,3.6,7.7,8.4,8.9,18.5,15.3,24.5,123271,147613,7.900000000000006,504361.670718607,0.0167,0.0012825,23.0,20.0
07439,ZCTA5 07439,2160,86.2,1.3,2.3,1.7,0.0,17.2,76.5,859,4.7,1.6,2.7,3.4,8.8,14.0,9.5,22.4,14.7,18.3,105551,126444,13.799999999999997,414396.07352018263,,,,
07440,ZCTA5 07440,4670,96.5,1.1,0.0,6.2,0.0,14.4,79.4,1577,2.2,1.3,1.5,5.0,6.7,6.2,7.2,20.2,15.7,34.1,147188,186997,3.5,641562.2714148482,0.0053,8e-05,4.0,20.0
07442,ZCTA5 07442,11047,90.3,2.8,1.4,6.2,0.0,17.0,73.0,4248,2.1,1.5,4.2,3.3,2.3,7.3,13.1,25.0,24.2,17.0,124454,141346,9.700000000000003,524461.310007034,0.023,0.0012092307692307693,38.0,20.0
07444,ZCTA5 07444,10971,95.0,3.0,0.7,1.9,0.5,6.9,87.1,4691,4.3,2.0,7.5,5.8,3.9,9.4,9.3,21.7,6.8,29.4,117959,156983,5.0,671451.442136522,0.0,0.0,0.0,20.0
07446,ZCTA5 07446,14805,84.1,4.0,2.8,10.4,0.0,13.8,69.2,5455,3.2,1.0,3.7,3.0,4.8,6.1,9.4,17.2,11.5,40.1,160996,217947,15.900000000000006,801055.0725051014,0.0136,0.0009246428571428572,41.0,20.0
07450,ZCTA5 07450,26308,79.1,4.3,0.9,18.5,0.1,10.8,64.8,8903,3.0,1.6,1.1,1.8,3.6,4.5,4.5,14.0,14.4,51.4,208211,273185,20.900000000000006,1111882.8081352434,0.0314,0.002871842105263158,249.0,20.0
07452,ZCTA5 07452,12154,81.8,1.4,0.6,16.7,0.2,6.4,75.1,3629,0.9,0.3,1.4,3.4,1.8,4.4,5.3,17.3,11.1,54.3,215096,276636,18.200000000000003,972465.4299934668,0.0314,0.002871842105263158,249.0,20.0
07456,ZCTA5 07456,11657,92.9,3.1,2.4,3.8,0.6,10.4,81.1,4186,0.0,2.5,2.0,1.5,6.1,5.7,10.3,21.1,16.3,34.4,152414,177393,7.099999999999994,564667.2435101533,0.0123,0.0013,41.0,20.0
07457,ZCTA5 07457,4112,94.1,0.9,1.1,5.1,0.0,10.4,81.1,1873,4.9,4.3,1.8,5.9,4.3,10.3,16.4,22.6,8.2,21.3,102950,126986,5.900000000000006,462975.2650158188,0.0,0.0,0.0,20.0
07458,ZCTA5 07458,11828,82.2,2.4,0.9,15.7,0.1,5.9,74.1,4048,2.7,1.4,0.8,1.2,2.1,6.7,4.8,12.1,9.5,58.7,244022,365769,17.799999999999997,1470514.717410643,0.0304,0.0017454411764705883,157.0,20.0
07460,ZCTA5 07460,3181,90.4,2.3,2.4,1.2,0.0,10.6,83.6,1245,1.8,1.5,5.1,3.1,3.1,5.9,19.4,15.9,25.9,18.1,145081,137133,9.599999999999994,423956.9624506564,,,,
07461,ZCTA5 07461,18731,92.7,4.0,2.7,1.7,0.0,10.3,81.7,7179,2.2,1.7,4.0,5.0,5.0,13.2,15.7,24.7,13.7,14.7,106981,125524,7.299999999999997,434214.7668910904,0.0,0.0,0.0,20.0
07462,ZCTA5 07462,7195,95.6,2.1,1.8,1.5,0.0,12.8,81.7,3265,2.0,1.9,7.3,3.5,4.4,15.8,17.6,21.4,13.1,12.9,95945,122921,4.400000000000006,296356.84426744544,0.0109,0.00053125,6.0,20.0
07463,ZCTA5 07463,10164,90.6,2.1,1.1,7.8,0.0,16.5,74.7,3433,0.8,0.5,1.9,1.8,4.3,7.3,11.0,14.9,15.3,42.2,177962,191487,9.400000000000006,685612.8809820228,0.0243,0.003317,34.0,20.0
07465,ZCTA5 07465,5921,91.4,1.8,0.0,5.6,0.0,11.0,80.8,2566,2.7,1.0,1.2,3.7,4.0,14.7,11.5,31.4,14.1,15.5,115159,132645,8.599999999999994,514425.3272719357,0.0148,0.0010115,29.0,20.0
07470,ZCTA5 07470,54112,83.7,3.5,0.4,10.7,0.0,13.5,71.4,18341,2.2,1.6,1.9,4.6,4.9,7.3,8.2,18.5,16.1,34.8,153056,186886,16.299999999999997,693614.648150728,0.023,0.0008292105263157895,40.0,20.0
07480,ZCTA5 07480,14966,89.7,4.5,0.6,2.0,0.5,14.2,77.5,5706,1.5,1.1,3.0,6.5,4.8,9.7,12.8,21.9,14.5,24.2,132676,145983,10.299999999999997,472788.1392638001,0.009,0.00044124999999999996,5.0,20.0
07481,ZCTA5 07481,17050,92.1,1.5,0.5,7.4,0.0,7.3,83.6,5865,2.4,1.6,1.4,1.2,4.4,5.1,5.6,12.7,14.2,51.4,203988,280642,7.900000000000006,1034360.5500284666,0.0314,0.002871842105263158,249.0,20.0
07501,ZCTA5 07501,35481,15.8,26.4,2.1,1.9,0.2,71.1,5.4,12253,10.7,11.1,10.4,8.9,12.2,13.0,12.6,11.4,5.6,4.0,44300,65414,84.2,463686.9356121314,0.0119,0.00197875,23.0,20.0
07502,ZCTA5 07502,17158,44.0,16.2,0.4,21.7,0.0,51.0,9.9,4698,5.1,4.7,8.5,6.4,11.0,13.2,12.0,20.8,9.7,8.7,76790,91368,56.0,515142.7724562222,0.0119,0.00197875,23.0,20.0
07503,ZCTA5 07503,19170,46.9,11.0,1.8,0.2,0.0,58.2,31.8,6066,5.6,8.5,7.7,5.4,12.5,19.5,14.4,13.0,7.0,6.4,60443,85762,53.1,499339.3472474255,0.0119,0.00197875,23.0,20.0
07504,ZCTA5 07504,13123,32.4,44.1,0.0,0.4,0.0,58.9,1.1,3695,9.7,1.8,8.0,4.1,11.9,13.5,12.3,19.7,7.3,11.7,76659,101885,67.6,534829.4946736585,0.0119,0.00197875,23.0,20.0
07505,ZCTA5 07505,4691,73.5,21.5,0.4,2.3,0.0,68.4,8.9,1649,18.0,14.8,8.4,4.7,15.9,23.2,5.6,3.9,3.8,1.7,36326,48168,26.5,,0.0119,0.00197875,23.0,20.0
07506,ZCTA5 07506,19628,87.2,3.5,1.0,2.7,0.0,26.1,65.4,7607,2.6,1.6,1.3,3.7,7.9,15.4,13.1,20.3,12.7,21.4,110237,134109,12.799999999999997,590536.3014878494,0.0093,0.00030812499999999997,7.0,20.0
07508,ZCTA5 07508,23762,66.1,17.5,1.8,8.3,0.0,43.1,36.7,8295,5.5,1.1,7.1,3.7,8.3,14.9,13.3,18.8,8.5,18.9,95806,127351,33.900000000000006,589785.9494738438,0.0119,0.0015362499999999999,37.0,20.0
07512,ZCTA5 07512,10959,79.0,7.4,0.1,9.2,0.0,25.7,56.9,3916,3.0,0.3,3.9,5.0,6.2,17.1,9.4,17.4,16.7,20.9,113563,131788,21.0,619800.8076610961,0.0119,0.001175,29.0,20.0
07513,ZCTA5 07513,11576,22.0,22.4,0.8,0.1,0.3,77.0,2.6,3401,3.0,4.8,6.8,6.6,11.3,22.9,16.3,18.2,3.9,6.2,68630,80075,78.0,538544.4286695808,0.0119,0.00197875,23.0,20.0
07514,ZCTA5 07514,20647,17.2,31.6,0.6,1.7,0.4,64.0,4.3,6476,7.1,3.6,6.0,11.8,11.4,14.4,14.9,15.7,8.2,6.8,70205,84386,82.8,505996.23274724296,0.0119,0.00197875,23.0,20.0
07522,ZCTA5 07522,23040,41.8,31.2,2.0,9.8,0.1,58.3,3.9,7158,8.6,6.0,10.4,12.3,15.1,16.3,12.5,9.6,5.8,3.5,48058,67064,58.2,462116.74893536296,0.0119,0.00197875,23.0,20.0
07524,ZCTA5 07524,13808,51.2,23.9,0.4,0.1,0.0,78.2,0.8,4428,7.8,5.1,14.8,6.9,17.5,17.7,13.4,9.3,4.6,2.9,49103,63852,48.8,502752.3101660643,0.0119,0.00197875,23.0,20.0
07601,ZCTA5 07601,46057,45.6,23.2,1.3,15.4,0.2,37.2,26.0,20214,4.8,3.6,6.4,5.7,8.5,15.8,13.4,18.5,10.5,12.9,84277,109232,54.4,452061.7244284066,,,,
07603,ZCTA5 07603,9360,55.7,13.4,2.3,10.5,0.0,49.0,30.7,3402,1.3,1.6,3.2,2.1,7.1,18.1,15.4,20.8,11.3,19.0,103299,139616,44.3,577279.2150228971,0.014,0.0011375,48.0,20.0
07604,ZCTA5 07604,12115,75.7,3.8,1.1,12.1,0.3,21.4,61.5,4474,1.1,0.9,4.5,6.5,8.3,8.4,13.6,19.1,13.9,23.6,123734,139967,24.299999999999997,675376.726775082,0.014,0.0011375,48.0,20.0
07605,ZCTA5 07605,9379,50.4,10.3,0.3,39.0,0.3,25.6,30.2,3365,3.2,0.9,1.7,7.2,3.6,14.4,9.1,16.3,12.2,31.3,129219,179643,49.6,789351.4015495571,0.014,0.0011375,48.0,20.0
07606,ZCTA5 07606,2770,72.8,6.7,0.0,5.2,0.9,55.5,36.1,926,8.2,1.8,3.9,5.2,12.3,13.7,11.7,14.8,12.0,16.4,84527,130967,27.200000000000003,674894.9049520002,0.014,0.0011375,48.0,20.0
07607,ZCTA5 07607,10093,66.6,7.1,0.3,18.9,0.0,27.3,48.4,3889,1.8,2.8,3.8,5.0,6.4,10.7,11.9,21.6,11.6,24.4,117912,141477,33.400000000000006,643664.7441143609,0.014,0.0011375,48.0,20.0
07608,ZCTA5 07608,136,61.0,2.9,0.0,25.7,0.0,55.1,25.7,39,2.6,7.7,41.0,5.1,17.9,5.1,0.0,5.1,15.4,0.0,24904,54815,39.0,,0.014,0.0011375,48.0,20.0
07620,ZCTA5 07620,1588,67.4,4.0,0.4,31.1,0.0,4.4,59.5,522,2.3,0.0,3.4,0.6,2.3,5.6,5.7,11.5,14.9,53.6,246944,421868,32.599999999999994,2722178.4023930854,0.014,0.0011375,48.0,20.0
07621,ZCTA5 07621,28450,52.5,11.6,1.2,26.7,0.4,33.0,32.7,9322,2.5,2.9,3.9,3.7,6.4,9.7,12.0,19.9,16.7,22.3,130045,148713,47.5,608022.6952897154,0.014,0.0011375,48.0,20.0
07624,ZCTA5 07624,8606,57.1,5.4,5.4,34.0,0.0,11.1,48.8,2654,2.6,1.6,1.4,3.5,2.6,9.9,8.3,13.8,8.6,47.7,190469,258840,42.9,1071892.1091307902,0.014,0.0011375,48.0,20.0
07626,ZCTA5 07626,9174,66.6,3.6,0.1,30.4,0.0,11.5,56.4,3102,2.0,1.4,0.8,2.3,10.1,7.8,5.6,11.5,19.0,39.4,170376,205807,33.400000000000006,966849.7282995408,0.014,0.0011375,48.0,20.0
07627,ZCTA5 07627,4911,73.3,5.2,0.0,20.5,0.0,6.0,68.4,1672,0.0,0.4,1.3,0.8,7.6,3.6,9.2,12.0,12.4,52.8,208036,335334,26.700000000000003,1280694.027857892,0.014,0.0011375,48.0,20.0
07628,ZCTA5 07628,18279,67.3,6.6,0.8,20.5,0.0,27.0,48.3,6534,3.9,1.9,3.6,4.3,5.7,10.6,11.6,24.2,10.5,23.7,126071,141544,32.7,616619.2564240805,0.014,0.0011375,48.0,20.0
07630,ZCTA5 07630,7305,78.2,3.6,0.2,17.1,0.0,10.7,69.6,2636,4.7,0.0,0.0,1.9,4.4,13.5,9.5,13.4,20.5,32.1,155536,183232,21.799999999999997,735190.7545091277,0.014,0.0011375,48.0,20.0
07631,ZCTA5 07631,29638,47.3,22.0,0.8,15.5,0.1,33.5,26.1,11274,2.9,3.7,3.5,7.9,6.1,13.8,10.9,16.7,13.0,21.4,102571,154323,52.7,607750.7002525659,0.014,0.0011375,48.0,20.0
07632,ZCTA5 07632,5362,50.1,1.7,0.0,50.3,0.0,5.4,42.2,2010,2.4,1.0,1.2,4.6,4.6,8.5,4.8,8.6,7.4,57.0,230611,285938,49.9,1598941.2224899158,0.014,0.0011375,48.0,20.0
07640,ZCTA5 07640,4954,76.2,0.0,1.3,24.1,0.0,6.7,68.5,1768,2.2,0.0,10.5,2.8,1.4,7.1,8.1,7.4,17.6,42.9,180500,235211,23.799999999999997,911088.4938706356,0.014,0.0011375,48.0,20.0
07641,ZCTA5 07641,3363,80.0,2.9,0.1,23.7,0.1,10.3,62.1,1058,0.5,1.7,1.8,2.1,1.1,4.6,4.3,10.4,13.7,59.8,236765,274315,20.0,1063769.4366780396,0.014,0.0011375,48.0,20.0
07642,ZCTA5 07642,10144,89.8,1.7,0.4,9.8,0.0,9.8,78.9,3478,2.4,0.5,1.4,1.9,2.2,8.1,5.9,18.7,13.7,45.3,186688,205617,10.200000000000003,772146.3234295299,0.014,0.0011375,48.0,20.0
07643,ZCTA5 07643,10996,60.2,4.3,1.8,21.4,0.0,37.6,37.2,4527,4.2,1.1,5.0,4.9,10.8,19.3,12.1,14.6,11.5,16.5,85750,113251,39.8,561849.4003739684,0.014,0.0011375,48.0,20.0
07644,ZCTA5 07644,26082,66.5,13.4,2.6,7.9,0.2,39.0,42.7,9687,4.6,3.8,6.6,5.3,7.2,16.5,11.0,16.4,12.6,16.0,89305,125514,33.5,582219.029041381,0.014,0.001086875,61.0,20.0
07645,ZCTA5 07645,8901,79.0,5.9,0.2,14.9,0.2,8.9,69.4,3126,3.7,0.5,0.0,5.6,3.3,10.1,5.3,12.9,14.7,44.0,178269,200176,21.0,870799.8112121738,0.014,0.0011375,48.0,20.0
07646,ZCTA5 07646,16995,63.3,7.6,2.2,23.0,0.0,20.5,48.9,6216,1.5,1.5,3.9,4.5,5.9,13.6,13.9,20.7,11.1,23.4,114889,139731,36.7,677376.6041591074,0.014,0.0011375,48.0,20.0
07647,ZCTA5 07647,5288,60.9,1.1,1.0,34.6,0.5,12.8,50.5,1795,1.1,3.0,5.0,1.9,6.6,16.0,9.6,15.6,8.5,32.5,128542,179975,39.1,722244.610429726,0.014,0.0011375,48.0,20.0
07648,ZCTA5 07648,5724,65.0,2.9,0.0,33.7,0.0,10.5,55.9,1966,2.9,1.9,3.8,6.3,1.7,9.5,3.1,12.6,17.7,40.6,178311,194787,35.0,848055.2955950769,0.014,0.0011375,48.0,20.0
07649,ZCTA5 07649,8235,83.7,2.5,0.4,14.5,0.0,6.6,74.9,2669,3.0,0.3,0.8,0.3,3.6,7.2,7.2,13.0,9.8,54.9,221322,235809,16.299999999999997,913541.9899886596,0.014,0.0011375,48.0,20.0
07650,ZCTA5 07650,20290,30.1,4.6,0.2,55.2,0.1,22.3,19.2,7472,4.7,1.4,7.5,2.7,7.4,17.1,12.8,17.7,14.3,14.3,94743,126777,69.9,868396.7687630482,0.014,0.0011375,48.0,20.0
07652,ZCTA5 07652,26568,64.5,5.9,0.7,27.0,0.0,13.0,54.1,8464,1.6,1.0,3.6,4.6,5.3,9.7,9.1,16.4,16.9,31.7,144349,178719,35.5,969359.4971426488,0.014,0.0011375,48.0,20.0
07656,ZCTA5 07656,9406,88.1,2.9,0.2,4.2,0.0,15.8,77.9,3276,0.8,0.8,2.0,0.7,7.1,10.5,7.8,11.0,16.3,43.1,171029,202384,11.900000000000006,802595.0992856454,0.0172,0.0006188461538461539,51.0,20.0
07657,ZCTA5 07657,11498,58.9,5.1,3.1,24.2,0.0,37.8,32.5,4036,1.6,2.2,1.9,1.4,9.4,12.2,13.4,19.7,15.0,23.2,118059,143965,41.1,720560.1636302272,0.014,0.0011375,48.0,20.0
07660,ZCTA5 07660,13235,67.9,14.1,2.6,7.6,0.0,50.0,32.1,5108,6.5,2.0,4.6,5.1,8.3,11.7,11.3,24.5,9.1,16.9,100718,115451,32.099999999999994,583887.2525736646,0.014,0.0011375,48.0,20.0
07661,ZCTA5 07661,12091,63.6,6.1,0.8,32.9,0.0,11.4,50.3,4503,2.0,2.3,3.4,2.9,4.1,9.2,7.6,16.7,11.6,40.3,159028,205747,36.4,760852.3822583697,0.014,0.0011375,48.0,20.0
07662,ZCTA5 07662,5869,71.5,4.9,0.5,12.9,0.2,26.1,57.2,2367,3.5,6.1,4.2,7.6,8.6,5.4,7.4,19.1,15.7,22.3,110380,130532,28.5,607058.4802062117,0.014,0.0011375,48.0,20.0
07663,ZCTA5 07663,14419,81.6,7.1,0.6,11.3,0.0,24.2,60.0,5530,1.8,2.0,2.0,5.1,5.5,8.0,14.9,22.5,12.4,25.8,129073,143766,18.400000000000006,627258.3198527665,0.0107,0.001232258064516129,13.0,20.0
07666,ZCTA5 07666,41876,51.7,26.6,0.7,11.3,0.1,26.6,38.2,13716,2.8,2.0,3.9,1.8,4.7,7.6,10.3,19.2,15.3,32.4,144075,187487,48.3,660869.0614946694,0.014,0.0011375,48.0,20.0
07670,ZCTA5 07670,15319,60.3,4.6,0.5,38.6,0.0,8.4,50.6,5227,2.4,0.6,0.9,3.1,6.2,2.5,7.1,11.5,13.3,52.5,208200,306119,39.7,1200728.7328697674,0.014,0.0011375,48.0,20.0
07675,ZCTA5 07675,27349,74.6,4.8,1.1,19.7,0.0,14.9,60.1,9508,1.2,1.4,2.5,1.6,3.4,7.3,6.3,16.2,14.5,45.7,183154,221974,25.400000000000006,844678.8907093639,0.014,0.0011375,48.0,20.0
07676,ZCTA5 07676,9323,92.1,2.5,0.5,7.4,0.0,9.7,80.3,3321,0.8,0.3,1.0,2.1,4.4,10.8,3.3,17.7,17.6,42.1,180133,223316,7.900000000000006,779071.6719478751,,,,
07677,ZCTA5 07677,6152,81.9,1.5,0.4,11.0,0.4,8.0,72.6,2162,1.5,0.0,4.9,1.1,1.9,5.1,7.9,15.4,8.7,53.5,213981,234272,18.099999999999994,1148385.3201287943,0.0172,0.0006188461538461539,51.0,20.0
07701,ZCTA5 07701,24376,84.8,5.2,3.0,1.9,0.0,19.0,74.0,10708,1.8,3.9,3.8,4.0,7.9,13.0,11.7,16.2,10.9,26.8,112143,158788,15.200000000000003,650290.6920937357,0.0092,0.0003059782608695652,60.0,20.0
07702,ZCTA5 07702,4179,90.5,4.2,0.6,4.8,0.0,3.9,85.1,1512,1.5,0.0,3.8,5.8,6.3,10.4,8.3,10.4,9.3,44.2,178958,222037,9.5,921438.4904464243,0.0092,0.0002578947368421053,42.0,20.0
07703,ZCTA5 07703,0,,-,-,-,-,-,-,0,-,-,-,-,-,-,-,-,-,-,-,-,,,,,,
07704,ZCTA5 07704,6170,97.0,2.6,0.0,1.2,0.0,1.0,93.0,2046,1.8,0.0,0.0,0.0,4.6,2.3,5.7,17.3,9.5,58.8,"250,000+",346619,3.0,1429107.0717360687,0.0092,0.0003059782608695652,60.0,20.0
07711,ZCTA5 07711,1641,98.8,1.6,1.7,1.3,0.0,12.5,71.0,611,4.7,0.3,1.1,4.3,2.6,17.2,10.8,13.7,6.5,38.6,112404,239141,1.2000000000000028,2132993.862574348,0.0092,0.0002578947368421053,42.0,20.0
07712,ZCTA5 07712,40194,66.0,20.2,2.0,4.8,0.2,18.6,56.6,17754,5.8,3.5,5.9,5.2,9.4,10.0,11.8,16.5,10.7,21.1,96725,135802,34.0,709890.7333636532,0.0092,0.0002578947368421053,42.0,20.0
07716,ZCTA5 07716,8893,92.7,3.4,0.9,3.0,0.0,3.8,87.8,3934,1.3,3.6,3.6,4.8,4.5,12.0,8.4,24.0,12.6,25.2,126591,166348,7.299999999999997,779400.3777130047,0.0092,0.000245,42.0,20.0
07717,ZCTA5 07717,2030,99.1,0.0,0.1,0.8,0.0,2.1,95.4,928,3.7,0.5,0.5,2.3,10.5,12.9,4.4,26.8,10.9,27.5,122635,206770,0.9000000000000057,1664548.0168314166,0.0067,0.0003575,10.0,20.0
07718,ZCTA5 07718,6658,97.0,1.6,0.8,4.4,0.4,9.1,84.8,2465,0.4,0.0,0.4,3.9,8.4,10.3,10.0,24.3,11.8,30.5,131531,166262,3.0,583074.1964512863,0.0092,0.0002578947368421053,42.0,20.0
07719,ZCTA5 07719,22138,92.6,1.7,0.6,2.1,0.0,9.5,85.4,9411,2.4,1.0,3.7,3.4,7.4,13.0,11.3,16.4,13.2,28.3,119828,163350,7.400000000000006,784095.8619965218,0.0066,0.0003133333333333333,27.0,20.0
07720,ZCTA5 07720,4158,88.8,2.3,0.0,4.2,0.0,11.7,80.8,2233,4.0,1.5,3.5,7.6,7.7,14.6,11.5,16.3,18.1,15.2,97005,125896,11.200000000000003,1022793.5462545538,0.0092,0.0002578947368421053,42.0,20.0
07721,ZCTA5 07721,4277,48.1,22.2,1.3,19.3,0.0,17.8,37.2,1603,0.0,3.7,1.1,6.9,11.0,6.4,8.5,25.7,17.0,19.7,123060,134479,51.9,507596.26730598946,0.0083,0.00019541666666666666,10.0,20.0
07722,ZCTA5 07722,9990,95.3,0.7,0.6,4.5,0.0,6.8,84.9,3629,1.6,0.4,1.3,2.3,3.8,7.9,5.6,16.2,11.4,49.5,198994,300878,4.700000000000003,1236422.535651936,0.0092,0.0002578947368421053,42.0,20.0
07723,ZCTA5 07723,884,90.8,1.8,0.6,10.9,0.0,12.0,75.2,344,4.4,2.9,4.7,2.0,5.2,9.0,9.3,11.9,3.5,47.1,160000,264008,9.200000000000003,3775417.8429470607,0.0092,0.0002578947368421053,42.0,20.0
07724,ZCTA5 07724,24016,76.8,12.2,1.8,12.5,0.0,10.6,64.7,9853,3.2,2.1,3.1,8.6,6.7,12.8,12.3,19.3,9.7,22.2,102756,142501,23.200000000000003,646557.1013199171,0.0092,0.0002578947368421053,42.0,20.0
07726,ZCTA5 07726,44764,85.9,3.8,0.4,9.2,0.0,10.0,76.3,16559,3.4,1.5,4.0,4.2,4.8,7.6,7.4,17.3,13.1,36.6,149197,186059,14.099999999999994,762622.3725099446,0.0114,0.0002996875,35.0,20.0
07727,ZCTA5 07727,7787,86.4,9.2,0.3,5.5,0.0,9.1,76.9,3040,1.6,1.4,5.1,1.8,3.7,14.1,7.9,24.7,13.5,26.2,129931,156081,13.599999999999994,797596.8471179191,,,,
07728,ZCTA5 07728,55984,81.5,6.1,1.4,6.1,0.0,19.3,67.9,20519,3.1,2.7,3.4,5.1,8.7,10.7,10.9,15.1,14.5,25.9,114072,150727,18.5,621017.4297725408,0.0092,0.00025340000000000003,52.0,20.0
07730,ZCTA5 07730,17534,92.0,2.6,0.5,3.8,0.8,14.7,77.8,6660,2.5,1.7,4.8,5.5,4.7,9.6,9.1,20.9,20.7,20.5,125338,141057,8.0,587484.6852079664,0.0065,0.0003075,11.0,20.0
07731,ZCTA5 07731,40322,83.8,6.5,0.7,4.9,0.0,17.6,71.2,13657,4.5,1.8,2.4,2.6,6.6,8.2,9.0,20.8,19.2,24.9,134056,148525,16.200000000000003,635603.5661239439,0.01,0.0002527380952380952,45.0,20.0
07732,ZCTA5 07732,4527,89.3,10.8,1.7,0.8,0.1,7.8,80.4,2451,6.0,1.5,8.8,1.8,11.7,10.4,18.8,12.7,9.6,18.6,91875,127536,10.700000000000003,567169.3313838063,0.0092,0.0002578947368421053,42.0,20.0
07733,ZCTA5 07733,17166,80.6,1.7,1.7,18.4,0.0,5.2,72.6,6262,2.1,0.6,4.1,2.1,5.1,5.1,7.7,17.5,13.2,42.6,166849,249902,19.400000000000006,1025546.3367863538,0.0092,0.0002665217391304348,53.0,20.0
07734,ZCTA5 07734,12925,77.3,8.9,0.3,2.2,0.0,24.5,63.5,4973,4.4,1.6,3.6,7.3,9.6,14.4,16.8,22.8,10.5,8.8,82029,99688,22.700000000000003,400040.1989231313,0.0083,0.00036250000000000003,9.0,20.0
07735,ZCTA5 07735,19159,83.9,8.9,0.5,5.1,0.1,19.2,64.9,8191,3.6,2.6,4.3,2.5,6.3,16.4,15.7,22.1,12.4,14.3,97536,117258,16.099999999999994,482758.349917565,0.0119,0.0003326190476190476,27.0,20.0
07737,ZCTA5 07737,3945,93.6,3.2,0.7,3.4,0.0,11.1,80.9,1504,1.3,0.0,1.9,4.3,5.0,12.4,12.0,13.8,27.3,22.1,139318,159050,6.400000000000006,596715.6977294125,0.0092,0.0002578947368421053,42.0,20.0
07738,ZCTA5 07738,6939,91.0,2.4,0.0,7.4,0.0,8.2,80.1,2498,2.2,3.4,3.8,3.7,4.8,4.2,6.0,12.2,14.8,44.9,189000,220246,9.0,963041.1561433184,0.0092,0.0002578947368421053,42.0,20.0
07739,ZCTA5 07739,6105,99.5,0.0,0.0,0.8,0.0,2.1,96.1,2245,0.8,0.8,1.0,3.0,2.9,2.0,4.9,13.3,10.5,60.8,240853,296034,0.5,1030979.8392264108,0.0092,0.0002578947368421053,42.0,20.0
07740,ZCTA5 07740,32917,68.2,13.1,4.6,3.3,0.1,24.9,51.4,13260,5.9,4.8,8.1,6.2,9.0,14.0,11.0,16.2,12.4,12.4,79870,110676,31.799999999999997,784882.1443187142,0.0092,0.0002578947368421053,42.0,20.0
07746,ZCTA5 07746,18476,77.3,2.4,0.7,20.2,0.0,4.0,71.9,6149,1.3,1.1,2.7,3.0,4.7,7.0,4.7,14.4,10.4,50.6,207689,261576,22.700000000000003,871212.381585658,0.0114,0.00025374999999999996,19.0,20.0
07747,ZCTA5 07747,32330,80.3,11.8,1.1,10.2,0.2,12.4,66.0,13097,3.1,3.5,2.7,3.1,6.9,9.7,10.6,20.7,13.6,26.0,124383,153822,19.700000000000003,622808.8245080955,0.065,0.000299,64.0,20.0
07748,ZCTA5 07748,28633,93.6,2.5,1.4,3.3,0.0,11.5,80.8,10278,2.2,1.1,4.0,1.8,4.4,7.9,12.4,15.2,15.2,35.7,152981,190831,6.400000000000006,723101.0591416362,0.0092,0.0002578947368421053,42.0,20.0
07750,ZCTA5 07750,3207,92.8,1.9,0.0,3.7,0.0,7.4,86.7,1553,0.0,0.5,2.0,0.6,2.6,9.7,17.8,16.7,8.8,41.3,150188,262668,7.200000000000003,1051440.0169341085,0.0092,0.0002578947368421053,42.0,20.0
07751,ZCTA5 07751,21109,66.1,2.5,0.9,29.8,0.1,6.3,58.1,7354,2.7,0.4,1.4,2.6,4.7,4.2,5.6,18.4,14.7,45.3,181205,227288,33.900000000000006,848767.2624828207,0.0065,0.00010687500000000001,4.0,20.0
07753,ZCTA5 07753,37297,61.0,30.1,2.5,4.9,0.9,15.3,50.4,15574,5.3,1.6,9.8,5.0,7.6,12.5,11.1,21.0,9.9,16.3,95712,119770,39.0,550993.1576457153,0.0123,0.00033525,52.0,20.0
07755,ZCTA5 07755,5613,91.0,6.2,0.1,1.6,4.5,5.2,74.2,1885,2.7,0.8,2.2,3.7,5.6,11.7,7.2,26.4,10.7,29.1,134338,172051,9.0,997138.036177869,0.0092,0.0002578947368421053,42.0,20.0
07756,ZCTA5 07756,3092,96.4,1.0,0.2,2.2,0.0,3.8,92.5,1754,1.5,2.8,2.2,8.6,8.8,18.2,10.7,12.9,12.0,22.2,89286,153562,3.5999999999999943,872860.2599466437,0.0092,0.0002578947368421053,42.0,20.0
07757,ZCTA5 07757,6195,95.6,1.8,0.1,1.0,0.0,5.3,88.9,2687,1.9,2.9,9.8,2.6,3.6,8.4,13.8,11.9,16.5,28.5,126094,151615,4.400000000000006,890325.3378516162,0.0092,0.0002578947368421053,42.0,20.0
07758,ZCTA5 07758,4076,90.8,3.0,1.4,7.2,0.1,10.8,75.4,1631,1.4,3.6,5.8,8.2,7.1,7.7,11.1,21.8,11.3,22.1,115298,134543,9.200000000000003,576047.2169320313,0.0092,0.0002578947368421053,42.0,20.0
07760,ZCTA5 07760,9692,97.8,0.5,0.3,1.5,0.0,3.8,90.8,3686,0.9,0.2,2.3,2.6,3.2,6.0,6.9,11.6,10.9,55.5,226635,342827,2.200000000000003,1676972.634429315,0.0092,0.0002578947368421053,42.0,20.0
07762,ZCTA5 07762,8262,98.1,1.2,0.2,1.4,0.0,5.1,91.5,4066,2.2,1.5,3.1,4.8,7.9,12.2,11.5,15.8,9.1,31.9,116295,186511,1.9000000000000057,1248374.0388618908,0.0068,0.0001564285714285714,10.0,20.0
07764,ZCTA5 07764,8586,86.9,5.8,1.0,2.2,0.0,9.1,76.9,2810,1.9,1.1,10.2,2.6,4.3,8.8,16.6,14.3,12.6,27.5,114271,153343,13.099999999999994,967194.7059121322,0.0092,0.0002578947368421053,42.0,20.0
07801,ZCTA5 07801,27128,47.8,9.1,0.5,4.7,0.1,66.0,20.9,9407,4.3,1.9,4.2,7.0,10.5,18.7,10.8,20.5,9.4,12.7,84517,107534,52.2,499832.191131232,0.0142,0.0018775,38.0,20.0
07803,ZCTA5 07803,4048,71.4,4.3,0.7,13.6,5.2,32.2,48.0,1489,0.8,0.0,0.0,2.8,9.3,8.7,14.5,26.3,23.9,13.8,119583,133948,28.599999999999994,486123.5766984769,0.0,0.0,0.0,20.0
07820,ZCTA5 07820,0,,-,-,-,-,-,-,0,-,-,-,-,-,-,-,-,-,-,-,-,,,0.0033,8.25e-05,1.0,20.0
07821,ZCTA5 07821,9662,97.2,1.1,0.7,2.6,0.0,9.2,85.5,3553,1.8,1.4,1.3,3.5,4.4,9.2,14.8,16.5,20.9,26.1,141860,168816,2.799999999999997,495280.9301889995,0.0,0.0,0.0,20.0
07822,ZCTA5 07822,827,80.5,4.7,1.6,6.9,0.0,9.3,79.0,306,3.6,0.0,0.0,0.0,0.0,6.5,22.5,34.0,26.8,6.5,114545,131577,19.5,513667.0158499439,,,,
07823,ZCTA5 07823,7451,95.7,1.8,0.5,1.7,0.0,6.1,90.1,3512,1.9,2.5,7.1,10.4,8.3,14.3,10.8,29.0,9.1,6.6,85522,94202,4.299999999999997,372917.9710052743,,,,
07825,ZCTA5 07825,9210,95.3,2.0,0.3,2.5,0.0,9.5,85.1,3442,3.2,0.6,3.9,2.1,6.5,13.6,8.9,24.8,16.2,20.0,123785,146289,4.700000000000003,486920.1200649583,,,,
07826,ZCTA5 07826,5967,93.5,1.4,0.8,2.9,0.3,7.6,83.9,2374,3.2,0.3,2.1,5.3,4.0,11.0,10.1,30.3,17.6,16.0,116598,138564,6.5,437038.9920865721,,,,
07827,ZCTA5 07827,4109,92.2,1.2,0.7,5.3,0.0,7.1,84.1,1654,7.7,0.0,7.8,6.7,5.3,10.2,10.8,22.1,10.0,19.5,101444,123491,7.799999999999997,309708.7780864029,,,,
07828,ZCTA5 07828,15461,73.3,12.1,0.4,9.0,0.0,19.7,58.1,6005,2.0,2.0,1.9,2.1,7.7,15.9,16.9,18.4,16.3,16.8,103320,139438,26.700000000000003,543060.1897170393,0.0086,0.0006531481481481481,69.0,20.0
07830,ZCTA5 07830,7379,89.3,6.4,0.4,2.8,0.2,6.1,81.4,2777,1.2,0.0,3.2,2.7,3.1,14.6,6.1,13.5,16.9,38.8,180852,209926,10.700000000000003,729620.8553653182,0.0055,0.0001575,4.0,20.0
07831,ZCTA5 07831,36,100.0,0.0,0.0,0.0,0.0,0.0,100.0,18,0.0,0.0,0.0,0.0,0.0,0.0,100.0,0.0,0.0,0.0,-,N,0.0,,,,,
07832,ZCTA5 07832,3593,94.4,2.6,0.2,1.4,0.0,11.0,83.3,1450,1.8,0.4,1.0,3.7,7.4,16.4,12.8,28.8,16.3,11.4,106424,122568,5.599999999999994,442106.31436208566,0.0,0.0,0.0,20.0
07833,ZCTA5 07833,70,100.0,0.0,0.0,0.0,0.0,0.0,87.1,33,0.0,0.0,0.0,0.0,21.2,42.4,0.0,15.2,0.0,21.2,-,100188,0.0,,,,,
07834,ZCTA5 07834,18385,88.6,4.5,0.7,9.4,0.0,10.1,75.5,6601,1.3,1.4,1.9,3.5,0.9,9.6,11.5,17.8,17.2,34.9,156902,180682,11.400000000000006,639629.5826990143,0.012,0.0009285000000000001,32.0,20.0
07836,ZCTA5 07836,11694,84.2,6.1,0.1,10.3,0.0,16.9,67.9,4585,1.1,1.0,4.1,3.2,3.0,13.9,7.7,14.9,21.2,29.8,151915,163216,15.799999999999997,649458.400610603,0.0073,0.00044062500000000004,29.0,20.0
07838,ZCTA5 07838,3727,98.7,1.0,0.2,1.1,0.0,3.3,91.6,1381,1.0,0.8,0.4,5.3,2.5,12.5,14.0,19.8,16.3,27.4,121599,158351,1.2999999999999972,468430.8275859321,0.0033,8.25e-05,1.0,20.0
07840,ZCTA5 07840,32105,81.9,8.5,1.8,6.5,0.0,18.1,68.2,12768,3.9,2.2,4.1,4.4,7.6,13.8,11.0,21.7,12.0,19.3,105866,131822,18.099999999999994,473825.5196655528,0.0097,0.00021807692307692308,21.0,20.0
07842,ZCTA5 07842,56,100.0,0.0,0.0,0.0,0.0,0.0,100.0,28,0.0,0.0,0.0,0.0,0.0,0.0,0.0,100.0,0.0,0.0,-,N,0.0,,,,,
07843,ZCTA5 07843,11098,84.6,4.7,1.6,3.0,0.0,23.6,67.5,4542,2.8,0.6,1.7,4.2,8.2,14.1,14.3,26.9,12.0,15.1,108651,126689,15.400000000000006,412891.6381119825,0.0116,0.0006053435114503817,23.0,20.0
07844,ZCTA5 07844,111,65.8,0.0,0.0,34.2,0.0,0.0,65.8,49,8.2,0.0,0.0,8.2,0.0,30.6,34.7,0.0,0.0,18.4,80221,90665,34.2,,,,,
07846,ZCTA5 07846,45,100.0,13.3,13.3,0.0,0.0,0.0,86.7,21,0.0,0.0,0.0,0.0,0.0,0.0,52.4,28.6,19.0,0.0,99792,115933,0.0,,,,,
07847,ZCTA5 07847,1776,78.7,10.0,1.1,3.8,0.0,16.2,70.6,659,2.1,3.0,1.2,0.0,11.8,15.8,25.9,17.1,11.5,11.4,85327,112986,21.299999999999997,498677.3745474525,0.0041,1.7083333333333336e-05,1.0,20.0
07848,ZCTA5 07848,4257,92.6,0.7,0.5,5.1,0.9,8.6,83.7,1573,2.2,2.5,2.1,4.1,5.1,13.0,9.6,17.9,15.6,27.8,128317,159712,7.400000000000006,461088.09475169494,,,,
07849,ZCTA5 07849,8380,86.8,2.4,0.9,8.5,0.0,14.0,73.6,3427,1.0,0.4,2.3,2.2,4.7,20.4,8.0,22.9,16.3,21.8,117298,143249,13.200000000000003,512626.69355335063,0.0098,0.0013162500000000001,18.0,20.0
07850,ZCTA5 07850,6828,82.0,11.4,1.3,5.6,0.0,21.5,60.7,2479,3.8,0.9,2.1,9.9,5.2,13.6,11.6,20.7,10.1,22.1,106806,147280,18.0,502632.29777470394,0.0056,0.0003475,6.0,20.0
07851,ZCTA5 07851,263,100.0,0.0,0.0,0.0,0.0,3.0,80.6,105,0.0,0.0,0.0,2.9,5.7,15.2,14.3,41.0,21.0,0.0,108419,108870,0.0,,,,,
07852,ZCTA5 07852,4233,81.9,3.9,0.4,14.0,0.0,13.8,67.1,1710,2.5,1.0,3.2,1.2,7.7,9.8,17.1,18.9,14.6,24.1,119539,145133,18.099999999999994,516836.6932325119,0.0056,9.968749999999999e-05,7.0,20.0
07853,ZCTA5 07853,12339,93.0,1.3,0.1,6.0,0.1,8.3,82.7,4249,0.6,0.5,0.8,2.4,2.0,9.8,6.5,19.6,14.5,43.1,175792,210542,7.0,716159.8160658488,0.0097,0.0002931818181818182,24.0,20.0
07856,ZCTA5 07856,4774,83.4,8.8,0.9,4.0,0.0,11.7,75.2,2305,4.6,0.0,1.6,9.0,7.6,10.3,18.2,25.5,11.5,11.7,92466,113358,16.599999999999994,485831.67496102327,0.0,0.0,0.0,20.0
07857,ZCTA5 07857,3728,75.9,7.2,1.7,3.5,0.0,27.2,58.4,1847,0.9,11.8,0.9,3.4,9.1,19.1,9.3,21.3,9.0,15.1,85898,101791,24.099999999999994,475952.0932097845,0.0086,0.0009625,21.0,20.0
07860,ZCTA5 07860,26047,92.4,3.8,1.8,2.6,0.0,7.0,82.0,10324,3.9,1.4,4.6,4.3,6.1,14.5,10.7,22.0,13.9,18.5,110045,138174,7.599999999999994,428452.0873772923,0.0,0.0,0.0,20.0
07863,ZCTA5 07863,3819,93.6,2.1,0.3,2.5,0.1,8.5,84.7,1592,2.0,2.0,4.5,7.1,6.8,16.2,14.4,18.2,12.1,16.7,94167,122191,6.400000000000006,388274.3554006326,0.0071,0.00024125,11.0,20.0
07865,ZCTA5 07865,2825,90.9,5.0,0.3,1.1,0.0,13.1,73.7,948,3.7,0.0,0.0,7.1,1.2,17.0,20.4,22.8,15.6,12.3,108056,122376,9.099999999999994,486738.4377307266,0.0071,0.00024125,11.0,20.0
07866,ZCTA5 07866,22663,90.0,2.6,0.8,6.6,0.0,16.4,73.4,8645,2.2,1.1,3.8,3.6,6.3,11.2,8.4,21.1,16.7,25.6,131403,165655,10.0,543035.1812386606,0.0142,0.0015841666666666667,63.0,20.0
07869,ZCTA5 07869,26022,80.1,5.1,0.3,11.5,0.3,18.1,63.1,8941,1.4,1.4,1.9,4.9,5.9,7.0,6.7,15.2,12.7,42.8,169497,213883,19.900000000000006,773728.6417659017,0.0275,0.0004457954545454545,67.0,20.0
07870,ZCTA5 07870,34,100.0,0.0,0.0,0.0,0.0,0.0,100.0,16,0.0,0.0,0.0,0.0,0.0,0.0,0.0,0.0,0.0,100.0,-,N,0.0,,,,,
07871,ZCTA5 07871,21437,90.3,1.4,2.2,6.3,0.0,9.0,81.0,7998,3.0,0.3,1.2,3.9,3.7,8.8,8.9,16.4,14.7,39.2,167654,200874,9.700000000000003,583786.0283708237,0.0144,0.0009548076923076923,85.0,20.0
07874,ZCTA5 07874,8752,90.1,1.7,0.8,1.8,0.0,19.0,74.8,3272,2.0,0.4,1.2,1.5,8.0,10.5,13.3,21.6,17.7,23.8,132500,153030,9.900000000000006,422598.93469592434,0.0122,0.0008318749999999999,22.0,20.0
07876,ZCTA5 07876,9641,87.4,4.0,0.5,6.3,0.0,11.4,77.7,3240,0.8,0.0,1.2,2.7,7.3,7.3,9.7,14.9,22.4,33.7,161304,180963,12.599999999999994,640255.9909870351,0.0,0.0,0.0,20.0
07878,ZCTA5 07878,766,93.5,11.6,7.0,0.0,0.0,3.7,84.2,297,0.0,0.0,0.0,3.4,7.4,0.0,8.4,59.3,6.7,14.8,116445,122696,6.5,533557.3803659781,,,,
07880,ZCTA5 07880,173,100.0,0.0,0.0,0.0,0.0,0.0,100.0,51,0.0,0.0,0.0,0.0,0.0,0.0,0.0,56.9,43.1,0.0,-,N,0.0,,,,,
07881,ZCTA5 07881,4,100.0,0.0,0.0,0.0,0.0,0.0,100.0,2,0.0,0.0,0.0,0.0,0.0,0.0,100.0,0.0,0.0,0.0,-,N,0.0,,,,,
07882,ZCTA5 07882,15115,82.0,6.8,0.5,6.3,1.6,13.1,73.8,6099,4.0,0.6,3.0,4.2,6.7,15.5,10.3,27.9,11.6,16.2,107567,125561,18.0,399135.85621259594,0.0071,0.00024125,11.0,20.0
07885,ZCTA5 07885,11806,86.6,4.8,1.9,1.6,0.0,36.1,58.3,4886,5.9,1.2,7.4,2.2,4.2,12.7,15.3,20.7,18.7,11.7,100716,119145,13.400000000000006,489610.2117027988,0.0098,0.000681,26.0,20.0
07901,ZCTA5 07901,24314,77.6,8.3,0.2,9.9,0.1,13.2,66.5,9014,2.7,1.4,4.1,2.4,3.0,6.4,11.0,11.7,9.7,47.6,179701,297789,22.400000000000006,1196929.8978891124,0.0275,0.000448,44.0,20.0
07920,ZCTA5 07920,28753,72.5,1.3,0.6,27.5,0.0,5.9,64.8,10770,2.5,1.1,3.4,3.6,2.1,7.7,6.3,14.5,10.9,48.0,192857,285711,27.5,882648.5364178871,0.0275,0.000448,44.0,20.0
07921,ZCTA5 07921,7700,83.8,3.9,0.9,15.2,0.2,10.8,69.9,3942,6.3,0.3,5.5,4.5,4.9,8.9,8.9,21.9,11.8,27.0,123104,157386,16.200000000000003,483060.8509657848,0.0275,0.0003753125,63.0,20.0
07922,ZCTA5 07922,12195,76.8,3.3,0.3,21.3,0.0,5.9,69.5,4434,1.0,0.4,1.9,5.9,1.2,8.6,4.6,15.7,10.2,50.6,202944,262518,23.200000000000003,880797.7570755546,0.0275,0.000448,44.0,20.0
07924,ZCTA5 07924,7713,91.7,1.3,0.4,2.5,0.0,9.5,85.0,2610,0.8,0.3,0.6,1.5,1.6,5.4,7.7,12.8,11.1,58.2,236042,330463,8.299999999999997,970989.4113151,0.0275,0.000448,44.0,20.0
07926,ZCTA5 07926,161,62.1,0.0,0.0,0.0,0.0,75.8,24.2,50,0.0,0.0,0.0,0.0,0.0,0.0,22.0,22.0,0.0,56.0,"250,000+",188810,37.9,,0.0275,0.000448,44.0,20.0
07927,ZCTA5 07927,4882,80.2,0.5,5.3,20.7,0.0,13.7,65.6,1794,0.3,0.9,4.6,0.0,6.2,4.7,5.2,22.3,16.6,39.3,170400,190007,19.799999999999997,727207.777954474,0.0157,0.0007134090909090909,48.0,20.0
07928,ZCTA5 07928,19974,83.3,1.0,0.4,16.4,0.0,5.0,76.0,6752,1.5,1.0,1.3,1.9,4.2,6.0,7.1,14.6,8.8,53.7,220982,316204,16.700000000000003,1215200.1680198172,0.0275,0.00041999999999999996,44.0,20.0
07930,ZCTA5 07930,8648,95.4,1.7,0.1,4.0,0.0,3.9,88.7,2839,1.4,1.6,1.2,2.8,3.3,4.1,4.9,9.8,8.9,61.9,240954,276899,4.599999999999994,885871.4598899353,0.0275,0.0004030357142857143,77.0,20.0
07931,ZCTA5 07931,2985,91.3,1.4,0.0,5.1,0.0,5.1,87.6,1191,5.0,0.4,3.1,2.4,4.0,5.5,6.8,12.9,8.7,51.0,201078,328980,8.700000000000003,1400614.259843595,0.0275,0.000448,44.0,20.0
07932,ZCTA5 07932,11977,77.0,8.3,0.2,13.4,0.0,6.4,67.7,4608,5.9,0.8,1.4,3.1,3.1,9.9,6.4,17.3,14.8,37.3,156458,208347,23.0,941632.439330119,0.0275,0.0004604054054054054,51.0,20.0
07933,ZCTA5 07933,2995,93.4,2.8,1.0,8.3,1.0,18.8,70.5,1144,0.0,1.7,0.0,0.0,8.1,12.3,15.9,12.1,12.3,37.5,-,186628,6.599999999999994,738371.0327576841,0.0275,0.000448,44.0,20.0
07934,ZCTA5 07934,1293,91.6,2.7,0.0,5.3,0.0,5.8,85.1,514,3.5,0.0,0.0,2.3,3.1,3.5,0.0,14.6,6.4,66.5,245429,346457,8.400000000000006,954459.707739255,0.0275,0.000448,44.0,20.0
07935,ZCTA5 07935,584,90.1,0.0,1.0,4.1,0.0,4.8,90.1,241,0.0,0.0,2.5,0.0,15.8,23.2,4.6,14.5,7.9,31.5,106979,157393,9.900000000000006,1065346.7401953377,0.0275,0.000448,44.0,20.0
07936,ZCTA5 07936,11152,82.9,4.8,0.1,14.1,0.0,10.4,71.0,3955,2.9,0.2,2.8,2.9,1.9,5.8,9.1,24.7,11.9,37.8,149583,202237,17.099999999999994,808244.4936959037,0.0275,0.0005974444444444444,82.0,20.0
07939,ZCTA5 07939,322,66.5,33.5,0.0,0.0,0.0,1.2,65.2,0,-,-,-,-,-,-,-,-,-,-,-,-,33.5,,0.0275,0.000448,44.0,20.0
07940,ZCTA5 07940,17610,87.6,4.7,0.4,8.8,0.7,13.5,72.4,5653,3.1,1.0,2.2,3.5,5.1,7.8,5.5,16.1,13.0,42.7,172708,263789,12.400000000000006,968782.865260336,0.0275,0.00045039473684210525,58.0,20.0
07945,ZCTA5 07945,9690,90.5,0.4,0.0,7.2,0.0,7.2,79.7,3497,1.1,1.1,0.7,2.2,3.3,4.3,5.9,9.6,12.0,59.7,"250,000+",321621,9.5,1032368.62535854,0.0275,0.000336,44.0,20.0
07946,ZCTA5 07946,2982,92.6,0.7,0.5,10.4,0.0,7.2,81.4,984,4.1,1.0,1.8,0.0,1.3,2.9,2.5,16.2,17.9,52.2,208587,238953,7.400000000000006,840061.3051411115,0.0275,0.000448,44.0,20.0
07950,ZCTA5 07950,21651,72.3,3.1,0.3,24.2,0.0,9.2,61.2,8367,0.8,0.8,2.9,1.6,5.5,7.7,12.8,15.6,16.3,36.0,153762,186145,27.700000000000003,698059.7910910286,0.0157,0.0008454901960784313,148.0,20.0
07960,ZCTA5 07960,46702,83.1,5.9,0.5,7.8,0.1,19.0,66.2,18575,2.0,1.1,3.0,2.7,4.4,9.0,10.0,15.0,13.1,39.7,160334,225910,16.900000000000006,842963.1977854874,0.0275,0.0005602884615384616,92.0,20.0
07961,ZCTA5 07961,333,54.4,33.9,2.7,0.0,0.0,26.1,38.7,0,-,-,-,-,-,-,-,-,-,-,-,-,45.6,,,,,
07970,ZCTA5 07970,215,100.0,0.0,0.0,0.0,0.0,0.0,93.5,58,0.0,0.0,0.0,0.0,0.0,0.0,0.0,48.3,0.0,51.7,"250,000+",395776,0.0,,0.0,0.0,0.0,20.0
07974,ZCTA5 07974,13349,79.7,3.7,2.6,18.8,0.1,7.9,68.1,5069,0.7,1.4,3.1,2.5,3.8,8.6,8.4,14.6,15.8,41.1,172894,224203,20.299999999999997,916991.7086277428,0.0275,0.000448,44.0,20.0
07976,ZCTA5 07976,389,100.0,0.0,0.0,4.1,0.0,19.8,80.2,151,9.3,0.0,13.9,0.0,0.0,15.2,0.0,4.0,0.0,57.6,247697,475050,0.0,1913402.0578162265,,,,
07977,ZCTA5 07977,917,85.6,5.6,0.9,3.7,0.0,15.4,71.2,303,0.0,0.0,0.0,24.1,0.0,10.6,3.0,11.2,24.4,26.7,150875,172831,14.400000000000006,,0.0075,0.00025416666666666665,19.0,20.0
07979,ZCTA5 07979,214,91.6,6.5,0.0,1.9,0.0,0.0,91.6,77,0.0,0.0,0.0,0.0,0.0,0.0,0.0,0.0,76.6,23.4,-,N,8.400000000000006,,0.0075,0.00025416666666666665,19.0,20.0
07980,ZCTA5 07980,2675,90.2,0.9,0.0,7.2,0.0,13.3,79.5,754,1.5,5.7,8.1,2.9,4.4,2.4,5.0,18.6,10.1,41.4,162955,241157,9.799999999999997,716788.0463037208,0.0275,0.000448,44.0,20.0
07981,ZCTA5 07981,9030,80.7,0.9,0.1,14.5,0.0,10.9,67.8,3738,4.3,0.4,1.4,6.0,4.1,8.0,8.2,17.8,18.5,31.3,149893,182251,19.299999999999997,716864.8845565704,0.0157,0.0007134090909090909,48.0,20.0
08001,ZCTA5 08001,854,96.8,3.0,0.0,6.9,0.0,8.9,88.1,326,0.0,0.0,11.7,0.0,15.3,9.8,5.2,35.3,19.6,3.1,134583,112005,3.200000000000003,275694.7820079977,,,,
08002,ZCTA5 08002,24015,71.8,12.8,0.7,14.0,0.1,9.9,62.2,9652,4.9,1.0,5.9,5.1,5.2,15.4,11.4,21.0,15.0,15.1,100951,128231,28.200000000000003,409141.01258575806,0.012,0.0001838827838827839,27.0,20.0
08003,ZCTA5 08003,31809,76.3,5.9,0.7,17.6,0.2,7.0,68.7,11644,4.5,2.6,2.4,3.4,2.9,7.2,6.6,19.1,16.3,34.9,155059,194356,23.700000000000003,538647.0733142437,0.0049,4.3214285714285716e-05,6.0,20.0
08004,ZCTA5 08004,11429,83.4,13.5,0.3,1.7,0.3,9.0,73.1,4149,1.5,3.5,5.2,9.0,3.1,8.2,10.7,31.0,15.6,12.1,111738,119419,16.599999999999994,336390.03376422887,0.0049,4.3214285714285716e-05,6.0,20.0
08005,ZCTA5 08005,26866,95.1,3.1,0.5,2.8,0.2,8.7,84.4,11028,4.0,1.8,6.2,3.9,7.8,14.5,14.5,23.0,10.6,13.6,93584,114570,4.900000000000006,478267.8614380616,0.0,0.0,0.0,20.0
08006,ZCTA5 08006,500,82.8,0.0,0.0,15.2,0.0,2.4,79.8,217,1.4,4.1,0.0,13.8,4.1,4.6,14.7,18.0,18.4,20.7,125417,189670,17.200000000000003,1493224.99405468,0.0,0.0,0.0,20.0
08007,ZCTA5 08007,5417,92.5,3.6,1.8,5.7,0.0,1.0,88.1,2572,6.9,3.1,6.2,10.4,4.2,13.7,5.6,27.5,14.4,7.9,99565,100345,7.5,336993.64872091106,0.0049,4.3214285714285716e-05,6.0,20.0
08008,ZCTA5 08008,6837,96.0,0.3,0.0,3.0,0.0,3.8,91.9,3310,3.5,1.6,3.6,4.1,6.9,12.0,9.7,15.9,11.9,30.9,120054,208152,4.0,1740160.7077553386,0.0,0.0,0.0,20.0
08009,ZCTA5 08009,14346,75.3,17.1,0.2,5.0,0.3,12.0,65.9,5424,3.1,2.1,3.5,7.9,3.6,18.8,10.8,19.6,16.5,14.3,101184,118134,24.700000000000003,381191.97762709047,0.0061,0.000185,8.0,20.0
08010,ZCTA5 08010,11861,62.4,32.0,4.6,2.8,0.8,14.6,50.2,4594,2.6,5.3,6.2,5.5,13.2,12.7,12.2,23.5,9.9,8.8,88037,95899,37.6,316420.22698358883,0.0049,4.3214285714285716e-05,6.0,20.0
08011,ZCTA5 08011,56,100.0,0.0,0.0,0.0,0.0,0.0,100.0,10,0.0,0.0,0.0,0.0,0.0,0.0,0.0,0.0,0.0,100.0,-,N,0.0,,,,,
08012,ZCTA5 08012,41812,78.6,15.0,0.5,6.2,0.1,9.3,69.8,16092,3.3,2.0,4.3,4.3,6.3,19.6,12.0,24.5,13.6,10.1,95451,110293,21.400000000000006,347019.3086128432,0.0109,0.00011451219512195122,18.0,20.0
08014,ZCTA5 08014,298,100.0,0.0,0.0,0.0,0.0,0.0,100.0,106,0.0,0.0,0.0,0.0,0.0,16.0,15.1,19.8,49.1,0.0,-,132601,0.0,279871.0775827199,,,,
08015,ZCTA5 08015,19567,71.7,17.8,0.9,6.7,0.4,16.4,61.0,7079,4.8,1.8,5.5,7.2,10.3,15.4,13.4,21.2,11.2,9.3,80889,101843,28.299999999999997,320984.3833662273,0.0,0.0,0.0,20.0
08016,ZCTA5 08016,34920,54.1,41.1,1.9,7.2,0.4,9.0,43.4,13078,6.8,3.6,3.0,6.0,6.8,12.4,12.1,22.5,10.5,16.3,98463,117861,45.9,387107.503352262,0.0185,0.0006925,22.0,20.0
08019,ZCTA5 08019,907,92.2,1.3,2.0,7.2,0.0,17.5,72.8,344,2.9,1.5,0.0,0.9,6.7,8.4,11.6,15.4,11.3,41.3,172500,163834,7.799999999999997,439637.8041316344,,,,
08020,ZCTA5 08020,2480,92.8,0.8,2.2,0.0,0.0,8.1,85.4,1009,2.3,0.0,8.0,0.0,4.2,13.3,11.5,18.1,15.9,26.8,134490,141095,7.200000000000003,415591.51643171953,0.0733,0.00033662280701754385,16.0,20.0
08021,ZCTA5 08021,49305,53.8,33.5,2.5,4.2,0.0,21.8,42.7,20805,5.1,3.9,9.1,7.6,12.1,17.1,14.3,19.0,6.5,5.2,68044,83401,46.2,275076.6597522318,0.0049,2.793650793650794e-05,9.0,20.0
08022,ZCTA5 08022,9172,82.0,20.5,0.1,2.9,0.0,7.9,69.7,3421,2.2,1.6,4.4,2.2,6.8,14.7,9.4,18.1,18.3,22.3,117679,145563,18.0,499095.24702663097,0.0051,0.0001355,6.0,20.0
08023,ZCTA5 08023,375,100.0,0.0,0.0,0.0,0.0,0.0,100.0,146,0.0,0.0,0.0,19.2,14.4,52.1,0.0,14.4,0.0,0.0,65944,65201,0.0,,0.037,0.0029458333333333333,22.0,20.0
08026,ZCTA5 08026,2435,85.0,8.8,1.2,6.5,0.2,8.9,76.1,827,8.7,0.0,2.1,0.7,7.5,11.5,19.3,16.7,11.2,22.2,100313,140868,15.0,360032.37637446844,0.0049,4.3214285714285716e-05,6.0,20.0
08027,ZCTA5 08027,4984,86.5,6.3,0.5,2.0,0.0,10.8,80.4,2043,1.8,1.2,2.7,3.1,11.9,20.2,16.1,16.7,11.5,14.8,92128,112893,13.5,311447.38867234386,0.0,0.0,0.0,20.0
08028,ZCTA5 08028,25098,68.6,19.4,0.9,7.9,0.0,12.0,61.9,8012,6.1,2.8,6.2,5.8,5.5,16.9,13.5,18.8,10.9,13.5,89130,110468,31.400000000000006,355804.85893306666,0.0109,0.00027705882352941177,37.0,20.0
08029,ZCTA5 08029,5459,92.0,5.6,1.7,1.1,0.0,10.8,81.1,2188,4.1,6.6,6.4,5.8,7.0,8.9,14.3,30.9,9.8,6.1,98184,92989,8.0,311292.8072783231,,,,
08030,ZCTA5 08030,13217,73.5,16.0,1.1,4.9,0.0,22.8,60.1,4911,8.1,3.3,7.2,6.5,13.8,17.1,9.4,20.2,7.3,7.1,63384,84424,26.5,244108.53878521163,0.0153,7e-05,8.0,20.0
08031,ZCTA5 08031,11737,79.3,8.7,0.3,9.0,0.0,13.1,68.9,4873,3.7,0.5,7.8,5.9,11.2,18.7,17.6,19.4,8.4,6.8,76654,92587,20.700000000000003,304816.64747325267,0.0049,3.78125e-05,6.0,20.0
08032,ZCTA5 08032,242,96.7,3.3,0.0,0.0,0.0,0.0,96.7,83,0.0,0.0,0.0,0.0,0.0,4.8,0.0,37.3,25.3,32.5,198274,208775,3.299999999999997,292172.69292083103,0.0109,0.00011451219512195122,18.0,20.0
08033,ZCTA5 08033,17763,96.0,1.7,1.3,3.6,0.0,4.4,87.7,6557,2.5,2.1,2.3,3.3,5.5,8.2,9.4,16.3,8.6,41.8,151181,233507,4.0,733168.2237037347,0.0049,3.5588235294117644e-05,6.0,20.0
08034,ZCTA5 08034,20901,79.0,7.2,1.3,10.1,0.0,12.9,66.1,8170,2.8,0.9,2.6,4.1,8.1,12.6,9.8,23.0,13.7,22.5,114012,148974,21.0,422140.5546808035,0.0049,4.3214285714285716e-05,6.0,20.0
08035,ZCTA5 08035,7551,96.1,2.0,0.2,2.8,0.0,4.2,89.6,3235,3.0,0.6,2.9,4.7,3.5,11.0,13.7,18.3,14.3,27.9,131528,161279,3.9000000000000057,455789.9218904637,0.0049,4.3214285714285716e-05,6.0,20.0
08036,ZCTA5 08036,6065,75.0,8.7,0.2,6.3,0.0,15.3,64.4,2425,0.9,0.8,1.5,0.9,6.9,15.1,12.4,14.0,14.3,33.2,142899,186927,25.0,503200.7149292363,0.0051,0.0001355,6.0,20.0
08037,ZCTA5 08037,23514,83.7,4.3,1.6,0.9,0.0,20.7,73.6,9147,3.6,3.1,3.0,10.9,14.2,11.5,13.4,16.8,10.1,13.5,81312,110744,16.299999999999997,353275.67222962977,0.0108,0.00031595238095238096,22.0,20.0
08038,ZCTA5 08038,351,91.7,0.0,0.0,0.0,0.0,8.3,91.7,153,2.0,1.3,2.0,24.2,7.2,6.5,18.3,30.7,7.8,0.0,90179,80961,8.299999999999997,,,,,
08039,ZCTA5 08039,38,100.0,0.0,0.0,0.0,0.0,0.0,100.0,13,0.0,0.0,0.0,0.0,0.0,0.0,0.0,46.2,0.0,53.8,-,N,0.0,,,,,
08041,ZCTA5 08041,650,85.4,5.4,0.2,4.3,0.0,6.3,81.5,239,0.0,4.2,10.5,1.7,8.8,11.7,13.8,27.2,10.0,12.1,99688,114852,14.599999999999994,518952.1318972909,,,,
08042,ZCTA5 08042,131,100.0,0.0,0.0,0.0,0.0,0.0,100.0,106,3.8,5.7,0.0,0.0,0.0,5.7,0.0,9.4,69.8,5.7,170912,159296,0.0,,,,,
08043,ZCTA5 08043,31191,69.9,9.3,1.1,20.8,0.2,6.3,63.1,12503,4.8,4.2,2.9,4.2,5.4,12.5,14.0,14.8,11.9,25.3,105473,161140,30.099999999999994,494521.7946033934,0.0061,8.052631578947368e-05,14.0,20.0
08045,ZCTA5 08045,3200,10.5,75.6,1.6,1.6,0.0,19.8,4.6,1197,7.3,1.3,10.4,11.3,4.3,19.5,12.4,9.8,8.4,15.3,71607,100638,89.5,285132.32843595,0.0049,4.3214285714285716e-05,6.0,20.0
08046,ZCTA5 08046,31981,22.3,78.7,2.5,1.8,0.2,15.1,9.4,10574,2.3,0.3,3.3,6.5,7.5,14.7,16.5,21.3,14.5,13.1,98178,115602,77.7,348499.9953647443,0.0106,0.000525625,14.0,20.0
08048,ZCTA5 08048,12882,76.8,20.6,0.8,8.4,0.0,5.5,67.1,4787,5.2,2.0,4.1,3.8,6.3,11.8,8.8,19.4,13.6,24.9,113440,150489,23.200000000000003,474681.45389429736,0.0051,0.0001355,6.0,20.0
08049,ZCTA5 08049,5282,73.2,19.7,0.2,7.7,0.0,15.3,61.7,2164,4.2,1.5,4.1,3.5,11.3,16.1,7.7,24.7,16.2,10.7,103191,118265,26.799999999999997,313065.42503012187,0.0049,4.3214285714285716e-05,6.0,20.0
08050,ZCTA5 08050,28053,95.1,1.1,0.1,2.4,0.4,8.9,86.2,11274,1.5,1.6,3.0,3.6,6.8,15.5,10.8,23.8,16.8,16.6,115676,131796,4.900000000000006,561180.6497494433,0.0,0.0,0.0,20.0
08051,ZCTA5 08051,12474,90.0,6.8,0.6,2.9,0.2,3.1,85.6,4736,2.3,2.7,2.3,6.0,5.5,21.3,12.3,16.7,12.2,18.8,92071,130328,10.0,297389.59693204943,0.016,0.00021,18.0,20.0
08052,ZCTA5 08052,20127,72.5,12.0,0.6,8.4,0.0,15.7,63.9,9253,4.8,3.1,6.2,8.4,11.1,15.2,18.9,14.5,9.1,8.7,79087,92892,27.5,332289.9499664229,0.007,0.00011897058823529411,18.0,20.0
08053,ZCTA5 08053,48179,86.7,6.1,1.0,8.2,0.3,6.4,78.8,19698,2.6,1.4,2.8,2.1,7.4,13.1,12.7,18.2,14.6,25.0,118670,151598,13.299999999999997,472404.3142161661,0.0038,1.4423076923076923e-05,2.0,20.0
08054,ZCTA5 08054,46026,72.2,15.6,1.5,11.7,0.1,5.3,65.3,19657,1.7,1.8,2.2,3.9,6.3,11.6,12.2,22.7,15.8,21.8,118802,151077,27.799999999999997,386527.0319991017,0.009,7.736111111111111e-05,11.0,20.0
08055,ZCTA5 08055,29109,94.4,3.1,0.5,4.9,0.1,2.7,87.5,10918,3.1,1.1,1.9,2.7,4.9,7.7,8.4,18.1,14.5,37.5,155710,190481,5.599999999999994,577453.6228916466,0.0,0.0,0.0,20.0
08056,ZCTA5 08056,5434,91.7,5.0,0.5,4.7,0.0,5.2,86.0,1760,3.5,0.0,2.4,0.0,1.3,10.7,8.8,19.5,13.9,40.0,171389,191844,8.299999999999997,574330.804135432,0.0733,0.00038512658227848103,9.0,20.0
08057,ZCTA5 08057,21529,80.7,5.4,0.6,13.5,0.1,5.3,73.8,8011,3.1,1.7,5.9,2.6,3.9,5.5,8.4,15.3,14.7,39.0,158770,232801,19.299999999999997,713689.3359853845,0.0059,0.0002,12.0,20.0
08059,ZCTA5 08059,5805,91.4,1.9,0.8,5.5,0.0,11.1,78.7,2430,5.6,0.5,7.1,4.9,6.5,18.8,19.3,19.8,8.4,9.1,89375,100064,8.599999999999994,294187.6181695095,0.0049,4.3214285714285716e-05,6.0,20.0
08060,ZCTA5 08060,25835,63.8,36.6,2.1,6.3,0.1,11.5,48.2,9650,2.9,1.4,2.1,3.5,9.4,12.9,14.5,23.4,15.3,14.5,109292,124055,36.2,394907.8229274272,0.0051,0.0001355,6.0,20.0
08061,ZCTA5 08061,4508,87.6,14.0,0.0,3.1,0.0,5.1,78.0,1614,0.9,0.0,0.0,1.4,15.2,5.6,4.5,22.1,10.4,39.9,150658,173947,12.400000000000006,431690.15055410826,0.0733,0.000192989417989418,15.0,20.0
08062,ZCTA5 08062,17935,88.7,4.9,0.6,6.1,0.6,3.8,82.6,5681,1.6,1.0,1.8,3.9,1.8,7.7,8.3,21.4,15.6,37.0,157009,194685,11.299999999999997,576673.3635545279,0.0054,0.00017352941176470587,5.0,20.0
08063,ZCTA5 08063,3051,93.4,4.9,0.9,1.0,0.0,8.2,86.6,1035,2.0,5.2,5.9,4.7,7.7,19.6,14.7,19.5,9.0,11.6,83074,102748,6.599999999999994,269023.3189411541,0.016,0.0002976923076923077,11.0,20.0
08064,ZCTA5 08064,17,100.0,0.0,0.0,0.0,0.0,0.0,0.0,9,0.0,0.0,0.0,0.0,100.0,0.0,0.0,0.0,0.0,0.0,-,N,0.0,,,,,
08065,ZCTA5 08065,7485,72.3,14.9,1.5,5.5,0.8,13.5,62.7,3287,4.2,0.5,4.4,4.7,11.1,15.6,21.0,15.6,13.4,9.6,89574,100130,27.700000000000003,302316.9886388471,0.0049,4.3214285714285716e-05,6.0,20.0
08066,ZCTA5 08066,7760,59.9,40.2,1.4,3.0,0.0,17.7,40.3,3146,5.2,5.7,6.6,7.3,14.0,18.9,25.1,6.3,5.7,5.2,65070,85940,40.1,219305.85454492585,0.016,0.00026352941176470586,13.0,20.0
08067,ZCTA5 08067,1711,88.2,8.2,2.1,0.9,0.0,6.1,82.2,548,1.1,0.4,0.9,3.3,3.6,11.3,19.0,26.6,14.4,19.3,111912,147074,11.799999999999997,332202.87212317326,0.0032,5.166666666666667e-05,2.0,20.0
08068,ZCTA5 08068,6613,63.5,27.8,2.3,7.2,0.0,16.5,49.4,2627,2.7,2.2,4.7,8.3,8.6,18.7,16.3,21.1,10.0,7.5,83194,104593,36.5,329684.63690327783,0.0,0.0,0.0,20.0
08069,ZCTA5 08069,13413,60.8,29.5,1.0,2.9,0.6,25.0,47.3,5079,9.1,7.0,4.6,8.1,11.4,11.1,21.5,15.9,7.9,3.6,71942,79169,39.2,238186.9399994531,0.0032,5.166666666666667e-05,2.0,20.0
08070,ZCTA5 08070,12511,90.9,4.5,0.5,1.6,1.1,6.8,84.7,5179,3.8,2.5,8.9,6.5,11.9,15.8,13.4,20.8,9.2,7.4,75697,96904,9.099999999999994,264960.3163781728,0.037,0.0029458333333333333,22.0,20.0
08071,ZCTA5 08071,9461,94.4,3.7,0.7,2.0,0.0,2.9,90.3,3810,2.1,0.5,1.8,6.7,5.4,17.7,15.6,22.3,15.0,12.7,100085,118621,5.599999999999994,346824.5766808202,0.0056,0.00014214285714285712,14.0,20.0
08072,ZCTA5 08072,164,100.0,0.0,1.2,0.0,0.0,0.0,98.8,79,0.0,0.0,7.6,0.0,2.5,54.4,22.8,0.0,0.0,12.7,68203,87072,0.0,,,,,
08073,ZCTA5 08073,20,100.0,0.0,0.0,0.0,0.0,0.0,100.0,16,100.0,0.0,0.0,0.0,0.0,0.0,0.0,0.0,0.0,0.0,-,N,0.0,,,,,
08074,ZCTA5 08074,160,100.0,0.0,0.0,0.0,0.0,0.0,100.0,76,0.0,0.0,0.0,0.0,0.0,0.0,0.0,0.0,0.0,100.0,-,N,0.0,,,,,
08075,ZCTA5 08075,30615,79.8,13.1,1.0,3.9,0.1,9.7,67.4,11461,4.1,1.6,5.3,4.8,8.9,13.3,14.9,19.9,13.2,14.1,94407,116436,20.200000000000003,373062.98747529293,0.0049,4.3214285714285716e-05,6.0,20.0
08077,ZCTA5 08077,20613,87.3,9.1,0.5,4.8,0.0,6.0,79.7,7337,2.3,0.4,1.8,3.2,6.1,9.4,14.6,21.8,15.8,24.4,128271,155172,12.700000000000003,439981.1359712227,0.0049,4.3214285714285716e-05,6.0,20.0
08078,ZCTA5 08078,8051,83.1,13.1,1.0,3.3,0.1,13.2,72.5,3217,4.4,2.4,3.8,5.0,11.3,18.4,8.7,24.9,14.7,6.3,86741,107669,16.900000000000006,306327.8233396548,0.0049,4.3214285714285716e-05,6.0,20.0
08079,ZCTA5 08079,10762,63.9,34.7,0.9,1.7,0.1,6.0,58.2,4478,3.6,10.3,10.0,9.3,9.0,17.1,10.5,14.2,7.7,8.2,54641,83035,36.1,224815.18881178708,0.0047,0.00011750000000000001,1.0,20.0
08080,ZCTA5 08080,38159,88.1,7.6,0.9,4.8,0.0,5.8,81.1,14187,1.7,1.1,3.0,3.5,5.5,13.5,11.9,21.4,13.8,24.6,122262,148824,11.900000000000006,415318.0214685905,0.0109,0.00016581395348837209,29.0,20.0
08081,ZCTA5 08081,50264,54.0,42.4,2.0,7.5,0.2,9.9,45.3,17840,4.4,2.2,3.5,4.7,6.3,11.3,13.5,23.7,14.5,15.8,105800,120189,46.0,362589.01947881817,0.0109,0.00011451219512195122,18.0,20.0
08083,ZCTA5 08083,9606,68.1,25.5,1.1,6.1,1.0,9.6,60.3,4032,5.7,2.2,5.6,3.8,6.6,14.2,16.2,21.4,12.0,12.5,96653,119356,31.900000000000006,332164.1097830594,0.0049,4.3214285714285716e-05,6.0,20.0
08084,ZCTA5 08084,7018,80.5,9.7,1.2,2.6,0.0,13.4,72.4,2605,5.6,3.1,3.3,6.4,7.4,12.0,12.8,20.9,11.2,17.1,98427,127873,19.5,322845.1255950453,0.0049,4.3214285714285716e-05,6.0,20.0
08085,ZCTA5 08085,22340,79.9,13.0,0.9,6.2,0.0,7.4,74.5,7123,3.3,1.5,3.7,3.4,6.6,9.2,7.2,22.7,16.6,25.8,134762,152418,20.099999999999994,452075.03916275565,0.0049,0.0001096875,8.0,20.0
08086,ZCTA5 08086,9001,89.6,6.8,0.6,4.6,0.0,5.7,82.7,3975,2.2,0.9,7.6,6.3,9.7,11.7,13.6,20.4,12.7,14.9,97413,115456,10.400000000000006,343902.1224347694,0.016,0.0002976923076923077,11.0,20.0
08087,ZCTA5 08087,25342,92.6,5.4,0.8,1.9,0.0,6.1,84.4,10722,3.4,2.5,5.0,5.2,7.3,18.8,11.7,22.3,12.0,11.8,91677,116762,7.400000000000006,394551.67920810543,0.0,0.0,0.0,20.0
08088,ZCTA5 08088,24215,94.6,2.3,1.5,2.6,0.0,6.3,86.7,9680,3.6,1.0,3.1,5.4,10.1,8.7,13.3,20.4,12.3,22.3,110000,137635,5.400000000000006,446032.08458979736,0.0,0.0,0.0,20.0
08089,ZCTA5 08089,4231,79.7,18.7,1.2,0.0,0.1,10.4,71.6,1475,3.6,0.8,3.6,5.5,8.0,10.5,9.3,30.6,11.6,16.5,115117,131221,20.299999999999997,321301.2308240904,,,,
08090,ZCTA5 08090,9815,84.5,13.0,0.8,2.3,0.9,3.9,79.0,3109,1.3,0.5,5.0,2.0,4.7,13.0,13.2,28.1,17.3,14.9,115701,135386,15.5,334334.10439048026,0.0038,8.75e-05,4.0,20.0
08091,ZCTA5 08091,5963,74.5,4.1,2.1,6.8,0.0,15.9,69.8,2494,3.7,1.6,5.1,4.4,19.8,15.3,8.3,20.5,13.4,7.9,75238,95962,25.5,347633.5995306052,0.0061,0.000185,8.0,20.0
08092,ZCTA5 08092,3119,96.9,0.9,0.5,1.7,0.0,3.3,91.3,1177,3.6,3.4,3.3,4.7,7.6,7.4,16.7,17.8,14.6,20.9,110509,134358,3.0999999999999943,497244.21543533006,,,,
08093,ZCTA5 08093,9438,76.2,18.6,1.7,3.2,0.0,10.8,66.9,4154,7.1,1.8,10.4,8.4,12.2,13.4,10.5,20.5,8.8,7.0,64104,90883,23.799999999999997,273340.7948083742,0.0167,0.0003331325301204819,24.0,20.0
08094,ZCTA5 08094,41595,80.9,16.3,1.4,3.5,0.1,10.3,70.9,15574,4.5,2.9,4.6,5.7,6.9,15.0,11.0,19.3,13.3,16.7,96699,121090,19.099999999999994,356209.3638544281,0.0075,5.4444444444444446e-05,4.0,20.0
08095,ZCTA5 08095,0,,-,-,-,-,-,-,0,-,-,-,-,-,-,-,-,-,-,-,-,,,,,,
08096,ZCTA5 08096,35336,76.8,18.7,1.2,4.5,0.0,14.7,63.7,13929,4.0,3.6,5.2,5.9,8.8,13.8,13.7,18.6,12.3,14.2,89013,112758,23.200000000000003,323502.8751637198,0.016,0.00018282051282051282,28.0,20.0
08097,ZCTA5 08097,3062,94.4,3.4,0.1,2.6,0.7,4.0,87.6,1077,2.6,0.0,1.3,2.5,7.4,11.8,16.7,21.0,16.2,20.5,119042,146503,5.599999999999994,337183.6426205253,0.0038,8.75e-05,4.0,20.0
08098,ZCTA5 08098,9680,84.4,12.9,0.6,0.9,0.0,10.3,75.9,3336,3.1,1.1,3.5,2.6,7.3,10.8,13.0,22.6,19.1,17.0,110913,135768,15.599999999999994,379600.9924949047,0.0,0.0,0.0,20.0
08102,ZCTA5 08102,8292,33.7,28.4,3.9,1.9,0.2,62.3,13.7,3185,15.0,11.0,17.5,7.8,11.9,12.4,8.6,6.3,7.9,1.5,33852,55093,66.3,154981.8091631836,0.0129,0.00023088235294117646,25.0,20.0
08103,ZCTA5 08103,12573,11.9,69.4,2.4,1.4,0.0,31.1,3.6,4304,10.4,17.0,7.9,12.5,15.0,17.8,5.5,8.9,4.9,0.3,36793,49754,88.1,149096.4864529956,0.0129,0.00023088235294117646,25.0,20.0
08104,ZCTA5 08104,22148,13.0,64.2,1.8,2.2,0.9,38.8,2.9,8323,13.8,5.5,13.1,14.0,15.4,14.6,6.8,10.4,2.7,3.8,38170,55936,87.0,129231.1067879856,0.0129,0.00023088235294117646,25.0,20.0
08105,ZCTA5 08105,26483,16.5,28.8,2.3,3.2,0.3,72.4,1.7,8017,8.2,4.6,11.4,14.0,13.8,14.4,12.2,13.6,5.0,2.8,45974,64402,83.5,181008.87871632943,0.0049,4.3214285714285716e-05,6.0,20.0
08106,ZCTA5 08106,9731,95.3,2.4,1.3,1.9,0.0,4.7,89.7,3925,2.1,1.2,4.6,6.5,5.9,13.5,11.0,23.8,10.4,20.9,111002,124847,4.700000000000003,364515.79065483407,0.0049,4.3214285714285716e-05,6.0,20.0
08107,ZCTA5 08107,13574,73.0,19.0,3.5,4.2,0.3,16.1,60.5,5632,3.2,2.8,7.3,6.1,10.2,16.7,12.3,17.0,12.8,11.7,80833,113465,27.0,325235.7224440945,0.0049,3.5588235294117644e-05,6.0,20.0
08108,ZCTA5 08108,18654,92.3,5.5,0.7,4.0,0.0,6.8,83.2,8687,4.7,2.6,5.2,4.7,5.8,12.0,11.7,21.8,13.8,17.6,108151,127289,7.700000000000003,451906.7580358701,0.012,0.00030167064439140816,21.0,20.0
08109,ZCTA5 08109,24022,51.6,19.8,1.4,11.8,0.2,33.2,35.7,8632,4.9,1.6,6.5,6.3,9.5,14.3,12.7,19.0,13.6,11.5,90242,110690,48.4,317220.4706725587,0.012,0.0001838827838827839,27.0,20.0
08110,ZCTA5 08110,19158,28.9,40.3,5.1,7.1,0.3,47.9,13.4,6402,8.0,3.0,8.1,5.0,8.8,11.5,18.3,19.4,9.7,8.1,83729,92500,71.1,266634.7822365015,0.012,0.0001838827838827839,27.0,20.0
08201,ZCTA5 08201,10412,76.0,13.8,2.0,6.8,0.0,14.2,65.9,4136,4.6,1.4,4.4,5.8,8.0,29.4,10.8,22.5,7.1,5.9,71321,90073,24.0,322523.03337819467,0.0109,0.0005264285714285715,54.0,20.0
08202,ZCTA5 08202,1612,98.1,0.5,0.1,2.3,0.0,2.2,94.7,838,2.9,0.2,2.1,6.6,4.9,11.8,8.5,15.9,16.9,30.2,146071,215201,1.9000000000000057,2676191.221614633,0.0,0.0,0.0,20.0
08203,ZCTA5 08203,7674,90.3,1.9,0.4,6.3,0.0,5.4,85.0,4043,7.0,1.1,4.2,7.0,7.4,14.1,10.1,18.0,12.5,18.6,97250,132706,9.700000000000003,664679.0929104033,0.0071,0.0002825,6.0,20.0
08204,ZCTA5 08204,16573,95.5,3.7,1.2,1.6,0.1,5.9,88.1,8450,4.3,4.6,5.3,8.6,8.0,15.1,13.2,16.5,12.8,11.7,82466,111211,4.5,687891.5141771571,0.0,0.0,0.0,20.0
08205,ZCTA5 08205,28877,74.0,10.0,1.3,12.3,0.1,12.3,63.0,11466,2.2,2.1,5.4,5.2,8.9,13.0,18.2,21.0,12.2,11.8,93370,113579,26.0,320513.95867871377,0.0109,0.0004913333333333333,54.0,20.0
08210,ZCTA5 08210,17143,87.2,10.3,1.0,1.9,0.2,7.4,80.2,7183,1.8,6.5,5.4,2.5,9.6,14.2,15.6,18.4,10.6,15.3,90013,117988,12.799999999999997,431731.7375209679,0.0,0.0,0.0,20.0
08212,ZCTA5 08212,138,86.2,10.9,4.3,2.9,2.2,0.0,81.9,82,2.4,0.0,1.2,0.0,11.0,24.4,31.7,11.0,2.4,15.9,86125,168487,13.799999999999997,1446312.5981230866,0.0,0.0,0.0,20.0
08215,ZCTA5 08215,13545,77.0,20.5,1.6,2.0,0.0,15.0,64.3,5795,4.1,1.7,7.5,4.9,9.0,17.0,13.8,21.7,13.2,7.1,80893,99195,23.0,320385.29870635126,0.0109,0.0004913333333333333,54.0,20.0
08217,ZCTA5 08217,44,100.0,0.0,0.0,0.0,0.0,0.0,100.0,25,0.0,0.0,0.0,100.0,0.0,0.0,0.0,0.0,0.0,0.0,-,N,0.0,,,,,
08221,ZCTA5 08221,6992,90.9,5.5,0.6,6.7,0.3,4.2,83.3,2609,2.7,0.8,1.7,3.6,5.6,6.6,11.2,17.1,15.2,35.5,156354,203927,9.099999999999994,448009.8915029768,0.0109,0.0005264285714285715,54.0,20.0
08223,ZCTA5 08223,4048,95.6,1.1,1.3,6.2,0.0,3.0,86.9,1833,1.1,0.0,4.7,17.2,3.9,11.6,7.5,17.3,19.7,17.0,107131,121135,4.400000000000006,467591.3478636453,0.0,0.0,0.0,20.0
08224,ZCTA5 08224,223,100.0,0.0,9.0,0.0,0.0,30.0,63.7,60,0.0,0.0,0.0,0.0,6.7,40.0,6.7,20.0,0.0,26.7,96250,148910,0.0,,,,,
08225,ZCTA5 08225,8456,86.0,3.7,0.5,10.4,0.0,9.5,76.3,3257,2.1,2.4,4.9,2.6,5.8,12.7,14.5,18.7,15.3,21.1,111599,152066,14.0,371552.3560405374,0.0109,0.0005264285714285715,54.0,20.0
08226,ZCTA5 08226,11261,87.4,3.8,0.2,0.5,0.3,9.1,84.4,5689,2.5,1.7,7.0,8.8,7.2,11.5,10.6,15.8,10.1,24.6,101782,147215,12.599999999999994,1026107.6136105418,0.0,0.0,0.0,20.0
08230,ZCTA5 08230,5700,96.1,0.8,0.0,1.8,0.0,3.4,93.4,2176,0.9,2.2,1.4,0.5,3.8,17.5,13.7,22.1,20.7,17.3,115152,144081,3.9000000000000057,450161.6234130061,,,,
08232,ZCTA5 08232,19887,39.2,38.1,1.1,3.2,0.3,55.0,6.4,6377,6.0,3.9,11.4,7.9,16.2,17.5,14.8,12.9,5.4,3.9,53899,73765,60.8,230879.54442910777,0.0109,0.0005264285714285715,54.0,20.0
08234,ZCTA5 08234,47339,66.1,10.7,3.8,15.9,0.1,18.1,53.7,16896,3.3,1.0,5.1,5.5,11.2,11.9,13.0,20.5,13.9,14.6,98217,119799,33.900000000000006,374681.6824359575,,,,
08240,ZCTA5 08240,2648,70.1,18.4,1.2,13.9,0.0,11.2,55.6,0,-,-,-,-,-,-,-,-,-,-,-,-,29.900000000000006,,0.0109,0.0005264285714285715,54.0,20.0
08241,ZCTA5 08241,1076,98.1,0.1,5.4,0.5,0.0,3.1,91.8,449,0.0,0.0,5.6,1.8,2.2,13.6,18.5,15.4,9.6,33.4,123438,215813,1.9000000000000057,410306.5988787552,,,,
08242,ZCTA5 08242,4141,75.0,14.8,3.5,1.3,1.2,21.0,63.1,1904,6.5,5.1,7.0,6.1,10.5,8.2,12.7,22.7,8.9,12.2,93250,101353,25.0,409009.02494799934,0.0,0.0,0.0,20.0
08243,ZCTA5 08243,2000,99.9,1.3,1.2,0.3,0.0,1.8,96.5,1117,3.2,1.4,1.7,4.0,8.7,13.6,13.7,20.6,9.8,23.3,108359,164172,0.09999999999999432,1371425.9129575056,0.0,0.0,0.0,20.0
08244,ZCTA5 08244,10659,83.8,10.7,1.9,3.7,0.0,16.3,68.4,4780,4.3,1.3,7.3,8.2,17.2,15.9,13.1,16.7,9.4,6.7,70255,90374,16.200000000000003,404989.358572454,0.0109,0.0005264285714285715,54.0,20.0
08245,ZCTA5 08245,23,100.0,0.0,0.0,0.0,0.0,0.0,100.0,12,0.0,0.0,0.0,100.0,0.0,0.0,0.0,0.0,0.0,0.0,-,N,0.0,,,,,
08246,ZCTA5 08246,57,100.0,0.0,0.0,0.0,0.0,0.0,100.0,57,0.0,0.0,0.0,0.0,100.0,0.0,0.0,0.0,0.0,0.0,-,N,0.0,,,,,
08247,ZCTA5 08247,965,98.5,0.1,0.2,1.6,0.0,0.7,95.9,505,5.9,2.6,0.0,3.4,7.7,8.1,7.9,13.9,4.8,45.7,167917,274626,1.5,2374338.515864664,0.0,0.0,0.0,20.0
08248,ZCTA5 08248,266,100.0,0.0,0.0,0.0,0.0,0.0,100.0,127,0.0,0.0,0.0,0.0,0.0,8.7,16.5,42.5,24.4,7.9,108953,129749,0.0,1509571.8473406702,,,,
08251,ZCTA5 08251,10503,96.2,2.5,0.1,0.1,0.3,7.8,89.1,4813,5.2,1.8,4.1,4.1,9.4,16.9,22.4,20.7,8.2,7.2,83637,97854,3.799999999999997,388891.85691124666,0.0,0.0,0.0,20.0
08260,ZCTA5 08260,12959,87.8,6.8,2.2,0.9,0.0,12.0,80.4,7101,3.5,5.6,6.5,6.4,9.5,15.3,13.1,16.5,9.9,13.8,79699,110346,12.200000000000003,590496.0786040806,0.0,0.0,0.0,20.0
08270,ZCTA5 08270,8362,91.3,7.5,2.4,1.8,0.0,11.6,77.1,3293,3.5,1.1,2.6,8.4,8.4,10.4,15.7,26.5,12.2,11.1,99592,111696,8.700000000000003,316567.8142293861,,,,
08302,ZCTA5 08302,47279,54.7,26.3,5.7,2.2,0.3,41.0,29.5,14806,4.4,3.9,8.2,10.8,10.8,18.3,11.6,18.3,7.3,6.4,65516,86408,45.3,249177.31264619203,0.0,0.0,0.0,20.0
08310,ZCTA5 08310,968,77.0,4.8,1.9,0.6,0.0,27.7,65.1,537,7.4,3.0,2.8,22.5,19.9,11.0,5.2,12.5,10.6,5.0,42442,130567,23.0,333689.8418709813,0.0,0.0,0.0,20.0
08311,ZCTA5 08311,1746,82.9,10.0,5.6,4.2,0.0,8.9,70.1,656,3.7,0.0,14.5,3.8,10.8,11.7,17.5,19.2,7.3,11.4,86324,103442,17.099999999999994,267036.9964362022,,,,
08312,ZCTA5 08312,8556,69.4,25.7,0.5,1.8,0.0,7.9,64.1,3288,5.4,4.4,4.0,3.0,6.1,18.2,12.9,26.1,13.8,6.2,89294,100737,30.599999999999994,314086.28148666973,0.0073,0.00028,5.0,20.0
08314,ZCTA5 08314,454,100.0,0.0,0.0,0.0,0.0,0.0,100.0,176,0.0,0.0,0.0,11.9,18.2,13.1,12.5,12.5,29.5,2.3,88077,103091,0.0,,,,,
08316,ZCTA5 08316,137,100.0,0.0,0.0,0.0,0.0,0.0,100.0,59,0.0,0.0,0.0,0.0,3.4,13.6,45.8,37.3,0.0,0.0,79306,85536,0.0,,,,,
08317,ZCTA5 08317,1246,88.4,9.9,5.5,1.4,0.0,11.2,69.3,500,0.0,0.0,8.6,0.0,3.0,15.4,15.6,32.2,20.6,4.6,106696,115319,11.599999999999994,339367.5148767855,,,,
08318,ZCTA5 08318,11961,89.9,9.1,1.1,1.7,0.5,8.8,78.3,4264,2.5,1.2,6.2,8.0,7.6,13.1,14.2,21.2,11.2,15.0,92558,114864,10.099999999999994,335929.0684929462,,,,
08319,ZCTA5 08319,1205,96.7,2.1,0.4,0.7,0.0,1.3,93.9,454,2.6,0.0,1.5,2.9,6.8,15.6,20.3,26.4,11.5,12.3,100278,116443,3.299999999999997,351884.6167567242,,,,
08320,ZCTA5 08320,1021,55.8,34.6,3.2,5.5,0.0,30.8,31.0,0,-,-,-,-,-,-,-,-,-,-,-,-,44.2,,,,,
08321,ZCTA5 08321,133,100.0,0.0,0.0,0.0,0.0,0.0,100.0,77,0.0,0.0,0.0,14.3,26.0,9.1,0.0,22.1,9.1,19.5,105074,158168,0.0,180269.77280341528,,,,
08322,ZCTA5 08322,10202,83.8,14.4,2.1,1.5,0.3,6.7,74.9,3543,2.2,1.7,5.6,3.8,4.0,8.7,11.6,25.9,20.2,16.2,121686,135601,16.200000000000003,359798.493378544,,,,
08323,ZCTA5 08323,731,92.9,6.2,1.2,0.5,0.0,12.0,83.2,313,4.5,3.8,3.8,4.8,6.7,24.6,11.5,22.4,7.7,10.2,83125,101505,7.099999999999994,298118.61084043543,,,,
08324,ZCTA5 08324,210,100.0,0.0,0.0,0.0,0.0,17.1,82.9,79,0.0,0.0,0.0,0.0,0.0,19.0,31.6,49.4,0.0,0.0,89950,91501,0.0,,,,,
08326,ZCTA5 08326,1435,79.7,2.0,1.3,0.0,0.0,25.1,71.7,529,4.7,0.0,2.1,4.7,18.0,13.0,11.5,16.1,27.4,2.5,79583,97497,20.299999999999997,292638.4699800495,0.0,0.0,0.0,20.0
08327,ZCTA5 08327,3408,36.2,44.8,1.3,0.7,0.0,25.5,30.4,275,13.1,12.7,4.0,3.6,7.3,10.5,17.1,8.4,10.5,12.7,61528,214303,63.8,276408.7340165006,0.0,0.0,0.0,20.0
08328,ZCTA5 08328,1476,90.5,9.5,0.0,0.0,0.0,0.0,90.5,537,1.3,0.0,0.0,0.0,19.7,19.9,7.3,37.4,9.1,5.2,101583,118189,9.5,306832.26759270584,,,,
08329,ZCTA5 08329,159,100.0,0.0,0.0,0.0,0.0,0.0,100.0,116,14.7,0.0,0.0,12.1,10.3,46.6,16.4,0.0,0.0,0.0,65694,53657,0.0,,,,,
08330,ZCTA5 08330,29972,70.2,23.2,4.3,6.0,0.1,14.9,57.0,11950,3.0,2.5,5.8,6.7,10.5,19.2,13.4,23.8,8.2,6.9,77167,97286,29.799999999999997,298877.68735536374,0.0052,4.208333333333333e-05,2.0,20.0
08332,ZCTA5 08332,35228,73.3,21.3,2.8,0.9,0.0,18.4,58.2,14771,8.8,2.9,8.5,7.8,8.9,17.8,14.2,14.4,7.9,8.8,67496,99219,26.700000000000003,250686.358926565,0.0048,7.625e-05,3.0,20.0
08340,ZCTA5 08340,725,100.0,0.0,0.0,0.0,0.0,0.0,100.0,308,0.0,0.0,8.1,5.2,1.6,38.0,20.1,12.3,4.2,10.4,62750,95122,0.0,388282.2203522624,,,,
08341,ZCTA5 08341,2101,74.4,2.9,1.2,14.4,0.0,41.6,40.4,874,7.2,4.6,12.9,8.0,5.3,17.0,18.9,14.1,3.0,9.0,68830,81452,25.599999999999994,294767.21971991385,0.0,0.0,0.0,20.0
08343,ZCTA5 08343,4729,90.4,4.4,0.5,0.8,0.0,5.4,88.9,1530,2.3,3.0,2.9,2.1,9.6,6.8,10.5,16.9,21.8,24.2,141842,163813,9.599999999999994,379454.2489960983,,,,
08344,ZCTA5 08344,5564,88.4,8.2,0.3,0.8,0.0,17.9,74.3,2002,1.2,1.3,4.8,8.7,7.9,19.3,13.9,21.5,8.1,13.1,85938,106752,11.599999999999994,308937.7519332024,,,,
08345,ZCTA5 08345,825,91.2,1.1,6.2,6.1,0.0,6.8,82.5,395,7.1,13.2,6.8,2.0,5.6,16.7,26.6,15.9,3.8,2.3,67250,70853,8.799999999999997,242782.29761864425,,,,
08346,ZCTA5 08346,283,50.2,49.8,0.0,20.8,0.0,0.0,29.3,134,0.0,0.0,0.0,0.0,29.1,14.2,44.0,12.7,0.0,0.0,80381,72767,49.8,314785.5671342018,,,,
08348,ZCTA5 08348,154,100.0,0.0,0.0,0.0,0.0,0.0,100.0,87,0.0,0.0,0.0,0.0,0.0,59.8,0.0,13.8,0.0,26.4,-,113660,0.0,,,,,
08349,ZCTA5 08349,2441,78.7,20.6,0.0,0.0,0.0,10.9,68.7,925,10.3,6.9,8.8,15.5,6.6,5.9,16.3,21.3,2.4,6.1,64861,96843,21.299999999999997,219424.76367880488,,,,
08350,ZCTA5 08350,639,89.4,10.6,4.1,0.0,0.0,25.8,59.5,225,0.0,0.0,0.0,10.7,0.0,7.6,6.7,15.1,49.8,10.2,158271,146616,10.599999999999994,325337.9591251912,,,,
08352,ZCTA5 08352,112,43.8,48.2,4.5,8.0,0.0,41.1,39.3,52,7.7,0.0,0.0,5.8,23.1,23.1,0.0,30.8,9.6,0.0,64688,83077,56.2,,,,,
08353,ZCTA5 08353,228,93.4,0.9,4.4,0.0,0.0,12.7,83.3,132,0.0,0.0,0.0,13.6,22.7,18.2,17.4,22.7,3.8,1.5,70625,81125,6.599999999999994,294402.33586918126,,,,
08360,ZCTA5 08360,45038,58.7,17.6,3.6,1.7,0.1,51.0,29.6,15716,4.6,5.4,7.8,8.4,12.8,20.1,11.9,15.5,7.5,5.9,65359,84622,41.3,281746.47129232547,0.0108,0.00035541125541125543,31.0,20.0
08361,ZCTA5 08361,18206,81.9,11.3,2.8,4.1,0.0,25.4,60.0,6677,5.1,3.5,4.6,5.5,8.2,11.2,12.9,20.8,15.9,12.4,99050,113994,18.099999999999994,336665.0743554576,0.0108,0.0004298429319371728,31.0,20.0
08401,ZCTA5 08401,38925,30.2,33.8,3.2,17.0,0.0,31.7,17.5,16605,9.7,8.7,14.5,10.1,15.0,16.6,8.2,8.6,5.5,3.2,41126,64095,69.8,211022.96606687535,0.0073,0.00028642857142857143,8.0,20.0
08402,ZCTA5 08402,5234,95.7,1.4,0.2,1.7,0.0,4.3,92.3,2570,4.6,0.7,5.1,4.7,4.6,9.1,6.1,28.0,10.9,26.2,121800,179475,4.299999999999997,968835.2354444502,0.0,0.0,0.0,20.0
08403,ZCTA5 08403,1046,97.0,0.0,0.0,7.0,0.0,5.4,87.6,536,6.5,3.7,10.8,0.6,3.2,10.6,10.6,13.6,7.1,33.2,110625,219043,3.0,1402797.9163511184,0.0048,2.619047619047619e-05,3.0,20.0
08406,ZCTA5 08406,8972,83.9,5.3,1.9,8.2,0.0,14.7,72.7,4808,3.3,7.1,6.0,8.8,12.0,14.4,13.2,16.2,5.3,13.8,69099,111626,16.099999999999994,558978.4672459649,0.0,0.0,0.0,20.0
08501,ZCTA5 08501,6364,93.6,1.7,0.3,5.2,0.0,7.0,86.2,2502,2.2,1.6,0.8,3.4,6.6,15.3,8.0,13.9,12.5,35.7,146182,174914,6.400000000000006,710177.3278432898,0.0116,0.0009109090909090909,31.0,20.0
08502,ZCTA5 08502,11849,44.3,4.6,0.0,51.4,0.2,4.0,38.2,3983,1.1,0.6,2.0,0.5,0.8,5.1,10.3,12.7,8.1,58.9,227242,255923,55.7,968745.9576703632,0.0075,0.00025416666666666665,19.0,20.0
08505,ZCTA5 08505,19142,78.9,14.2,0.9,8.0,0.3,12.2,66.5,7350,3.0,0.9,2.0,3.2,5.9,15.8,9.8,26.5,13.5,19.3,112845,131530,21.099999999999994,443972.6964848687,0.0,0.0,0.0,20.0
08510,ZCTA5 08510,5386,79.3,5.9,0.0,11.1,0.0,17.2,61.5,1833,6.2,0.0,0.8,2.8,5.5,9.7,3.2,4.6,12.5,54.7,225966,241486,20.700000000000003,910404.7872178744,,,,
08511,ZCTA5 08511,976,86.9,6.5,0.5,0.8,0.0,23.1,67.8,388,0.5,1.0,1.0,3.6,13.1,26.0,22.4,12.9,6.7,12.6,80952,116173,13.099999999999994,426745.6233145946,,,,
08512,ZCTA5 08512,12928,51.5,12.9,1.2,31.9,0.0,15.7,40.0,5102,0.7,2.8,4.9,3.7,10.4,15.1,6.5,15.9,10.4,29.5,118587,174645,48.5,738900.681691309,0.0075,0.00017596153846153846,19.0,20.0
08514,ZCTA5 08514,4917,90.8,1.3,0.3,8.1,0.0,4.5,85.1,1744,0.0,2.2,1.9,4.7,3.1,13.9,13.5,19.6,7.9,33.1,134038,167719,9.200000000000003,676235.2654536306,0.0,0.0,0.0,20.0
08515,ZCTA5 08515,8373,60.1,7.4,0.0,33.7,0.0,4.9,53.9,2533,0.0,0.6,0.0,1.1,2.9,5.8,5.1,17.1,11.8,55.5,208836,222288,39.9,678400.8334005243,0.0116,0.0011133333333333334,31.0,20.0
08518,ZCTA5 08518,6508,69.4,17.8,0.8,16.6,0.0,11.3,53.0,2172,5.3,0.4,0.8,2.7,5.7,20.5,15.0,30.5,5.8,13.4,97045,114533,30.599999999999994,326709.59237591154,0.0132,0.001925,11.0,20.0
08520,ZCTA5 08520,29504,62.4,9.2,1.2,21.4,0.1,23.8,44.7,10974,2.2,1.3,2.2,2.8,8.6,13.7,11.7,19.9,13.2,24.4,118010,145372,37.6,466911.2537256213,0.0116,0.0005273684210526315,31.0,20.0
08525,ZCTA5 08525,4522,91.6,3.9,1.1,4.0,0.0,8.5,80.9,1903,1.6,0.3,2.3,2.7,2.8,7.7,11.8,13.9,13.9,43.0,165324,202225,8.400000000000006,670711.7526853661,,,,
08527,ZCTA5 08527,58991,86.4,6.4,0.5,4.3,0.2,13.7,75.6,20324,1.8,2.1,4.5,5.8,7.8,10.0,11.3,21.9,15.2,19.7,115487,136935,13.599999999999994,614091.8752040596,0.0,0.0,0.0,20.0
08528,ZCTA5 08528,321,94.1,0.0,0.0,5.9,0.0,0.0,94.1,207,0.0,0.0,0.0,0.0,0.0,68.1,0.0,8.7,18.8,4.3,-,96672,5.900000000000006,,0.0075,0.00025416666666666665,19.0,20.0
08530,ZCTA5 08530,8119,87.7,6.2,4.0,2.4,0.0,10.2,79.3,3596,1.3,1.4,2.9,7.6,8.6,9.8,9.6,15.4,11.0,32.3,120467,185443,12.299999999999997,632266.0519135357,0.0,0.0,0.0,20.0
08533,ZCTA5 08533,7563,96.7,2.3,3.3,0.0,0.0,12.3,85.8,2654,0.7,0.8,5.0,5.2,2.1,16.2,12.6,21.7,15.7,20.0,113583,146552,3.299999999999997,536324.0372635785,,,,
08534,ZCTA5 08534,13272,79.0,2.0,0.6,19.9,0.0,3.0,73.7,4995,1.9,3.6,1.2,1.4,4.2,5.9,6.2,16.8,15.1,43.8,175573,219141,21.0,670306.1388246907,0.0,0.0,0.0,20.0
08535,ZCTA5 08535,4999,87.2,2.5,0.1,5.6,0.2,6.7,79.3,1519,2.2,0.7,0.5,0.7,5.9,5.0,11.3,12.8,9.3,51.5,209732,275510,12.799999999999997,901647.1887750564,,,,
08536,ZCTA5 08536,20817,31.1,8.8,0.6,61.4,0.2,4.6,26.1,8353,1.1,0.5,2.0,1.9,5.5,10.4,9.3,25.5,13.6,30.2,137607,189111,68.9,633742.0425849637,0.0075,0.00025416666666666665,19.0,20.0
08540,ZCTA5 08540,50388,56.6,7.6,1.0,35.4,0.1,7.4,49.5,18609,4.2,2.7,3.1,1.7,4.9,7.6,8.1,11.5,10.7,45.5,176983,241691,43.4,935576.4673937564,0.0081,0.00035681818181818183,32.0,20.0
08542,ZCTA5 08542,2533,65.6,15.9,5.8,14.3,0.9,15.3,53.8,1264,1.3,0.6,1.0,2.2,10.8,16.4,14.0,22.8,7.8,23.1,105524,146002,34.400000000000006,847510.7846377757,0.0075,0.00025416666666666665,19.0,20.0
08544,ZCTA5 08544,4392,62.2,11.9,2.1,31.0,0.6,13.5,43.8,12,100.0,0.0,0.0,0.0,0.0,0.0,0.0,0.0,0.0,0.0,-,-,37.8,,0.0075,0.00025416666666666665,19.0,20.0
08550,ZCTA5 08550,21067,41.2,3.3,0.5,58.8,0.0,4.8,33.2,7817,2.8,1.6,1.4,1.6,2.0,4.9,5.1,7.2,14.5,58.8,224213,270773,58.8,981359.6673569534,0.0075,0.00017596153846153846,19.0,20.0
08551,ZCTA5 08551,5873,92.8,0.4,1.5,6.1,0.0,5.7,87.5,2071,0.7,1.4,0.9,2.1,3.0,12.9,4.2,18.2,17.4,39.0,162617,210696,7.200000000000003,702600.6204427042,,,,
08553,ZCTA5 08553,819,89.5,1.1,0.1,8.4,0.2,7.7,79.9,318,0.0,0.0,1.3,4.7,6.9,4.4,10.1,24.8,10.1,37.7,148056,201096,10.5,697044.4128941664,,,,
08554,ZCTA5 08554,3527,70.6,14.1,0.4,15.2,0.0,5.7,66.8,1508,0.8,1.9,4.1,3.0,12.5,20.9,13.9,13.9,13.7,15.4,89242,108293,29.400000000000006,302065.1813789001,,,,
08555,ZCTA5 08555,996,91.7,2.4,0.9,4.3,0.4,38.8,55.0,338,0.9,3.8,2.1,3.6,9.5,4.7,19.8,25.1,8.9,21.6,110000,136083,8.299999999999997,472458.69418866705,,,,
08558,ZCTA5 08558,7648,64.0,6.1,0.8,30.1,0.7,5.8,57.7,2767,0.6,0.0,0.8,3.2,6.6,6.1,2.3,10.3,9.0,61.0,236016,306844,36.0,1005557.011360928,0.0075,0.00025416666666666665,19.0,20.0
08559,ZCTA5 08559,4836,97.0,1.3,0.1,1.0,0.0,7.1,87.9,2052,0.5,1.2,2.2,1.6,2.7,8.6,7.8,16.8,15.9,42.7,179600,250851,3.0,655127.5441664276,,,,
08560,ZCTA5 08560,3245,95.1,5.9,0.8,5.4,0.0,4.1,83.8,1333,4.8,0.9,12.5,2.6,4.4,3.6,13.1,12.7,17.9,27.4,128516,172668,4.900000000000006,656589.4604763394,0.0381,0.003465,12.0,20.0
08561,ZCTA5 08561,325,72.9,3.1,0.0,9.5,0.0,17.5,72.9,129,0.0,0.0,14.7,0.0,0.0,42.6,0.0,8.5,21.7,12.4,-,96705,27.099999999999994,,,,,
08562,ZCTA5 08562,4201,90.4,11.9,1.1,1.3,0.0,11.8,73.2,1579,4.8,1.4,3.1,7.7,12.1,9.6,8.3,23.4,13.3,16.3,103493,112281,9.599999999999994,506779.19491510186,,,,
08608,ZCTA5 08608,1250,9.5,64.2,1.4,0.0,0.0,28.6,6.2,653,3.8,22.4,0.0,15.0,0.0,16.7,23.3,18.8,0.0,0.0,61201,59302,90.5,,0.0,0.0,0.0,20.0
08609,ZCTA5 08609,15938,16.5,44.7,7.1,0.9,0.0,49.7,4.4,4880,8.3,6.5,4.8,9.5,11.7,15.1,16.7,15.1,8.6,3.6,68238,122026,83.5,204315.4261916651,0.0,0.0,0.0,20.0
08610,ZCTA5 08610,33465,59.5,15.7,2.5,2.8,0.1,45.9,36.7,12315,5.2,1.3,5.1,8.0,10.1,16.1,14.4,19.2,11.0,9.6,83906,105742,40.5,356316.9008896146,0.0,0.0,0.0,20.0
08611,ZCTA5 08611,31995,34.2,27.7,7.6,1.2,0.0,62.3,14.1,10716,9.9,5.6,7.2,8.1,13.8,13.5,17.0,15.8,4.5,4.4,56788,73082,65.8,195744.8224255696,0.0,0.0,0.0,20.0
08618,ZCTA5 08618,35634,29.7,62.2,1.2,3.9,0.6,15.7,20.4,13477,11.8,6.9,8.1,11.2,11.8,13.6,8.5,15.0,5.8,7.3,50390,74542,70.3,268857.4658260975,0.0,0.0,0.0,20.0
08619,ZCTA5 08619,24089,78.4,12.9,1.1,7.3,0.0,14.5,65.1,9924,1.5,2.3,4.2,6.1,7.2,12.4,12.0,23.0,17.3,13.8,105946,126045,21.599999999999994,425307.959205993,0.0116,0.0007707692307692308,31.0,20.0
08620,ZCTA5 08620,11621,85.6,11.2,0.2,1.7,0.0,12.1,74.1,4187,2.4,0.9,6.4,4.3,7.2,12.0,10.7,26.8,9.9,19.3,105368,125066,14.400000000000006,454629.37681531115,0.0,0.0,0.0,20.0
08628,ZCTA5 08628,9831,70.4,24.1,0.5,7.9,0.0,7.8,60.0,4468,2.3,1.1,2.0,6.0,4.3,18.8,12.4,17.3,17.2,18.5,108158,135276,29.599999999999994,421228.9338839073,0.0,0.0,0.0,20.0
08629,ZCTA5 08629,13013,27.1,30.2,7.3,1.4,0.0,59.3,10.4,4296,5.2,0.4,5.4,1.4,16.3,16.9,17.3,26.1,4.6,6.3,82646,94502,72.9,262761.54833851074,0.0,0.0,0.0,20.0
08638,ZCTA5 08638,22816,37.9,48.9,3.3,3.4,0.0,20.5,29.4,9045,12.2,3.6,4.0,7.1,10.2,17.2,12.2,19.0,9.5,5.0,66875,84869,62.1,319614.9562701763,0.0,0.0,0.0,20.0
08640,ZCTA5 08640,7984,65.1,32.2,0.9,3.5,0.2,28.5,38.9,789,1.4,0.1,0.0,4.6,6.8,21.9,17.7,29.8,11.9,5.7,92303,103344,34.900000000000006,,0.0,0.0,0.0,20.0
08641,ZCTA5 08641,4400,78.3,18.0,1.8,4.0,1.7,21.3,55.2,1322,0.2,0.0,2.9,9.4,12.8,26.9,16.2,20.9,3.9,6.9,74071,88869,21.700000000000003,,0.0,0.0,0.0,20.0
08648,ZCTA5 08648,31323,67.8,15.3,0.9,15.9,0.1,15.6,53.8,12030,3.1,0.8,3.6,4.4,7.6,10.4,8.8,18.9,16.9,25.5,125514,152073,32.2,459134.5125661726,0.0081,0.0003019230769230769,32.0,20.0
08690,ZCTA5 08690,18841,85.7,4.8,2.1,6.9,0.3,9.1,78.2,7731,2.1,0.9,5.3,3.1,8.6,11.7,7.2,23.7,15.2,22.2,127339,143621,14.299999999999997,482047.81599553494,0.0116,0.0007707692307692308,31.0,20.0
08691,ZCTA5 08691,16607,66.6,4.5,0.9,29.4,0.2,5.4,59.8,6859,3.0,1.0,4.9,2.3,9.4,9.7,9.9,13.6,14.1,32.2,132520,165069,33.400000000000006,637688.0845610544,0.0116,0.0011133333333333334,31.0,20.0
08701,ZCTA5 08701,139149,89.9,2.8,1.1,1.0,0.1,10.9,83.7,31469,4.2,3.7,7.1,8.4,14.6,17.6,10.6,15.1,8.0,10.7,64959,100999,10.099999999999994,528001.198927269,0.0338,0.000435625,81.0,20.0
08720,ZCTA5 08720,735,93.9,4.1,0.0,4.8,0.0,0.0,89.1,216,15.3,0.0,0.0,0.0,0.0,4.6,10.2,0.0,4.6,65.3,224671,249760,6.099999999999994,957952.9443381996,,,,
08721,ZCTA5 08721,22783,88.9,4.6,0.8,5.3,0.2,10.1,79.8,8458,5.0,1.1,1.6,5.9,5.5,13.5,14.0,21.9,16.3,15.3,105273,123682,11.099999999999994,502633.0244290651,0.0055,8.629032258064515e-05,2.0,20.0
08722,ZCTA5 08722,11088,90.8,4.9,0.4,1.5,0.6,14.7,78.9,4003,1.0,2.4,3.1,2.4,11.5,12.0,12.9,23.9,14.9,15.9,106858,123720,9.200000000000003,445866.8965508578,0.0,0.0,0.0,20.0
08723,ZCTA5 08723,32141,91.5,3.3,1.6,2.5,0.0,14.3,79.5,13015,3.2,1.7,3.6,4.2,7.7,14.3,11.9,25.3,12.9,15.3,108643,124727,8.5,487723.79948917165,0.01,0.00020375,3.0,20.0
08724,ZCTA5 08724,42345,87.2,7.3,0.5,2.6,0.1,11.4,76.3,16734,2.9,1.5,3.7,4.7,8.0,15.3,12.3,21.9,14.6,15.0,103127,125563,12.799999999999997,482548.6332963933,0.01,0.00020375,3.0,20.0
08730,ZCTA5 08730,4956,94.6,2.6,1.6,1.5,0.0,4.3,90.0,1901,0.4,1.5,2.0,1.5,6.9,9.3,9.6,13.0,13.2,42.5,172250,217334,5.400000000000006,1127855.5728960575,0.0045,5.625e-05,2.0,20.0
08731,ZCTA5 08731,21629,95.0,2.2,0.7,1.0,0.2,15.2,81.2,8656,4.2,0.9,3.7,3.8,6.9,15.6,15.5,24.6,10.5,14.3,98582,119316,5.0,473287.2286472774,0.0,0.0,0.0,20.0
08732,ZCTA5 08732,1558,97.3,3.3,0.1,0.0,0.0,3.2,93.4,708,1.7,0.0,2.1,1.8,11.9,10.7,18.4,21.6,9.5,22.3,110000,160363,2.700000000000003,618490.1846854346,,,,
08733,ZCTA5 08733,2816,83.1,13.2,2.6,8.3,0.0,15.5,65.1,1069,7.7,2.6,2.7,6.8,5.9,19.5,11.3,34.1,4.3,5.1,85750,88810,16.900000000000006,370434.432719264,,,,
08734,ZCTA5 08734,7879,97.8,2.0,0.1,0.2,0.0,5.5,91.6,2682,2.2,0.5,1.9,2.5,4.4,20.2,14.0,17.1,19.3,18.0,116000,135645,2.200000000000003,535606.6323290854,0.0,0.0,0.0,20.0
08735,ZCTA5 08735,3451,99.5,3.5,0.1,0.6,0.0,6.8,88.7,2032,3.6,2.5,5.8,7.6,17.5,11.6,7.2,16.6,7.8,19.9,76974,139416,0.5,1089230.62402847,0.0092,0.00023333333333333333,42.0,20.0
08736,ZCTA5 08736,13223,96.2,1.7,1.1,2.1,0.4,5.1,90.6,5214,2.0,1.2,4.3,1.7,5.4,10.1,5.8,13.9,15.2,40.4,174097,219551,3.799999999999997,1100428.4547160957,0.0,0.0,0.0,20.0
08738,ZCTA5 08738,1381,94.7,0.1,0.0,4.1,0.0,2.4,91.4,592,1.0,1.0,3.5,0.2,2.9,4.9,8.1,11.7,6.8,60.0,"250,000+",357159,5.299999999999997,1954833.3357852665,0.0092,0.0002578947368421053,42.0,20.0
08740,ZCTA5 08740,1599,96.2,1.3,0.2,9.0,0.0,0.5,89.0,710,9.4,1.0,9.2,6.2,6.8,20.1,11.7,20.4,4.2,11.0,69397,103640,3.799999999999997,426465.9009701717,,,,
08741,ZCTA5 08741,2709,96.8,1.7,0.1,1.4,0.0,4.2,91.7,1052,0.7,1.0,2.3,3.8,2.4,8.7,15.6,27.3,16.5,21.7,143094,163943,3.200000000000003,540437.0958719641,0.0055,0.00012738095238095238,2.0,20.0
08742,ZCTA5 08742,25732,94.3,0.9,1.9,1.6,0.2,8.4,87.2,10782,2.4,1.1,3.5,3.4,6.7,11.3,12.1,20.2,15.0,24.4,123152,155265,5.700000000000003,777124.0488333179,0.0092,0.00022495462794918332,54.0,20.0
08750,ZCTA5 08750,3483,95.0,5.2,0.0,1.0,0.0,5.2,87.6,1528,3.1,1.6,0.9,1.8,4.9,11.3,16.4,12.7,9.7,37.7,134167,259807,5.0,2157729.2925661337,,,,
08751,ZCTA5 08751,4185,93.6,0.0,0.2,1.4,0.0,13.3,83.6,2211,16.1,2.3,6.8,5.3,6.2,12.2,13.3,12.3,9.2,16.3,77448,108895,6.400000000000006,669099.7926638586,0.0,0.0,0.0,20.0
08752,ZCTA5 08752,2338,96.1,2.2,0.2,1.8,0.1,2.5,92.6,1222,5.0,3.3,3.2,6.1,9.2,21.9,11.4,14.6,5.2,20.2,78750,147716,3.9000000000000057,824585.0657848233,0.0,0.0,0.0,20.0
08753,ZCTA5 08753,65448,87.9,5.3,0.4,4.9,0.1,12.4,76.9,25410,2.5,2.8,4.1,4.3,6.3,13.9,13.6,20.7,14.8,16.9,105224,132696,12.099999999999994,517253.8233635485,0.0098,0.00014857142857142857,6.0,20.0
08755,ZCTA5 08755,29670,81.1,9.7,0.9,5.3,0.0,12.2,72.2,10736,4.0,2.0,5.1,7.7,9.5,16.1,11.1,15.0,12.8,16.7,87575,118225,18.900000000000006,505330.0632651429,0.0098,0.00014857142857142857,6.0,20.0
08757,ZCTA5 08757,36087,86.3,8.0,1.9,2.7,0.2,15.4,74.2,18094,4.7,3.3,10.4,11.5,13.5,21.0,11.6,13.7,6.1,4.2,58319,83681,13.700000000000003,335402.64852052584,0.0098,0.00014857142857142857,6.0,20.0
08758,ZCTA5 08758,7868,97.2,2.0,1.4,1.2,0.0,3.2,92.9,3371,6.6,1.2,5.0,4.4,5.9,9.0,19.1,21.1,15.0,12.7,96900,116694,2.799999999999997,528021.0402339349,0.0,0.0,0.0,20.0
08759,ZCTA5 08759,34237,91.5,5.2,0.5,2.9,0.0,6.1,85.8,19539,4.7,4.6,10.9,14.3,13.4,17.4,10.8,12.9,6.4,4.6,52178,72089,8.5,277205.771021413,0.0113,0.00027499999999999996,13.0,20.0
08801,ZCTA5 08801,7267,84.1,10.3,0.5,7.7,0.0,5.1,76.0,2760,2.3,1.1,0.5,2.2,5.7,12.1,6.0,20.1,16.2,33.8,149839,191396,15.900000000000006,603706.4600591711,0.0122,0.0005858333333333334,52.0,20.0
08802,ZCTA5 08802,4552,96.1,0.2,0.3,1.7,0.0,6.0,89.8,1513,1.1,0.4,0.4,0.3,4.0,10.4,12.8,28.4,15.8,26.3,135689,167723,3.9000000000000057,567791.2173619528,,,,
08804,ZCTA5 08804,3465,79.9,12.3,0.2,0.7,0.0,11.9,71.3,1308,7.8,2.5,7.6,2.4,3.9,9.6,9.5,29.6,10.4,16.7,107333,120148,20.099999999999994,477166.8519543244,0.0,0.0,0.0,20.0
08805,ZCTA5 08805,14066,57.6,9.8,2.9,5.0,0.0,51.8,35.7,5285,1.9,3.4,4.2,4.6,12.0,15.0,11.6,23.2,10.1,13.9,93341,119542,42.4,524859.2920175801,0.0075,0.00025416666666666665,19.0,20.0
08807,ZCTA5 08807,39560,65.7,4.9,0.6,28.0,0.2,11.4,54.6,14195,1.0,1.0,3.4,3.4,5.2,8.3,6.2,16.7,13.2,41.7,168696,190413,34.3,710958.0164330158,0.0075,0.00025416666666666665,19.0,20.0
08809,ZCTA5 08809,6703,81.9,5.6,0.1,9.7,0.0,12.8,70.8,2269,2.2,0.4,1.2,4.9,7.2,8.9,14.1,18.6,11.8,30.7,131250,170559,18.099999999999994,497304.05181175406,0.0122,0.0005858333333333334,52.0,20.0
08810,ZCTA5 08810,7952,38.0,7.5,0.9,52.6,2.2,6.6,31.4,2641,1.6,1.1,1.3,3.1,1.4,3.5,11.0,25.1,17.4,34.6,151902,182748,62.0,618295.9830644255,0.023,0.0011576923076923077,26.0,20.0
08812,ZCTA5 08812,14224,65.3,5.9,1.2,12.3,0.0,34.5,47.9,4730,6.8,2.8,1.4,0.4,12.6,9.5,8.3,17.5,11.5,29.5,118316,157905,34.7,573861.4123504686,0.0075,0.00025416666666666665,19.0,20.0
08816,ZCTA5 08816,49360,56.1,8.1,0.7,31.2,0.6,13.2,47.2,16715,3.5,1.8,2.7,3.4,3.9,9.1,9.5,18.2,13.5,34.4,143586,177538,43.9,589701.081343386,0.006,7.500000000000001e-05,1.0,20.0
08817,ZCTA5 08817,49020,38.5,12.7,0.9,43.8,0.0,15.0,28.9,17411,3.5,1.2,2.6,2.6,7.2,12.3,14.2,24.4,14.1,17.9,110808,131963,61.5,527200.6305189807,0.0073,0.00023944444444444444,19.0,20.0
08820,ZCTA5 08820,39978,19.6,6.2,0.3,73.7,0.5,3.2,16.3,13181,2.8,1.3,2.5,2.2,4.1,8.2,7.9,15.4,12.9,42.6,171363,199999,80.4,795978.1489632054,,,,
08821,ZCTA5 08821,283,92.6,7.4,0.0,0.0,0.0,0.0,92.6,108,0.0,0.0,0.0,0.0,13.0,0.0,0.0,30.6,31.5,25.0,155833,157108,7.400000000000006,,,,,
08822,ZCTA5 08822,32556,84.4,3.1,0.7,8.8,0.0,12.1,75.4,12476,2.8,0.5,4.1,2.7,5.0,9.4,9.6,18.2,14.0,33.7,137788,186290,15.599999999999994,612327.0540930303,0.0095,0.0004205769230769231,45.0,20.0
08823,ZCTA5 08823,8884,29.8,14.2,1.0,47.9,0.0,16.8,18.6,3437,0.3,2.6,3.8,6.2,5.1,13.1,9.2,21.9,16.2,21.7,115597,142841,70.2,399328.1362720243,,,,
08824,ZCTA5 08824,13366,47.7,5.9,0.3,46.0,0.0,6.8,41.0,4489,1.6,1.4,2.4,1.8,3.9,6.5,8.1,17.4,13.4,43.6,174776,213049,52.3,697267.6264231883,0.023,0.0011576923076923077,26.0,20.0
08825,ZCTA5 08825,4735,92.8,1.3,0.2,4.8,0.0,6.1,83.1,2130,4.4,1.5,3.3,5.3,10.8,16.0,6.7,26.9,13.0,12.2,101774,141302,7.200000000000003,560441.0098604508,,,,
08826,ZCTA5 08826,5459,92.7,3.5,0.4,1.9,0.8,13.8,80.9,2223,3.7,2.9,2.3,2.7,6.2,11.2,11.3,20.1,14.3,25.3,123750,153367,7.299999999999997,543387.2610371443,0.0049,0.00026375,5.0,20.0
08827,ZCTA5 08827,4346,91.0,2.3,0.8,5.9,0.0,7.5,82.4,1638,1.1,2.4,6.0,5.7,3.8,5.7,12.0,23.4,17.3,22.5,135625,154466,9.0,575962.7754435838,,,,
08828,ZCTA5 08828,2459,76.5,11.0,1.2,12.2,0.0,9.5,65.5,1074,2.2,0.6,0.9,3.7,12.3,12.0,19.5,24.7,10.1,14.1,98952,122900,23.5,416055.3383209523,,,,
08829,ZCTA5 08829,3580,82.0,7.8,0.2,9.6,0.0,11.6,72.9,1415,1.3,0.7,1.6,1.5,8.2,16.7,10.4,22.3,16.0,21.2,112467,139962,18.0,427078.8838691849,0.0049,0.00026375,5.0,20.0
08830,ZCTA5 08830,19551,31.9,12.0,0.7,49.9,0.0,14.8,23.1,6512,3.5,2.2,3.7,2.6,5.6,11.2,14.8,21.3,15.0,20.1,109500,135542,68.1,521069.8038263542,,,,
08831,ZCTA5 08831,55658,68.2,2.8,0.4,26.5,0.0,10.4,59.7,24083,2.7,2.0,5.7,3.7,8.6,11.3,12.3,16.1,12.9,24.7,109042,153779,31.799999999999997,586774.1730573644,0.0136,0.0005195454545454545,35.0,20.0
08832,ZCTA5 08832,2252,42.9,14.8,0.0,7.1,0.7,66.7,15.1,850,6.4,16.1,10.9,14.4,6.5,11.1,3.1,19.2,6.4,6.1,-,69317,57.1,,,,,
08833,ZCTA5 08833,9184,97.0,1.3,0.3,2.1,0.0,8.6,86.0,3625,1.9,0.9,4.0,2.0,4.8,5.4,7.4,17.2,14.8,41.6,172454,224888,3.0,709464.8904833187,0.0122,0.00065025,47.0,20.0
08835,ZCTA5 08835,10921,74.2,6.3,2.9,4.6,0.1,30.5,60.4,4424,3.9,5.6,5.8,5.5,6.8,15.3,9.8,21.0,11.0,15.3,93333,109463,25.799999999999997,468048.34999099147,0.0075,0.00025416666666666665,19.0,20.0
08836,ZCTA5 08836,3855,81.1,0.1,0.4,26.9,0.0,6.5,62.9,1261,1.0,0.8,0.0,0.9,2.0,9.6,5.2,9.7,11.7,59.2,229726,294439,18.900000000000006,847294.7943876218,0.0075,0.00025416666666666665,19.0,20.0
08837,ZCTA5 08837,19437,41.9,12.2,1.8,41.4,0.0,17.7,29.3,7597,2.5,1.3,5.3,5.8,5.5,15.2,10.3,18.0,18.7,17.3,102605,136791,58.1,513187.21728622774,,,,
08840,ZCTA5 08840,18206,67.9,10.4,1.2,24.1,0.0,10.7,53.4,6378,3.5,1.2,1.9,2.9,3.9,11.0,9.7,16.6,16.1,33.2,146635,187900,32.099999999999994,651323.4313810923,0.0073,0.0002515,11.0,20.0
08844,ZCTA5 08844,44463,69.7,4.9,2.1,23.9,0.1,11.2,58.4,16497,2.1,0.7,2.7,2.4,3.2,6.4,10.4,20.8,14.2,37.0,153556,193632,30.299999999999997,665291.4179403981,0.0075,0.00025416666666666665,19.0,20.0
08846,ZCTA5 08846,14645,69.2,6.2,1.4,14.2,0.0,24.3,54.2,5718,2.4,2.6,6.0,3.2,6.4,12.5,11.7,23.8,12.8,18.7,105000,130198,30.799999999999997,500141.69331124617,0.0075,0.00025416666666666665,19.0,20.0
08848,ZCTA5 08848,8134,93.4,2.1,0.8,1.0,0.0,6.2,90.1,2909,3.6,1.8,1.2,2.5,6.7,10.3,7.5,25.7,19.4,21.2,138614,153627,6.599999999999994,511440.6288495708,,,,
08850,ZCTA5 08850,8538,85.1,3.2,0.9,6.8,0.0,12.8,74.4,3149,1.1,0.1,1.7,4.0,3.2,14.0,5.2,25.5,12.2,32.9,141601,163715,14.900000000000006,567033.9298733902,0.0129,0.00097375,13.0,20.0
08852,ZCTA5 08852,18062,32.4,9.0,0.7,56.3,0.0,8.8,27.3,6694,1.6,2.0,4.8,2.4,5.5,11.4,7.8,21.0,11.6,31.9,133209,172196,67.6,659781.2896773765,0.023,0.0011576923076923077,26.0,20.0
08853,ZCTA5 08853,5634,74.7,12.1,0.1,15.4,0.0,9.7,62.3,1984,0.5,0.0,2.6,2.0,2.5,3.2,12.4,11.8,10.0,55.0,220725,213320,25.299999999999997,838472.728996702,,,,
08854,ZCTA5 08854,61088,38.2,23.9,0.6,32.1,0.1,15.1,30.4,17600,1.2,1.0,2.4,3.8,4.8,12.8,12.6,21.1,16.9,23.3,127806,149887,61.8,563800.9276167847,0.0075,0.00025416666666666665,19.0,20.0
08857,ZCTA5 08857,40891,74.1,9.1,0.6,15.1,0.5,15.6,61.0,15740,3.0,1.4,3.1,3.6,6.6,16.0,10.9,19.8,13.3,22.2,109312,141657,25.900000000000006,603339.0684743571,0.0093,0.00025218749999999997,16.0,20.0
08858,ZCTA5 08858,20,100.0,0.0,0.0,0.0,0.0,0.0,100.0,20,0.0,0.0,0.0,0.0,0.0,0.0,0.0,100.0,0.0,0.0,-,N,0.0,,,,,
08859,ZCTA5 08859,25448,58.2,21.7,1.7,19.3,0.1,19.9,42.2,9123,2.2,2.3,4.1,4.3,6.5,14.9,16.0,22.5,11.8,15.5,99882,125854,41.8,499453.7104719977,0.0093,0.00025218749999999997,16.0,20.0
08861,ZCTA5 08861,59351,36.9,11.8,3.6,3.4,0.2,81.6,8.8,20596,5.5,7.1,9.4,5.9,12.0,16.7,12.8,16.1,7.9,6.5,64491,82468,63.1,479294.03846968507,0.019,0.002175,23.0,20.0
08863,ZCTA5 08863,12771,51.7,18.2,3.1,18.3,0.2,24.0,42.0,4744,4.6,1.6,1.5,6.2,3.9,11.1,12.9,22.4,16.3,19.6,115861,148006,48.3,492731.59218487126,,,,
08865,ZCTA5 08865,31427,80.6,15.8,1.6,3.1,0.3,13.3,67.9,13467,7.3,2.8,7.8,6.8,7.4,14.9,12.7,20.8,10.7,8.8,79949,97369,19.400000000000006,333296.9153714977,0.0,0.0,0.0,20.0
08867,ZCTA5 08867,5204,88.9,0.0,0.0,12.0,0.0,4.5,83.5,1812,1.4,0.0,1.5,2.9,1.4,5.1,5.3,17.8,10.7,53.8,204583,233103,11.099999999999994,716310.0537927783,,,,
08869,ZCTA5 08869,8368,67.7,7.7,0.3,24.2,0.0,21.7,47.0,3326,3.9,0.4,2.2,6.0,7.2,12.6,12.4,20.7,14.0,20.5,107672,143639,32.3,535758.4241834871,0.0075,0.00025416666666666665,19.0,20.0
08872,ZCTA5 08872,20204,54.9,15.7,1.4,18.7,0.4,18.4,45.7,7449,3.3,1.2,3.9,5.5,11.3,12.7,13.4,17.5,13.1,18.2,97489,123238,45.1,501371.0316063866,0.0093,0.00042249999999999997,6.0,20.0
08873,ZCTA5 08873,56327,37.5,30.9,1.2,21.8,0.2,20.1,27.3,21831,2.8,1.2,3.7,2.2,5.0,10.5,11.9,23.0,15.7,23.9,124972,156289,62.5,553992.8365798417,0.009,0.0005233333333333333,26.0,20.0
08876,ZCTA5 08876,23380,73.4,9.7,0.7,12.4,0.0,14.8,62.1,9885,2.5,1.8,2.4,5.5,3.9,9.9,13.9,22.1,15.6,22.5,122884,152500,26.599999999999994,590768.2807230377,0.0075,0.00025416666666666665,19.0,20.0
08879,ZCTA5 08879,23556,74.9,17.0,1.0,7.2,0.1,24.8,55.7,9344,2.0,2.0,5.5,4.6,12.8,13.5,12.8,20.7,14.3,11.8,92786,110107,25.099999999999994,495669.177444724,0.0093,0.00025218749999999997,16.0,20.0
08880,ZCTA5 08880,4867,65.9,18.2,0.2,7.3,0.0,35.3,38.1,1780,6.4,0.0,4.3,6.4,4.4,10.7,12.1,34.7,8.8,12.2,112961,106864,34.099999999999994,459888.49154743337,0.0075,0.00025416666666666665,19.0,20.0
08882,ZCTA5 08882,16124,64.0,15.7,1.9,4.6,0.2,24.5,52.8,5574,2.5,3.0,2.8,7.9,8.2,15.4,12.2,19.0,11.2,17.7,96147,121707,36.0,508912.4930500872,0.0084,0.00036,8.0,20.0
08884,ZCTA5 08884,8187,86.2,3.3,1.1,7.5,0.1,15.0,74.3,3323,1.1,3.3,6.2,6.5,8.3,11.9,9.7,21.4,13.6,18.0,104702,128719,13.799999999999997,533684.7038909512,0.0091,0.00071375,13.0,20.0
08886,ZCTA5 08886,6435,81.8,9.1,0.2,10.6,0.4,14.6,67.8,2227,2.4,0.0,2.5,3.6,2.6,8.5,5.5,21.3,16.9,36.6,161168,184346,18.200000000000003,478431.3043761566,0.0,0.0,0.0,20.0
08887,ZCTA5 08887,1380,89.1,4.8,0.2,11.9,0.0,23.6,55.9,570,6.3,0.0,0.0,7.4,16.8,3.0,12.1,23.3,14.2,16.8,109333,125266,10.900000000000006,323829.6734847455,,,,
08889,ZCTA5 08889,10193,90.4,1.4,0.3,8.2,0.0,8.9,79.2,4333,3.2,1.4,1.9,3.3,3.8,16.0,7.4,10.8,16.0,36.1,157781,192863,9.599999999999994,691436.4258535256,0.0075,0.00025416666666666665,19.0,20.0
08890,ZCTA5 08890,17,0.0,47.1,0.0,52.9,0.0,0.0,0.0,0,-,-,-,-,-,-,-,-,-,-,-,-,100.0,,,,,
08901,ZCTA5 08901,57263,37.6,15.2,10.7,9.1,0.1,53.9,23.6,15676,12.3,5.2,10.1,7.0,8.9,10.2,11.0,17.8,8.7,8.8,65810,87892,62.4,439987.6765221288,0.0077,0.00081875,14.0,20.0
08902,ZCTA5 08902,43932,35.8,23.9,0.8,23.3,0.1,29.0,25.7,15398,2.9,1.6,3.8,4.5,7.3,11.1,9.9,19.8,16.2,22.9,121071,141707,64.2,520066.1723021924,0.0,0.0,0.0,20.0
08904,ZCTA5 08904,15121,64.2,4.6,1.7,22.9,0.0,15.8,55.1,6436,5.5,2.8,5.0,1.5,4.6,11.7,17.1,17.5,13.3,20.9,104694,137118,35.8,545713.3132906184,0.0054,6.75e-05,1.0,20.0
